station_id,recorded_at,voltage_kv,load_percent,temperature_c,quality,source,sequence_number
EG-001,2026-03-01T00:00:00Z,66.937,52.784,42.265,ok,demo-generator,1
EG-001,2026-03-01T00:15:00Z,66.857,53.758,42.174,ok,demo-generator,2
EG-001,2026-03-01T00:30:00Z,66.869,54.657,43.619,ok,demo-generator,3
EG-001,2026-03-01T00:45:00Z,67.006,53.309,43.766,ok,demo-generator,4
EG-001,2026-03-01T01:00:00Z,66.676,54.687,43.589,ok,demo-generator,5
EG-001,2026-03-01T01:15:00Z,66.650,56.835,45.057,ok,demo-generator,6
EG-001,2026-03-01T01:30:00Z,66.415,56.938,44.867,ok,demo-generator,7
EG-001,2026-03-01T01:45:00Z,66.555,54.580,45.223,ok,demo-generator,8
EG-001,2026-03-01T02:00:00Z,67.043,55.335,45.605,ok,demo-generator,9
EG-001,2026-03-01T02:15:00Z,66.744,55.817,45.570,ok,demo-generator,10
EG-001,2026-03-01T02:30:00Z,66.866,56.410,47.107,ok,demo-generator,11
EG-001,2026-03-01T02:45:00Z,67.043,55.563,48.016,ok,demo-generator,12
EG-001,2026-03-01T03:00:00Z,67.085,54.739,47.626,ok,demo-generator,13
EG-001,2026-03-01T03:15:00Z,66.954,54.360,47.614,ok,demo-generator,14
EG-001,2026-03-01T03:30:00Z,67.093,55.631,48.912,ok,demo-generator,15
EG-001,2026-03-01T03:45:00Z,67.232,56.104,48.264,ok,demo-generator,16
EG-001,2026-03-01T04:00:00Z,66.845,54.589,48.617,ok,demo-generator,17
EG-001,2026-03-01T04:15:00Z,67.052,56.057,51.078,ok,demo-generator,18
EG-001,2026-03-01T04:30:00Z,66.788,55.678,49.477,ok,demo-generator,19
EG-001,2026-03-01T04:45:00Z,67.095,55.707,49.820,ok,demo-generator,20
EG-001,2026-03-01T05:00:00Z,67.210,56.775,51.776,ok,demo-generator,21
EG-001,2026-03-01T05:15:00Z,66.941,55.406,51.040,ok,demo-generator,22
EG-001,2026-03-01T05:30:00Z,66.726,56.892,51.404,ok,demo-generator,23
EG-001,2026-03-01T05:45:00Z,66.782,54.786,50.965,ok,demo-generator,24
EG-001,2026-03-01T06:00:00Z,67.093,55.845,52.340,ok,demo-generator,25
EG-001,2026-03-01T06:15:00Z,66.947,55.423,53.129,ok,demo-generator,26
EG-001,2026-03-01T06:30:00Z,67.104,56.087,53.183,ok,demo-generator,27
EG-001,2026-03-01T06:45:00Z,66.827,57.245,54.352,ok,demo-generator,28
EG-001,2026-03-01T07:00:00Z,66.679,56.689,54.569,ok,demo-generator,29
EG-001,2026-03-01T07:15:00Z,66.972,58.949,54.786,ok,demo-generator,30
EG-001,2026-03-01T07:30:00Z,66.840,56.906,55.664,ok,demo-generator,31
EG-001,2026-03-01T07:45:00Z,66.568,60.052,56.108,ok,demo-generator,32
EG-001,2026-03-01T08:00:00Z,66.450,58.626,54.669,ok,demo-generator,33
EG-001,2026-03-01T08:15:00Z,66.488,58.152,55.360,ok,demo-generator,34
EG-001,2026-03-01T08:30:00Z,66.863,59.466,55.852,ok,demo-generator,35
EG-001,2026-03-01T08:45:00Z,66.746,60.325,56.179,ok,demo-generator,36
EG-001,2026-03-01T09:00:00Z,66.280,61.202,57.112,ok,demo-generator,37
EG-001,2026-03-01T09:15:00Z,66.429,62.772,57.496,ok,demo-generator,38
EG-001,2026-03-01T09:30:00Z,66.778,61.627,56.403,ok,demo-generator,39
EG-001,2026-03-01T09:45:00Z,66.199,63.195,57.925,ok,demo-generator,40
EG-001,2026-03-01T10:00:00Z,66.574,60.885,57.075,ok,demo-generator,41
EG-001,2026-03-01T10:15:00Z,66.588,62.615,56.896,ok,demo-generator,42
EG-001,2026-03-01T10:30:00Z,66.491,60.994,56.866,ok,demo-generator,43
EG-001,2026-03-01T10:45:00Z,66.634,60.348,55.863,ok,demo-generator,44
EG-001,2026-03-01T11:00:00Z,66.214,62.238,56.716,ok,demo-generator,45
EG-001,2026-03-01T11:15:00Z,66.425,60.682,54.541,ok,demo-generator,46
EG-001,2026-03-01T11:30:00Z,66.650,59.499,53.830,ok,demo-generator,47
EG-001,2026-03-01T11:45:00Z,66.538,59.300,55.219,ok,demo-generator,48
EG-001,2026-03-01T12:00:00Z,66.293,57.797,52.774,ok,demo-generator,49
EG-001,2026-03-01T12:15:00Z,66.036,56.852,52.433,ok,demo-generator,50
EG-001,2026-03-01T12:30:00Z,66.206,55.665,52.421,ok,demo-generator,51
EG-001,2026-03-01T12:45:00Z,66.536,53.884,50.622,ok,demo-generator,52
EG-001,2026-03-01T13:00:00Z,66.310,53.918,51.272,ok,demo-generator,53
EG-001,2026-03-01T13:15:00Z,66.361,53.847,50.106,ok,demo-generator,54
EG-001,2026-03-01T13:30:00Z,66.650,52.793,49.335,ok,demo-generator,55
EG-001,2026-03-01T13:45:00Z,66.514,49.586,47.237,ok,demo-generator,56
EG-001,2026-03-01T14:00:00Z,66.826,47.500,46.415,ok,demo-generator,57
EG-001,2026-03-01T14:15:00Z,66.761,45.816,45.414,ok,demo-generator,58
EG-001,2026-03-01T14:30:00Z,66.429,47.543,46.277,ok,demo-generator,59
EG-001,2026-03-01T14:45:00Z,66.426,44.247,44.874,ok,demo-generator,60
EG-001,2026-03-01T15:00:00Z,66.776,43.449,43.682,ok,demo-generator,61
EG-001,2026-03-01T15:15:00Z,66.933,42.894,43.073,ok,demo-generator,62
EG-001,2026-03-01T15:30:00Z,66.521,40.684,41.979,ok,demo-generator,63
EG-001,2026-03-01T15:45:00Z,66.766,39.798,41.849,ok,demo-generator,64
EG-001,2026-03-01T16:00:00Z,66.967,37.492,40.981,ok,demo-generator,65
EG-001,2026-03-01T16:15:00Z,66.803,37.927,39.347,ok,demo-generator,66
EG-001,2026-03-01T16:30:00Z,66.765,37.549,39.749,ok,demo-generator,67
EG-001,2026-03-01T16:45:00Z,66.819,33.692,37.211,ok,demo-generator,68
EG-001,2026-03-01T17:00:00Z,66.806,35.593,37.140,ok,demo-generator,69
EG-001,2026-03-01T17:15:00Z,67.115,32.488,36.628,ok,demo-generator,70
EG-001,2026-03-01T17:30:00Z,67.019,33.057,37.446,ok,demo-generator,71
EG-001,2026-03-01T17:45:00Z,66.758,33.335,36.704,ok,demo-generator,72
EG-001,2026-03-01T18:00:00Z,67.137,34.334,35.282,ok,demo-generator,73
EG-001,2026-03-01T18:15:00Z,67.280,32.765,35.798,ok,demo-generator,74
EG-001,2026-03-01T18:30:00Z,67.388,33.450,35.405,ok,demo-generator,75
EG-001,2026-03-01T18:45:00Z,67.190,31.527,35.231,ok,demo-generator,76
EG-001,2026-03-01T19:00:00Z,66.967,34.736,35.141,ok,demo-generator,77
EG-001,2026-03-01T19:15:00Z,66.781,34.804,33.971,ok,demo-generator,78
EG-001,2026-03-01T19:30:00Z,66.668,35.411,34.079,ok,demo-generator,79
EG-001,2026-03-01T19:45:00Z,67.023,34.653,35.031,ok,demo-generator,80
EG-001,2026-03-01T20:00:00Z,66.770,37.682,34.540,ok,demo-generator,81
EG-001,2026-03-01T20:15:00Z,66.909,38.726,34.885,ok,demo-generator,82
EG-001,2026-03-01T20:30:00Z,66.731,40.015,36.092,ok,demo-generator,83
EG-001,2026-03-01T20:45:00Z,66.559,41.252,36.757,ok,demo-generator,84
EG-001,2026-03-01T21:00:00Z,67.153,39.881,34.784,ok,demo-generator,85
EG-001,2026-03-01T21:15:00Z,66.821,42.642,36.093,ok,demo-generator,86
EG-001,2026-03-01T21:30:00Z,66.507,44.477,37.587,ok,demo-generator,87
EG-001,2026-03-01T21:45:00Z,66.384,45.838,38.586,ok,demo-generator,88
EG-001,2026-03-01T22:00:00Z,66.546,44.714,36.278,ok,demo-generator,89
EG-001,2026-03-01T22:15:00Z,66.648,46.552,38.671,ok,demo-generator,90
EG-001,2026-03-01T22:30:00Z,66.463,49.009,39.587,ok,demo-generator,91
EG-001,2026-03-01T22:45:00Z,66.919,50.258,38.521,ok,demo-generator,92
EG-001,2026-03-01T23:00:00Z,66.953,49.619,40.016,ok,demo-generator,93
EG-001,2026-03-01T23:15:00Z,66.806,51.344,40.356,ok,demo-generator,94
EG-001,2026-03-01T23:30:00Z,66.613,52.988,41.706,ok,demo-generator,95
EG-001,2026-03-01T23:45:00Z,66.301,51.986,40.253,ok,demo-generator,96
EG-001,2026-03-02T00:00:00Z,66.475,54.504,41.995,ok,demo-generator,97
EG-001,2026-03-02T00:15:00Z,66.810,54.017,41.303,ok,demo-generator,98
EG-001,2026-03-02T00:30:00Z,66.386,55.860,43.351,ok,demo-generator,99
EG-001,2026-03-02T00:45:00Z,66.804,56.401,44.618,ok,demo-generator,100
EG-001,2026-03-02T01:00:00Z,66.950,55.873,44.134,ok,demo-generator,101
EG-001,2026-03-02T01:15:00Z,66.622,53.823,44.677,ok,demo-generator,102
EG-001,2026-03-02T01:30:00Z,66.931,57.459,45.797,ok,demo-generator,103
EG-001,2026-03-02T01:45:00Z,66.482,56.922,44.939,ok,demo-generator,104
EG-001,2026-03-02T02:00:00Z,66.706,54.987,46.238,ok,demo-generator,105
EG-001,2026-03-02T02:15:00Z,66.644,56.545,46.771,ok,demo-generator,106
EG-001,2026-03-02T02:30:00Z,66.706,56.001,46.129,ok,demo-generator,107
EG-001,2026-03-02T02:45:00Z,67.025,54.904,47.308,ok,demo-generator,108
EG-001,2026-03-02T03:00:00Z,66.706,54.593,46.197,ok,demo-generator,109
EG-001,2026-03-02T03:15:00Z,67.123,55.222,48.795,ok,demo-generator,110
EG-001,2026-03-02T03:30:00Z,66.778,56.004,47.570,ok,demo-generator,111
EG-001,2026-03-02T03:45:00Z,66.877,56.720,50.053,ok,demo-generator,112
EG-001,2026-03-02T04:00:00Z,67.131,54.189,48.881,ok,demo-generator,113
EG-001,2026-03-02T04:15:00Z,67.008,54.869,50.058,ok,demo-generator,114
EG-001,2026-03-02T04:30:00Z,67.024,54.026,50.494,ok,demo-generator,115
EG-001,2026-03-02T04:45:00Z,66.576,57.348,51.488,ok,demo-generator,116
EG-001,2026-03-02T05:00:00Z,67.078,56.421,50.554,ok,demo-generator,117
EG-001,2026-03-02T05:15:00Z,66.669,56.975,52.375,ok,demo-generator,118
EG-001,2026-03-02T05:30:00Z,66.985,57.768,53.179,ok,demo-generator,119
EG-001,2026-03-02T05:45:00Z,67.085,57.919,52.812,ok,demo-generator,120
EG-001,2026-03-02T06:00:00Z,67.049,57.831,53.652,ok,demo-generator,121
EG-001,2026-03-02T06:15:00Z,66.644,56.626,53.833,ok,demo-generator,122
EG-001,2026-03-02T06:30:00Z,66.586,57.887,54.429,ok,demo-generator,123
EG-001,2026-03-02T06:45:00Z,66.966,58.318,53.951,ok,demo-generator,124
EG-001,2026-03-02T07:00:00Z,67.133,58.352,54.773,ok,demo-generator,125
EG-001,2026-03-02T07:15:00Z,66.715,58.575,53.903,ok,demo-generator,126
EG-001,2026-03-02T07:30:00Z,66.674,59.853,56.175,ok,demo-generator,127
EG-001,2026-03-02T07:45:00Z,66.960,58.121,55.370,ok,demo-generator,128
EG-001,2026-03-02T08:00:00Z,66.828,59.229,55.439,ok,demo-generator,129
EG-001,2026-03-02T08:15:00Z,66.739,58.163,55.241,ok,demo-generator,130
EG-001,2026-03-02T08:30:00Z,66.214,61.578,57.256,ok,demo-generator,131
EG-001,2026-03-02T08:45:00Z,66.284,60.554,57.175,ok,demo-generator,132
EG-001,2026-03-02T09:00:00Z,66.288,59.349,56.304,ok,demo-generator,133
EG-001,2026-03-02T09:15:00Z,66.442,61.947,56.418,ok,demo-generator,134
EG-001,2026-03-02T09:30:00Z,66.216,62.584,56.425,ok,demo-generator,135
EG-001,2026-03-02T09:45:00Z,66.023,62.988,56.885,ok,demo-generator,136
EG-001,2026-03-02T10:00:00Z,66.303,62.688,56.183,ok,demo-generator,137
EG-001,2026-03-02T10:15:00Z,66.531,61.994,57.027,ok,demo-generator,138
EG-001,2026-03-02T10:30:00Z,66.257,61.457,56.004,ok,demo-generator,139
EG-001,2026-03-02T10:45:00Z,66.663,60.246,54.560,ok,demo-generator,140
EG-001,2026-03-02T11:00:00Z,66.352,61.904,56.599,ok,demo-generator,141
EG-001,2026-03-02T11:15:00Z,65.990,61.248,54.721,ok,demo-generator,142
EG-001,2026-03-02T11:30:00Z,66.596,60.566,55.850,ok,demo-generator,143
EG-001,2026-03-02T11:45:00Z,66.650,57.458,54.704,ok,demo-generator,144
EG-001,2026-03-02T12:00:00Z,66.488,59.133,54.714,ok,demo-generator,145
EG-001,2026-03-02T12:15:00Z,66.220,56.806,53.303,ok,demo-generator,146
EG-001,2026-03-02T12:30:00Z,66.224,54.673,52.811,ok,demo-generator,147
EG-001,2026-03-02T12:45:00Z,66.609,54.742,52.223,ok,demo-generator,148
EG-001,2026-03-02T13:00:00Z,66.191,54.733,51.435,ok,demo-generator,149
EG-001,2026-03-02T13:15:00Z,66.169,51.010,49.981,ok,demo-generator,150
EG-001,2026-03-02T13:30:00Z,66.340,50.627,49.447,ok,demo-generator,151
EG-001,2026-03-02T13:45:00Z,66.220,49.388,47.742,ok,demo-generator,152
EG-001,2026-03-02T14:00:00Z,66.202,48.947,46.990,ok,demo-generator,153
EG-001,2026-03-02T14:15:00Z,66.661,47.864,47.576,ok,demo-generator,154
EG-001,2026-03-02T14:30:00Z,66.305,46.762,45.918,ok,demo-generator,155
EG-001,2026-03-02T14:45:00Z,66.525,43.627,44.654,ok,demo-generator,156
EG-001,2026-03-02T15:00:00Z,66.944,41.828,44.025,ok,demo-generator,157
EG-001,2026-03-02T15:15:00Z,66.438,40.770,42.376,ok,demo-generator,158
EG-001,2026-03-02T15:30:00Z,67.037,41.878,41.626,ok,demo-generator,159
EG-001,2026-03-02T15:45:00Z,66.648,40.017,41.637,ok,demo-generator,160
EG-001,2026-03-02T16:00:00Z,66.952,39.282,40.294,ok,demo-generator,161
EG-001,2026-03-02T16:15:00Z,66.772,36.200,39.574,ok,demo-generator,162
EG-001,2026-03-02T16:30:00Z,66.565,37.260,38.863,ok,demo-generator,163
EG-001,2026-03-02T16:45:00Z,67.372,33.686,37.266,ok,demo-generator,164
EG-001,2026-03-02T17:00:00Z,67.138,34.409,37.934,ok,demo-generator,165
EG-001,2026-03-02T17:15:00Z,66.829,35.092,38.040,ok,demo-generator,166
EG-001,2026-03-02T17:30:00Z,66.749,32.169,36.887,ok,demo-generator,167
EG-001,2026-03-02T17:45:00Z,67.206,33.540,35.817,ok,demo-generator,168
EG-001,2026-03-02T18:00:00Z,66.927,33.921,35.605,ok,demo-generator,169
EG-001,2026-03-02T18:15:00Z,66.690,33.592,35.072,ok,demo-generator,170
EG-001,2026-03-02T18:30:00Z,66.684,34.751,36.140,ok,demo-generator,171
EG-001,2026-03-02T18:45:00Z,66.820,31.783,33.649,ok,demo-generator,172
EG-001,2026-03-02T19:00:00Z,66.873,32.350,34.036,ok,demo-generator,173
EG-001,2026-03-02T19:15:00Z,66.947,34.551,34.908,ok,demo-generator,174
EG-001,2026-03-02T19:30:00Z,66.918,33.791,33.384,ok,demo-generator,175
EG-001,2026-03-02T19:45:00Z,66.840,34.715,34.793,ok,demo-generator,176
EG-001,2026-03-02T20:00:00Z,67.098,36.058,35.350,ok,demo-generator,177
EG-001,2026-03-02T20:15:00Z,66.729,39.170,35.284,ok,demo-generator,178
EG-001,2026-03-02T20:30:00Z,67.267,37.766,35.669,ok,demo-generator,179
EG-001,2026-03-02T20:45:00Z,66.940,39.737,36.383,ok,demo-generator,180
EG-001,2026-03-02T21:00:00Z,66.636,41.388,35.086,ok,demo-generator,181
EG-001,2026-03-02T21:15:00Z,66.666,42.102,35.488,ok,demo-generator,182
EG-001,2026-03-02T21:30:00Z,67.131,41.582,35.928,ok,demo-generator,183
EG-001,2026-03-02T21:45:00Z,66.579,44.228,37.986,ok,demo-generator,184
EG-001,2026-03-02T22:00:00Z,66.395,45.754,36.806,ok,demo-generator,185
EG-001,2026-03-02T22:15:00Z,66.646,46.873,37.305,ok,demo-generator,186
EG-001,2026-03-02T22:30:00Z,66.773,48.312,39.664,ok,demo-generator,187
EG-001,2026-03-02T22:45:00Z,67.052,48.028,39.326,ok,demo-generator,188
EG-001,2026-03-02T23:00:00Z,66.981,49.690,39.935,ok,demo-generator,189
EG-001,2026-03-02T23:15:00Z,66.874,51.791,40.652,ok,demo-generator,190
EG-001,2026-03-02T23:30:00Z,66.627,51.745,41.509,ok,demo-generator,191
EG-001,2026-03-02T23:45:00Z,66.690,52.971,40.752,ok,demo-generator,192
EG-002,2026-03-01T00:00:00Z,67.505,43.438,39.171,ok,demo-generator,1
EG-002,2026-03-01T00:15:00Z,67.076,43.713,39.198,ok,demo-generator,2
EG-002,2026-03-01T00:30:00Z,67.227,43.803,38.727,ok,demo-generator,3
EG-002,2026-03-01T00:45:00Z,67.175,42.385,40.522,ok,demo-generator,4
EG-002,2026-03-01T01:00:00Z,67.672,42.282,40.543,ok,demo-generator,5
EG-002,2026-03-01T01:15:00Z,67.458,43.758,39.915,ok,demo-generator,6
EG-002,2026-03-01T01:30:00Z,67.652,41.942,39.586,ok,demo-generator,7
EG-002,2026-03-01T01:45:00Z,67.804,41.439,39.860,ok,demo-generator,8
EG-002,2026-03-01T02:00:00Z,67.319,41.569,40.902,ok,demo-generator,9
EG-002,2026-03-01T02:15:00Z,67.496,41.771,42.718,ok,demo-generator,10
EG-002,2026-03-01T02:30:00Z,67.269,41.795,41.988,ok,demo-generator,11
EG-002,2026-03-01T02:45:00Z,67.568,42.672,42.472,ok,demo-generator,12
EG-002,2026-03-01T03:00:00Z,67.374,42.443,42.674,ok,demo-generator,13
EG-002,2026-03-01T03:15:00Z,67.363,42.485,44.497,ok,demo-generator,14
EG-002,2026-03-01T03:30:00Z,67.678,43.581,45.179,ok,demo-generator,15
EG-002,2026-03-01T03:45:00Z,67.938,41.938,45.012,ok,demo-generator,16
EG-002,2026-03-01T04:00:00Z,67.891,43.199,46.014,ok,demo-generator,17
EG-002,2026-03-01T04:15:00Z,67.580,44.888,47.494,ok,demo-generator,18
EG-002,2026-03-01T04:30:00Z,67.833,44.800,46.215,ok,demo-generator,19
EG-002,2026-03-01T04:45:00Z,67.711,43.715,47.439,ok,demo-generator,20
EG-002,2026-03-01T05:00:00Z,67.505,45.845,48.458,ok,demo-generator,21
EG-002,2026-03-01T05:15:00Z,67.503,46.388,47.628,ok,demo-generator,22
EG-002,2026-03-01T05:30:00Z,67.700,47.481,49.025,ok,demo-generator,23
EG-002,2026-03-01T05:45:00Z,67.153,49.055,49.843,ok,demo-generator,24
EG-002,2026-03-01T06:00:00Z,67.267,49.710,51.481,ok,demo-generator,25
EG-002,2026-03-01T06:15:00Z,67.056,53.072,52.181,ok,demo-generator,26
EG-002,2026-03-01T06:30:00Z,66.795,54.179,52.343,ok,demo-generator,27
EG-002,2026-03-01T06:45:00Z,66.789,53.322,52.458,ok,demo-generator,28
EG-002,2026-03-01T07:00:00Z,66.973,56.595,55.072,ok,demo-generator,29
EG-002,2026-03-01T07:15:00Z,66.563,57.387,53.975,ok,demo-generator,30
EG-002,2026-03-01T07:30:00Z,66.865,57.473,54.509,ok,demo-generator,31
EG-002,2026-03-01T07:45:00Z,66.883,60.238,56.515,ok,demo-generator,32
EG-002,2026-03-01T08:00:00Z,66.849,60.945,57.049,ok,demo-generator,33
EG-002,2026-03-01T08:15:00Z,66.627,62.659,56.219,ok,demo-generator,34
EG-002,2026-03-01T08:30:00Z,66.229,61.487,55.755,ok,demo-generator,35
EG-002,2026-03-01T08:45:00Z,66.327,62.512,56.114,ok,demo-generator,36
EG-002,2026-03-01T09:00:00Z,66.348,64.759,58.066,ok,demo-generator,37
EG-002,2026-03-01T09:15:00Z,65.766,66.910,58.484,ok,demo-generator,38
EG-002,2026-03-01T09:30:00Z,66.158,65.248,58.339,ok,demo-generator,39
EG-002,2026-03-01T09:45:00Z,65.954,67.535,59.444,ok,demo-generator,40
EG-002,2026-03-01T10:00:00Z,66.017,68.509,57.723,ok,demo-generator,41
EG-002,2026-03-01T10:15:00Z,65.666,66.601,58.047,ok,demo-generator,42
EG-002,2026-03-01T10:30:00Z,66.175,67.931,57.503,ok,demo-generator,43
EG-002,2026-03-01T10:45:00Z,66.048,68.952,57.499,ok,demo-generator,44
EG-002,2026-03-01T11:00:00Z,65.881,68.035,56.697,ok,demo-generator,45
EG-002,2026-03-01T11:15:00Z,65.553,67.699,58.212,ok,demo-generator,46
EG-002,2026-03-01T11:30:00Z,65.992,67.896,57.411,ok,demo-generator,47
EG-002,2026-03-01T11:45:00Z,66.121,65.503,55.595,ok,demo-generator,48
EG-002,2026-03-01T12:00:00Z,65.561,65.334,54.893,ok,demo-generator,49
EG-002,2026-03-01T12:15:00Z,65.616,66.763,56.679,ok,demo-generator,50
EG-002,2026-03-01T12:30:00Z,65.761,63.535,54.593,ok,demo-generator,51
EG-002,2026-03-01T12:45:00Z,65.722,64.495,54.125,ok,demo-generator,52
EG-002,2026-03-01T13:00:00Z,65.919,63.227,52.968,ok,demo-generator,53
EG-002,2026-03-01T13:15:00Z,65.768,61.397,52.937,ok,demo-generator,54
EG-002,2026-03-01T13:30:00Z,65.820,58.564,51.540,ok,demo-generator,55
EG-002,2026-03-01T13:45:00Z,66.210,58.597,51.929,ok,demo-generator,56
EG-002,2026-03-01T14:00:00Z,65.890,55.539,48.591,ok,demo-generator,57
EG-002,2026-03-01T14:15:00Z,66.102,55.876,49.894,ok,demo-generator,58
EG-002,2026-03-01T14:30:00Z,65.831,54.446,48.153,ok,demo-generator,59
EG-002,2026-03-01T14:45:00Z,66.258,52.534,47.313,ok,demo-generator,60
EG-002,2026-03-01T15:00:00Z,66.351,53.368,46.729,ok,demo-generator,61
EG-002,2026-03-01T15:15:00Z,66.132,50.359,45.340,ok,demo-generator,62
EG-002,2026-03-01T15:30:00Z,66.314,47.581,44.006,ok,demo-generator,63
EG-002,2026-03-01T15:45:00Z,66.025,47.183,44.813,ok,demo-generator,64
EG-002,2026-03-01T16:00:00Z,66.457,47.291,43.762,ok,demo-generator,65
EG-002,2026-03-01T16:15:00Z,66.176,46.471,42.886,ok,demo-generator,66
EG-002,2026-03-01T16:30:00Z,66.267,43.869,41.164,ok,demo-generator,67
EG-002,2026-03-01T16:45:00Z,66.682,44.323,41.961,ok,demo-generator,68
EG-002,2026-03-01T17:00:00Z,66.687,44.427,39.637,ok,demo-generator,69
EG-002,2026-03-01T17:15:00Z,66.608,42.802,39.401,ok,demo-generator,70
EG-002,2026-03-01T17:30:00Z,66.946,40.126,38.637,ok,demo-generator,71
EG-002,2026-03-01T17:45:00Z,66.572,40.293,38.626,ok,demo-generator,72
EG-002,2026-03-01T18:00:00Z,66.676,42.426,39.352,ok,demo-generator,73
EG-002,2026-03-01T18:15:00Z,66.577,41.710,37.106,ok,demo-generator,74
EG-002,2026-03-01T18:30:00Z,67.142,39.155,36.334,ok,demo-generator,75
EG-002,2026-03-01T18:45:00Z,66.833,39.374,37.484,ok,demo-generator,76
EG-002,2026-03-01T19:00:00Z,66.706,41.611,36.355,ok,demo-generator,77
EG-002,2026-03-01T19:15:00Z,67.049,40.522,35.638,ok,demo-generator,78
EG-002,2026-03-01T19:30:00Z,66.745,40.820,36.720,ok,demo-generator,79
EG-002,2026-03-01T19:45:00Z,66.501,41.656,36.179,ok,demo-generator,80
EG-002,2026-03-01T20:00:00Z,66.805,39.277,35.597,ok,demo-generator,81
EG-002,2026-03-01T20:15:00Z,66.694,41.778,35.538,ok,demo-generator,82
EG-002,2026-03-01T20:30:00Z,67.261,41.210,35.651,ok,demo-generator,83
EG-002,2026-03-01T20:45:00Z,66.684,43.248,36.116,ok,demo-generator,84
EG-002,2026-03-01T21:00:00Z,66.697,41.211,35.832,ok,demo-generator,85
EG-002,2026-03-01T21:15:00Z,67.277,42.068,36.103,ok,demo-generator,86
EG-002,2026-03-01T21:30:00Z,66.854,43.282,37.469,ok,demo-generator,87
EG-002,2026-03-01T21:45:00Z,67.052,42.831,36.704,ok,demo-generator,88
EG-002,2026-03-01T22:00:00Z,67.055,44.572,37.953,ok,demo-generator,89
EG-002,2026-03-01T22:15:00Z,67.169,42.406,35.948,ok,demo-generator,90
EG-002,2026-03-01T22:30:00Z,67.322,41.889,36.606,ok,demo-generator,91
EG-002,2026-03-01T22:45:00Z,66.800,42.928,37.143,ok,demo-generator,92
EG-002,2026-03-01T23:00:00Z,67.406,45.042,37.988,ok,demo-generator,93
EG-002,2026-03-01T23:15:00Z,66.920,43.473,37.515,ok,demo-generator,94
EG-002,2026-03-01T23:30:00Z,67.497,42.776,36.801,ok,demo-generator,95
EG-002,2026-03-01T23:45:00Z,67.038,43.192,37.504,ok,demo-generator,96
EG-002,2026-03-02T00:00:00Z,67.333,43.336,38.914,ok,demo-generator,97
EG-002,2026-03-02T00:15:00Z,67.265,41.905,37.468,ok,demo-generator,98
EG-002,2026-03-02T00:30:00Z,67.493,44.104,40.578,ok,demo-generator,99
EG-002,2026-03-02T00:45:00Z,67.371,41.437,38.070,ok,demo-generator,100
EG-002,2026-03-02T01:00:00Z,67.137,44.437,40.490,ok,demo-generator,101
EG-002,2026-03-02T01:15:00Z,67.365,41.274,40.033,ok,demo-generator,102
EG-002,2026-03-02T01:30:00Z,67.599,41.344,39.350,ok,demo-generator,103
EG-002,2026-03-02T01:45:00Z,67.335,42.837,40.622,ok,demo-generator,104
EG-002,2026-03-02T02:00:00Z,67.282,42.416,40.939,ok,demo-generator,105
EG-002,2026-03-02T02:15:00Z,67.800,43.158,42.029,ok,demo-generator,106
EG-002,2026-03-02T02:30:00Z,67.993,40.673,40.962,ok,demo-generator,107
EG-002,2026-03-02T02:45:00Z,67.595,42.561,42.810,ok,demo-generator,108
EG-002,2026-03-02T03:00:00Z,67.695,42.788,44.617,ok,demo-generator,109
EG-002,2026-03-02T03:15:00Z,67.229,43.362,44.312,ok,demo-generator,110
EG-002,2026-03-02T03:30:00Z,67.326,43.742,43.696,ok,demo-generator,111
EG-002,2026-03-02T03:45:00Z,67.800,42.711,45.240,ok,demo-generator,112
EG-002,2026-03-02T04:00:00Z,67.273,43.927,44.957,ok,demo-generator,113
EG-002,2026-03-02T04:15:00Z,67.548,42.668,44.926,ok,demo-generator,114
EG-002,2026-03-02T04:30:00Z,67.209,44.958,46.943,ok,demo-generator,115
EG-002,2026-03-02T04:45:00Z,67.401,45.475,47.067,ok,demo-generator,116
EG-002,2026-03-02T05:00:00Z,67.147,45.453,47.769,ok,demo-generator,117
EG-002,2026-03-02T05:15:00Z,67.223,45.647,48.513,ok,demo-generator,118
EG-002,2026-03-02T05:30:00Z,67.270,46.284,49.753,ok,demo-generator,119
EG-002,2026-03-02T05:45:00Z,67.382,47.547,48.941,ok,demo-generator,120
EG-002,2026-03-02T06:00:00Z,67.373,48.455,51.485,ok,demo-generator,121
EG-002,2026-03-02T06:15:00Z,67.405,51.792,52.324,ok,demo-generator,122
EG-002,2026-03-02T06:30:00Z,67.469,51.578,52.751,ok,demo-generator,123
EG-002,2026-03-02T06:45:00Z,67.196,54.138,53.373,ok,demo-generator,124
EG-002,2026-03-02T07:00:00Z,66.647,55.805,54.390,ok,demo-generator,125
EG-002,2026-03-02T07:15:00Z,66.713,57.642,54.820,ok,demo-generator,126
EG-002,2026-03-02T07:30:00Z,66.537,57.912,54.756,ok,demo-generator,127
EG-002,2026-03-02T07:45:00Z,66.598,59.482,55.678,ok,demo-generator,128
EG-002,2026-03-02T08:00:00Z,66.646,61.567,56.271,ok,demo-generator,129
EG-002,2026-03-02T08:15:00Z,66.770,60.517,55.194,ok,demo-generator,130
EG-002,2026-03-02T08:30:00Z,66.694,60.933,55.321,ok,demo-generator,131
EG-002,2026-03-02T08:45:00Z,66.289,61.923,57.289,ok,demo-generator,132
EG-002,2026-03-02T09:00:00Z,66.530,65.289,58.603,ok,demo-generator,133
EG-002,2026-03-02T09:15:00Z,66.415,63.720,56.616,ok,demo-generator,134
EG-002,2026-03-02T09:30:00Z,66.176,65.846,58.443,ok,demo-generator,135
EG-002,2026-03-02T09:45:00Z,66.147,67.263,59.006,ok,demo-generator,136
EG-002,2026-03-02T10:00:00Z,66.364,65.314,57.713,ok,demo-generator,137
EG-002,2026-03-02T10:15:00Z,65.991,68.681,58.433,ok,demo-generator,138
EG-002,2026-03-02T10:30:00Z,66.050,66.968,57.096,ok,demo-generator,139
EG-002,2026-03-02T10:45:00Z,66.085,68.694,58.066,ok,demo-generator,140
EG-002,2026-03-02T11:00:00Z,65.701,67.465,58.635,ok,demo-generator,141
EG-002,2026-03-02T11:15:00Z,65.722,66.257,56.927,ok,demo-generator,142
EG-002,2026-03-02T11:30:00Z,65.736,65.368,57.032,ok,demo-generator,143
EG-002,2026-03-02T11:45:00Z,65.562,65.089,55.595,ok,demo-generator,144
EG-002,2026-03-02T12:00:00Z,65.673,65.992,55.999,ok,demo-generator,145
EG-002,2026-03-02T12:15:00Z,65.759,65.380,55.978,ok,demo-generator,146
EG-002,2026-03-02T12:30:00Z,66.020,65.853,55.434,ok,demo-generator,147
EG-002,2026-03-02T12:45:00Z,65.857,61.629,53.477,ok,demo-generator,148
EG-002,2026-03-02T13:00:00Z,65.789,62.930,53.225,ok,demo-generator,149
EG-002,2026-03-02T13:15:00Z,65.986,60.534,52.546,ok,demo-generator,150
EG-002,2026-03-02T13:30:00Z,66.129,58.520,51.803,ok,demo-generator,151
EG-002,2026-03-02T13:45:00Z,65.772,57.329,51.404,ok,demo-generator,152
EG-002,2026-03-02T14:00:00Z,66.286,56.722,50.619,ok,demo-generator,153
EG-002,2026-03-02T14:15:00Z,65.906,56.120,48.950,ok,demo-generator,154
EG-002,2026-03-02T14:30:00Z,66.367,53.714,48.568,ok,demo-generator,155
EG-002,2026-03-02T14:45:00Z,65.802,53.720,48.384,ok,demo-generator,156
EG-002,2026-03-02T15:00:00Z,65.867,51.880,46.503,ok,demo-generator,157
EG-002,2026-03-02T15:15:00Z,65.974,49.527,45.010,ok,demo-generator,158
EG-002,2026-03-02T15:30:00Z,66.183,48.855,44.919,ok,demo-generator,159
EG-002,2026-03-02T15:45:00Z,66.287,47.686,43.546,ok,demo-generator,160
EG-002,2026-03-02T16:00:00Z,66.392,48.190,43.576,ok,demo-generator,161
EG-002,2026-03-02T16:15:00Z,66.729,44.595,42.324,ok,demo-generator,162
EG-002,2026-03-02T16:30:00Z,66.301,46.172,42.182,ok,demo-generator,163
EG-002,2026-03-02T16:45:00Z,66.624,43.238,39.721,ok,demo-generator,164
EG-002,2026-03-02T17:00:00Z,66.515,44.598,41.111,ok,demo-generator,165
EG-002,2026-03-02T17:15:00Z,66.295,44.130,40.510,ok,demo-generator,166
EG-002,2026-03-02T17:30:00Z,66.423,42.303,38.389,ok,demo-generator,167
EG-002,2026-03-02T17:45:00Z,66.693,42.137,38.968,ok,demo-generator,168
EG-002,2026-03-02T18:00:00Z,67.081,39.519,37.290,ok,demo-generator,169
EG-002,2026-03-02T18:15:00Z,66.999,41.089,37.432,ok,demo-generator,170
EG-002,2026-03-02T18:30:00Z,66.731,39.374,36.217,ok,demo-generator,171
EG-002,2026-03-02T18:45:00Z,66.729,39.345,37.260,ok,demo-generator,172
EG-002,2026-03-02T19:00:00Z,66.559,41.492,36.434,ok,demo-generator,173
EG-002,2026-03-02T19:15:00Z,66.678,40.340,37.549,ok,demo-generator,174
EG-002,2026-03-02T19:30:00Z,67.079,40.268,35.904,ok,demo-generator,175
EG-002,2026-03-02T19:45:00Z,66.691,42.037,35.839,ok,demo-generator,176
EG-002,2026-03-02T20:00:00Z,67.129,42.726,36.548,ok,demo-generator,177
EG-002,2026-03-02T20:15:00Z,66.687,42.184,37.242,ok,demo-generator,178
EG-002,2026-03-02T20:30:00Z,66.668,39.914,36.551,ok,demo-generator,179
EG-002,2026-03-02T20:45:00Z,66.932,42.492,35.862,ok,demo-generator,180
EG-002,2026-03-02T21:00:00Z,66.766,43.348,37.330,ok,demo-generator,181
EG-002,2026-03-02T21:15:00Z,67.332,41.021,34.949,ok,demo-generator,182
EG-002,2026-03-02T21:30:00Z,66.903,41.969,35.650,ok,demo-generator,183
EG-002,2026-03-02T21:45:00Z,66.879,44.671,36.995,ok,demo-generator,184
EG-002,2026-03-02T22:00:00Z,66.767,43.146,36.166,ok,demo-generator,185
EG-002,2026-03-02T22:15:00Z,66.858,43.514,36.080,ok,demo-generator,186
EG-002,2026-03-02T22:30:00Z,66.847,44.679,37.297,ok,demo-generator,187
EG-002,2026-03-02T22:45:00Z,67.061,43.001,37.586,ok,demo-generator,188
EG-002,2026-03-02T23:00:00Z,67.386,44.411,38.895,ok,demo-generator,189
EG-002,2026-03-02T23:15:00Z,66.823,44.894,38.536,ok,demo-generator,190
EG-002,2026-03-02T23:30:00Z,67.546,42.456,36.916,ok,demo-generator,191
EG-002,2026-03-02T23:45:00Z,67.314,44.970,39.830,ok,demo-generator,192
EG-003,2026-03-01T00:00:00Z,66.646,55.122,41.797,ok,demo-generator,1
EG-003,2026-03-01T00:15:00Z,66.910,56.312,42.958,ok,demo-generator,2
EG-003,2026-03-01T00:30:00Z,66.404,55.176,43.810,ok,demo-generator,3
EG-003,2026-03-01T00:45:00Z,66.474,56.812,43.729,ok,demo-generator,4
EG-003,2026-03-01T01:00:00Z,67.039,56.399,44.174,ok,demo-generator,5
EG-003,2026-03-01T01:15:00Z,66.975,55.791,43.811,ok,demo-generator,6
EG-003,2026-03-01T01:30:00Z,67.063,55.397,43.697,ok,demo-generator,7
EG-003,2026-03-01T01:45:00Z,66.824,56.769,44.759,ok,demo-generator,8
EG-003,2026-03-01T02:00:00Z,66.679,56.580,47.009,ok,demo-generator,9
EG-003,2026-03-01T02:15:00Z,66.784,54.809,46.130,ok,demo-generator,10
EG-003,2026-03-01T02:30:00Z,66.632,57.983,46.289,ok,demo-generator,11
EG-003,2026-03-01T02:45:00Z,67.041,57.672,46.690,ok,demo-generator,12
EG-003,2026-03-01T03:00:00Z,66.926,57.269,47.037,ok,demo-generator,13
EG-003,2026-03-01T03:15:00Z,67.090,56.346,47.376,ok,demo-generator,14
EG-003,2026-03-01T03:30:00Z,67.112,57.780,49.592,ok,demo-generator,15
EG-003,2026-03-01T03:45:00Z,67.077,56.818,48.947,ok,demo-generator,16
EG-003,2026-03-01T04:00:00Z,66.685,57.633,50.406,ok,demo-generator,17
EG-003,2026-03-01T04:15:00Z,67.000,56.913,49.195,ok,demo-generator,18
EG-003,2026-03-01T04:30:00Z,66.794,58.924,52.025,ok,demo-generator,19
EG-003,2026-03-01T04:45:00Z,67.170,58.181,52.211,ok,demo-generator,20
EG-003,2026-03-01T05:00:00Z,66.768,58.686,53.120,ok,demo-generator,21
EG-003,2026-03-01T05:15:00Z,66.558,59.393,52.761,ok,demo-generator,22
EG-003,2026-03-01T05:30:00Z,67.110,59.223,52.045,ok,demo-generator,23
EG-003,2026-03-01T05:45:00Z,66.596,60.210,53.947,ok,demo-generator,24
EG-003,2026-03-01T06:00:00Z,66.400,61.551,54.209,ok,demo-generator,25
EG-003,2026-03-01T06:15:00Z,66.336,64.647,55.588,ok,demo-generator,26
EG-003,2026-03-01T06:30:00Z,66.294,63.143,54.723,ok,demo-generator,27
EG-003,2026-03-01T06:45:00Z,66.377,63.863,56.797,ok,demo-generator,28
EG-003,2026-03-01T07:00:00Z,66.571,65.308,57.653,ok,demo-generator,29
EG-003,2026-03-01T07:15:00Z,66.583,65.306,57.404,ok,demo-generator,30
EG-003,2026-03-01T07:30:00Z,65.950,68.914,58.413,ok,demo-generator,31
EG-003,2026-03-01T07:45:00Z,66.133,69.795,57.831,ok,demo-generator,32
EG-003,2026-03-01T08:00:00Z,66.246,70.339,58.508,ok,demo-generator,33
EG-003,2026-03-01T08:15:00Z,66.166,69.363,59.767,ok,demo-generator,34
EG-003,2026-03-01T08:30:00Z,66.179,71.430,60.205,ok,demo-generator,35
EG-003,2026-03-01T08:45:00Z,66.321,70.713,59.620,ok,demo-generator,36
EG-003,2026-03-01T09:00:00Z,65.947,72.126,60.286,ok,demo-generator,37
EG-003,2026-03-01T09:15:00Z,66.011,74.422,60.476,ok,demo-generator,38
EG-003,2026-03-01T09:30:00Z,65.807,73.385,59.404,ok,demo-generator,39
EG-003,2026-03-01T09:45:00Z,65.702,72.986,59.970,ok,demo-generator,40
EG-003,2026-03-01T10:00:00Z,65.720,76.170,61.229,ok,demo-generator,41
EG-003,2026-03-01T10:15:00Z,65.872,74.264,59.425,ok,demo-generator,42
EG-003,2026-03-01T10:30:00Z,65.454,75.249,60.918,ok,demo-generator,43
EG-003,2026-03-01T10:45:00Z,65.194,75.741,60.543,ok,demo-generator,44
EG-003,2026-03-01T11:00:00Z,65.883,74.344,58.668,ok,demo-generator,45
EG-003,2026-03-01T11:15:00Z,65.386,75.408,60.769,ok,demo-generator,46
EG-003,2026-03-01T11:30:00Z,65.552,71.978,59.547,ok,demo-generator,47
EG-003,2026-03-01T11:45:00Z,65.820,72.146,59.090,ok,demo-generator,48
EG-003,2026-03-01T12:00:00Z,65.849,71.652,58.562,ok,demo-generator,49
EG-003,2026-03-01T12:15:00Z,65.402,69.876,57.553,ok,demo-generator,50
EG-003,2026-03-01T12:30:00Z,65.638,69.719,56.544,ok,demo-generator,51
EG-003,2026-03-01T12:45:00Z,65.423,69.244,55.032,ok,demo-generator,52
EG-003,2026-03-01T13:00:00Z,65.323,69.943,56.460,ok,demo-generator,53
EG-003,2026-03-01T13:15:00Z,65.677,68.034,54.063,ok,demo-generator,54
EG-003,2026-03-01T13:30:00Z,66.005,65.358,53.366,ok,demo-generator,55
EG-003,2026-03-01T13:45:00Z,65.795,63.165,53.018,ok,demo-generator,56
EG-003,2026-03-01T14:00:00Z,66.042,61.189,50.870,ok,demo-generator,57
EG-003,2026-03-01T14:15:00Z,65.873,59.723,51.105,ok,demo-generator,58
EG-003,2026-03-01T14:30:00Z,65.777,58.538,49.685,ok,demo-generator,59
EG-003,2026-03-01T14:45:00Z,65.982,58.775,48.283,ok,demo-generator,60
EG-003,2026-03-01T15:00:00Z,65.580,57.195,48.520,ok,demo-generator,61
EG-003,2026-03-01T15:15:00Z,65.975,55.966,46.826,ok,demo-generator,62
EG-003,2026-03-01T15:30:00Z,66.063,54.353,45.672,ok,demo-generator,63
EG-003,2026-03-01T15:45:00Z,65.866,53.541,44.650,ok,demo-generator,64
EG-003,2026-03-01T16:00:00Z,65.755,52.637,44.108,ok,demo-generator,65
EG-003,2026-03-01T16:15:00Z,65.972,51.147,43.973,ok,demo-generator,66
EG-003,2026-03-01T16:30:00Z,66.457,47.832,41.720,ok,demo-generator,67
EG-003,2026-03-01T16:45:00Z,66.285,49.852,43.031,ok,demo-generator,68
EG-003,2026-03-01T17:00:00Z,66.100,47.197,42.518,ok,demo-generator,69
EG-003,2026-03-01T17:15:00Z,66.345,46.400,41.320,ok,demo-generator,70
EG-003,2026-03-01T17:30:00Z,66.165,45.232,40.148,ok,demo-generator,71
EG-003,2026-03-01T17:45:00Z,66.696,45.267,39.919,ok,demo-generator,72
EG-003,2026-03-01T18:00:00Z,66.248,44.462,39.022,ok,demo-generator,73
EG-003,2026-03-01T18:15:00Z,66.638,45.136,39.324,ok,demo-generator,74
EG-003,2026-03-01T18:30:00Z,66.758,45.870,38.294,ok,demo-generator,75
EG-003,2026-03-01T18:45:00Z,66.429,46.585,37.900,ok,demo-generator,76
EG-003,2026-03-01T19:00:00Z,66.321,44.505,37.101,ok,demo-generator,77
EG-003,2026-03-01T19:15:00Z,66.266,47.066,39.669,ok,demo-generator,78
EG-003,2026-03-01T19:30:00Z,66.197,46.668,37.506,ok,demo-generator,79
EG-003,2026-03-01T19:45:00Z,66.751,44.894,36.617,ok,demo-generator,80
EG-003,2026-03-01T20:00:00Z,66.736,45.371,37.868,ok,demo-generator,81
EG-003,2026-03-01T20:15:00Z,66.249,47.362,38.230,ok,demo-generator,82
EG-003,2026-03-01T20:30:00Z,66.356,49.278,39.020,ok,demo-generator,83
EG-003,2026-03-01T20:45:00Z,66.608,46.543,37.598,ok,demo-generator,84
EG-003,2026-03-01T21:00:00Z,66.803,48.517,39.338,ok,demo-generator,85
EG-003,2026-03-01T21:15:00Z,66.741,48.490,38.435,ok,demo-generator,86
EG-003,2026-03-01T21:30:00Z,66.358,49.650,39.638,ok,demo-generator,87
EG-003,2026-03-01T21:45:00Z,66.282,51.946,39.608,ok,demo-generator,88
EG-003,2026-03-01T22:00:00Z,66.765,49.737,39.672,ok,demo-generator,89
EG-003,2026-03-01T22:15:00Z,66.831,50.782,38.561,ok,demo-generator,90
EG-003,2026-03-01T22:30:00Z,66.623,51.737,39.769,ok,demo-generator,91
EG-003,2026-03-01T22:45:00Z,66.226,53.744,41.351,ok,demo-generator,92
EG-003,2026-03-01T23:00:00Z,66.411,54.667,42.137,ok,demo-generator,93
EG-003,2026-03-01T23:15:00Z,66.728,53.835,42.042,ok,demo-generator,94
EG-003,2026-03-01T23:30:00Z,66.829,53.336,40.746,ok,demo-generator,95
EG-003,2026-03-01T23:45:00Z,66.720,53.358,42.413,ok,demo-generator,96
EG-003,2026-03-02T00:00:00Z,66.584,54.136,43.066,ok,demo-generator,97
EG-003,2026-03-02T00:15:00Z,66.635,56.408,43.605,ok,demo-generator,98
EG-003,2026-03-02T00:30:00Z,66.830,56.330,44.232,ok,demo-generator,99
EG-003,2026-03-02T00:45:00Z,66.769,56.143,44.340,ok,demo-generator,100
EG-003,2026-03-02T01:00:00Z,66.431,57.306,44.846,ok,demo-generator,101
EG-003,2026-03-02T01:15:00Z,66.933,56.096,45.336,ok,demo-generator,102
EG-003,2026-03-02T01:30:00Z,66.566,55.990,44.310,ok,demo-generator,103
EG-003,2026-03-02T01:45:00Z,66.963,57.423,45.157,ok,demo-generator,104
EG-003,2026-03-02T02:00:00Z,66.748,56.666,45.913,ok,demo-generator,105
EG-003,2026-03-02T02:15:00Z,66.946,57.799,47.733,ok,demo-generator,106
EG-003,2026-03-02T02:30:00Z,66.973,55.667,47.513,ok,demo-generator,107
EG-003,2026-03-02T02:45:00Z,67.218,55.982,47.090,ok,demo-generator,108
EG-003,2026-03-02T03:00:00Z,67.068,55.040,46.627,ok,demo-generator,109
EG-003,2026-03-02T03:15:00Z,67.116,55.544,47.364,ok,demo-generator,110
EG-003,2026-03-02T03:30:00Z,66.892,58.239,50.331,ok,demo-generator,111
EG-003,2026-03-02T03:45:00Z,66.767,56.466,49.384,ok,demo-generator,112
EG-003,2026-03-02T04:00:00Z,66.704,56.002,50.346,ok,demo-generator,113
EG-003,2026-03-02T04:15:00Z,66.745,58.886,50.128,ok,demo-generator,114
EG-003,2026-03-02T04:30:00Z,66.773,59.635,51.212,ok,demo-generator,115
EG-003,2026-03-02T04:45:00Z,66.807,60.027,52.116,ok,demo-generator,116
EG-003,2026-03-02T05:00:00Z,66.956,58.574,51.829,ok,demo-generator,117
EG-003,2026-03-02T05:15:00Z,67.150,59.167,52.329,ok,demo-generator,118
EG-003,2026-03-02T05:30:00Z,66.487,59.644,52.171,ok,demo-generator,119
EG-003,2026-03-02T05:45:00Z,66.627,62.618,53.471,ok,demo-generator,120
EG-003,2026-03-02T06:00:00Z,66.795,62.680,55.306,ok,demo-generator,121
EG-003,2026-03-02T06:15:00Z,66.288,64.453,54.988,ok,demo-generator,122
EG-003,2026-03-02T06:30:00Z,66.968,61.995,54.247,ok,demo-generator,123
EG-003,2026-03-02T06:45:00Z,66.343,64.084,56.478,ok,demo-generator,124
EG-003,2026-03-02T07:00:00Z,66.546,66.161,56.560,ok,demo-generator,125
EG-003,2026-03-02T07:15:00Z,66.105,66.749,57.160,ok,demo-generator,126
EG-003,2026-03-02T07:30:00Z,66.080,68.726,57.469,ok,demo-generator,127
EG-003,2026-03-02T07:45:00Z,66.293,66.818,58.861,ok,demo-generator,128
EG-003,2026-03-02T08:00:00Z,66.313,70.664,60.323,ok,demo-generator,129
EG-003,2026-03-02T08:15:00Z,65.799,71.105,59.988,ok,demo-generator,130
EG-003,2026-03-02T08:30:00Z,66.203,69.807,58.121,ok,demo-generator,131
EG-003,2026-03-02T08:45:00Z,65.908,71.976,60.823,ok,demo-generator,132
EG-003,2026-03-02T09:00:00Z,65.707,71.037,59.418,ok,demo-generator,133
EG-003,2026-03-02T09:15:00Z,65.639,72.696,61.061,ok,demo-generator,134
EG-003,2026-03-02T09:30:00Z,65.951,75.504,61.886,ok,demo-generator,135
EG-003,2026-03-02T09:45:00Z,65.813,74.497,59.839,ok,demo-generator,136
EG-003,2026-03-02T10:00:00Z,65.837,74.794,61.095,ok,demo-generator,137
EG-003,2026-03-02T10:15:00Z,65.939,74.336,60.426,ok,demo-generator,138
EG-003,2026-03-02T10:30:00Z,65.549,73.876,59.840,ok,demo-generator,139
EG-003,2026-03-02T10:45:00Z,65.708,76.112,60.042,ok,demo-generator,140
EG-003,2026-03-02T11:00:00Z,65.652,73.590,58.925,ok,demo-generator,141
EG-003,2026-03-02T11:15:00Z,65.327,74.082,58.555,ok,demo-generator,142
EG-003,2026-03-02T11:30:00Z,65.600,72.282,58.889,ok,demo-generator,143
EG-003,2026-03-02T11:45:00Z,65.594,73.711,57.819,ok,demo-generator,144
EG-003,2026-03-02T12:00:00Z,65.351,70.580,56.375,ok,demo-generator,145
EG-003,2026-03-02T12:15:00Z,65.347,71.515,57.491,ok,demo-generator,146
EG-003,2026-03-02T12:30:00Z,65.953,68.781,55.138,ok,demo-generator,147
EG-003,2026-03-02T12:45:00Z,65.938,67.589,54.905,ok,demo-generator,148
EG-003,2026-03-02T13:00:00Z,65.219,69.166,55.782,ok,demo-generator,149
EG-003,2026-03-02T13:15:00Z,65.389,66.785,53.351,ok,demo-generator,150
EG-003,2026-03-02T13:30:00Z,65.973,64.872,54.193,ok,demo-generator,151
EG-003,2026-03-02T13:45:00Z,65.926,63.582,51.714,ok,demo-generator,152
EG-003,2026-03-02T14:00:00Z,65.915,63.127,52.543,ok,demo-generator,153
EG-003,2026-03-02T14:15:00Z,65.450,62.941,52.080,ok,demo-generator,154
EG-003,2026-03-02T14:30:00Z,65.721,61.253,50.026,ok,demo-generator,155
EG-003,2026-03-02T14:45:00Z,66.091,58.314,49.638,ok,demo-generator,156
EG-003,2026-03-02T15:00:00Z,66.090,55.235,47.673,ok,demo-generator,157
EG-003,2026-03-02T15:15:00Z,65.624,56.494,47.315,ok,demo-generator,158
EG-003,2026-03-02T15:30:00Z,66.211,53.386,46.908,ok,demo-generator,159
EG-003,2026-03-02T15:45:00Z,66.244,53.990,45.277,ok,demo-generator,160
EG-003,2026-03-02T16:00:00Z,65.791,51.858,44.512,ok,demo-generator,161
EG-003,2026-03-02T16:15:00Z,66.381,50.131,42.671,ok,demo-generator,162
EG-003,2026-03-02T16:30:00Z,66.041,48.322,42.663,ok,demo-generator,163
EG-003,2026-03-02T16:45:00Z,66.366,46.623,40.700,ok,demo-generator,164
EG-003,2026-03-02T17:00:00Z,66.136,47.587,42.407,ok,demo-generator,165
EG-003,2026-03-02T17:15:00Z,66.103,45.614,41.183,ok,demo-generator,166
EG-003,2026-03-02T17:30:00Z,66.638,46.242,39.567,ok,demo-generator,167
EG-003,2026-03-02T17:45:00Z,66.709,44.617,39.736,ok,demo-generator,168
EG-003,2026-03-02T18:00:00Z,66.533,44.641,38.618,ok,demo-generator,169
EG-003,2026-03-02T18:15:00Z,66.405,45.749,39.125,ok,demo-generator,170
EG-003,2026-03-02T18:30:00Z,66.539,44.728,39.357,ok,demo-generator,171
EG-003,2026-03-02T18:45:00Z,66.494,44.088,38.219,ok,demo-generator,172
EG-003,2026-03-02T19:00:00Z,66.684,46.311,38.405,ok,demo-generator,173
EG-003,2026-03-02T19:15:00Z,66.270,43.707,37.306,ok,demo-generator,174
EG-003,2026-03-02T19:30:00Z,66.522,46.705,39.107,ok,demo-generator,175
EG-003,2026-03-02T19:45:00Z,66.505,46.048,37.405,ok,demo-generator,176
EG-003,2026-03-02T20:00:00Z,66.974,44.848,37.569,ok,demo-generator,177
EG-003,2026-03-02T20:15:00Z,66.255,47.604,38.034,ok,demo-generator,178
EG-003,2026-03-02T20:30:00Z,66.603,47.522,38.717,ok,demo-generator,179
EG-003,2026-03-02T20:45:00Z,66.298,48.809,38.449,ok,demo-generator,180
EG-003,2026-03-02T21:00:00Z,66.770,49.475,38.864,ok,demo-generator,181
EG-003,2026-03-02T21:15:00Z,66.583,48.066,38.440,ok,demo-generator,182
EG-003,2026-03-02T21:30:00Z,66.859,48.807,37.729,ok,demo-generator,183
EG-003,2026-03-02T21:45:00Z,66.657,50.677,39.097,ok,demo-generator,184
EG-003,2026-03-02T22:00:00Z,66.248,50.730,38.421,ok,demo-generator,185
EG-003,2026-03-02T22:15:00Z,66.828,53.003,39.508,ok,demo-generator,186
EG-003,2026-03-02T22:30:00Z,66.349,53.925,41.154,ok,demo-generator,187
EG-003,2026-03-02T22:45:00Z,66.450,52.871,40.466,ok,demo-generator,188
EG-003,2026-03-02T23:00:00Z,66.362,52.792,39.806,ok,demo-generator,189
EG-003,2026-03-02T23:15:00Z,66.886,53.690,40.399,ok,demo-generator,190
EG-003,2026-03-02T23:30:00Z,66.992,53.451,40.728,ok,demo-generator,191
EG-003,2026-03-02T23:45:00Z,66.648,54.368,42.748,ok,demo-generator,192
EG-004,2026-03-01T00:00:00Z,66.228,60.961,44.770,ok,demo-generator,1
EG-004,2026-03-01T00:15:00Z,66.281,59.075,44.048,ok,demo-generator,2
EG-004,2026-03-01T00:30:00Z,66.432,60.503,45.614,ok,demo-generator,3
EG-004,2026-03-01T00:45:00Z,66.197,59.524,45.778,ok,demo-generator,4
EG-004,2026-03-01T01:00:00Z,66.464,62.003,46.444,ok,demo-generator,5
EG-004,2026-03-01T01:15:00Z,66.303,62.814,46.752,ok,demo-generator,6
EG-004,2026-03-01T01:30:00Z,66.412,61.102,45.954,ok,demo-generator,7
EG-004,2026-03-01T01:45:00Z,66.680,60.959,46.559,ok,demo-generator,8
EG-004,2026-03-01T02:00:00Z,66.337,62.283,47.450,ok,demo-generator,9
EG-004,2026-03-01T02:15:00Z,66.880,60.840,48.458,ok,demo-generator,10
EG-004,2026-03-01T02:30:00Z,66.536,62.799,48.997,ok,demo-generator,11
EG-004,2026-03-01T02:45:00Z,66.789,63.413,50.571,ok,demo-generator,12
EG-004,2026-03-01T03:00:00Z,66.814,62.626,49.111,ok,demo-generator,13
EG-004,2026-03-01T03:15:00Z,66.487,62.385,49.562,ok,demo-generator,14
EG-004,2026-03-01T03:30:00Z,66.326,61.076,50.949,ok,demo-generator,15
EG-004,2026-03-01T03:45:00Z,66.753,63.238,50.789,ok,demo-generator,16
EG-004,2026-03-01T04:00:00Z,66.597,64.229,52.783,ok,demo-generator,17
EG-004,2026-03-01T04:15:00Z,66.558,62.282,52.747,ok,demo-generator,18
EG-004,2026-03-01T04:30:00Z,66.875,62.872,53.060,ok,demo-generator,19
EG-004,2026-03-01T04:45:00Z,66.219,65.037,53.293,ok,demo-generator,20
EG-004,2026-03-01T05:00:00Z,66.689,65.831,54.146,ok,demo-generator,21
EG-004,2026-03-01T05:15:00Z,66.905,64.399,55.042,ok,demo-generator,22
EG-004,2026-03-01T05:30:00Z,66.614,65.452,55.868,ok,demo-generator,23
EG-004,2026-03-01T05:45:00Z,66.361,64.887,54.343,ok,demo-generator,24
EG-004,2026-03-01T06:00:00Z,66.468,67.406,56.936,ok,demo-generator,25
EG-004,2026-03-01T06:15:00Z,66.587,66.558,55.473,ok,demo-generator,26
EG-004,2026-03-01T06:30:00Z,66.206,69.426,57.923,ok,demo-generator,27
EG-004,2026-03-01T06:45:00Z,66.630,68.522,58.215,ok,demo-generator,28
EG-004,2026-03-01T07:00:00Z,66.640,68.416,58.768,ok,demo-generator,29
EG-004,2026-03-01T07:15:00Z,66.117,71.822,59.437,ok,demo-generator,30
EG-004,2026-03-01T07:30:00Z,65.833,72.456,59.103,ok,demo-generator,31
EG-004,2026-03-01T07:45:00Z,65.995,71.160,59.977,ok,demo-generator,32
EG-004,2026-03-01T08:00:00Z,66.075,71.007,59.784,ok,demo-generator,33
EG-004,2026-03-01T08:15:00Z,65.669,75.042,61.247,ok,demo-generator,34
EG-004,2026-03-01T08:30:00Z,66.123,74.956,61.543,ok,demo-generator,35
EG-004,2026-03-01T08:45:00Z,65.560,73.849,59.558,ok,demo-generator,36
EG-004,2026-03-01T09:00:00Z,65.523,73.858,60.552,ok,demo-generator,37
EG-004,2026-03-01T09:15:00Z,65.745,77.046,61.569,ok,demo-generator,38
EG-004,2026-03-01T09:30:00Z,65.662,75.071,60.574,ok,demo-generator,39
EG-004,2026-03-01T09:45:00Z,65.339,76.145,60.606,ok,demo-generator,40
EG-004,2026-03-01T10:00:00Z,65.622,78.144,60.650,ok,demo-generator,41
EG-004,2026-03-01T10:15:00Z,65.564,75.319,60.661,ok,demo-generator,42
EG-004,2026-03-01T10:30:00Z,65.754,75.423,60.722,ok,demo-generator,43
EG-004,2026-03-01T10:45:00Z,65.378,75.432,60.681,ok,demo-generator,44
EG-004,2026-03-01T11:00:00Z,65.372,75.940,60.464,ok,demo-generator,45
EG-004,2026-03-01T11:15:00Z,65.647,76.514,59.533,ok,demo-generator,46
EG-004,2026-03-01T11:30:00Z,65.459,75.508,58.950,ok,demo-generator,47
EG-004,2026-03-01T11:45:00Z,65.616,73.422,58.750,ok,demo-generator,48
EG-004,2026-03-01T12:00:00Z,65.419,75.350,57.915,ok,demo-generator,49
EG-004,2026-03-01T12:15:00Z,65.179,71.946,58.409,ok,demo-generator,50
EG-004,2026-03-01T12:30:00Z,65.287,71.020,55.851,ok,demo-generator,51
EG-004,2026-03-01T12:45:00Z,65.735,69.583,56.077,ok,demo-generator,52
EG-004,2026-03-01T13:00:00Z,65.312,71.010,55.157,ok,demo-generator,53
EG-004,2026-03-01T13:15:00Z,65.892,66.837,53.510,ok,demo-generator,54
EG-004,2026-03-01T13:30:00Z,65.542,68.765,53.709,ok,demo-generator,55
EG-004,2026-03-01T13:45:00Z,65.585,64.882,53.823,ok,demo-generator,56
EG-004,2026-03-01T14:00:00Z,65.543,65.768,52.792,ok,demo-generator,57
EG-004,2026-03-01T14:15:00Z,65.412,62.509,50.420,ok,demo-generator,58
EG-004,2026-03-01T14:30:00Z,65.998,62.013,49.590,ok,demo-generator,59
EG-004,2026-03-01T14:45:00Z,66.059,59.583,49.690,ok,demo-generator,60
EG-004,2026-03-01T15:00:00Z,65.558,59.485,47.991,ok,demo-generator,61
EG-004,2026-03-01T15:15:00Z,66.156,57.552,48.390,ok,demo-generator,62
EG-004,2026-03-01T15:30:00Z,65.818,55.042,46.998,ok,demo-generator,63
EG-004,2026-03-01T15:45:00Z,65.964,52.829,44.378,ok,demo-generator,64
EG-004,2026-03-01T16:00:00Z,65.909,53.528,44.503,ok,demo-generator,65
EG-004,2026-03-01T16:15:00Z,66.539,50.163,42.964,ok,demo-generator,66
EG-004,2026-03-01T16:30:00Z,66.436,51.561,43.154,ok,demo-generator,67
EG-004,2026-03-01T16:45:00Z,66.217,51.005,43.261,ok,demo-generator,68
EG-004,2026-03-01T17:00:00Z,65.919,49.664,43.156,ok,demo-generator,69
EG-004,2026-03-01T17:15:00Z,66.036,49.617,41.971,ok,demo-generator,70
EG-004,2026-03-01T17:30:00Z,66.501,48.139,40.242,ok,demo-generator,71
EG-004,2026-03-01T17:45:00Z,66.617,46.054,39.947,ok,demo-generator,72
EG-004,2026-03-01T18:00:00Z,66.491,48.762,40.077,ok,demo-generator,73
EG-004,2026-03-01T18:15:00Z,66.045,48.648,39.756,ok,demo-generator,74
EG-004,2026-03-01T18:30:00Z,66.658,45.989,39.756,ok,demo-generator,75
EG-004,2026-03-01T18:45:00Z,66.480,47.269,39.722,ok,demo-generator,76
EG-004,2026-03-01T19:00:00Z,66.634,47.636,38.395,ok,demo-generator,77
EG-004,2026-03-01T19:15:00Z,66.307,45.710,38.951,ok,demo-generator,78
EG-004,2026-03-01T19:30:00Z,66.553,48.898,39.192,ok,demo-generator,79
EG-004,2026-03-01T19:45:00Z,66.577,48.593,38.237,ok,demo-generator,80
EG-004,2026-03-01T20:00:00Z,66.491,48.735,39.446,ok,demo-generator,81
EG-004,2026-03-01T20:15:00Z,66.387,49.506,39.008,ok,demo-generator,82
EG-004,2026-03-01T20:30:00Z,66.046,50.525,38.922,ok,demo-generator,83
EG-004,2026-03-01T20:45:00Z,66.452,49.609,38.685,ok,demo-generator,84
EG-004,2026-03-01T21:00:00Z,66.667,52.186,40.158,ok,demo-generator,85
EG-004,2026-03-01T21:15:00Z,66.168,54.147,40.166,ok,demo-generator,86
EG-004,2026-03-01T21:30:00Z,66.358,52.246,40.228,ok,demo-generator,87
EG-004,2026-03-01T21:45:00Z,66.118,53.170,39.789,ok,demo-generator,88
EG-004,2026-03-01T22:00:00Z,66.479,55.858,40.583,ok,demo-generator,89
EG-004,2026-03-01T22:15:00Z,66.613,54.371,40.534,ok,demo-generator,90
EG-004,2026-03-01T22:30:00Z,66.498,58.029,41.521,ok,demo-generator,91
EG-004,2026-03-01T22:45:00Z,66.557,58.391,42.920,ok,demo-generator,92
EG-004,2026-03-01T23:00:00Z,66.493,58.425,41.521,ok,demo-generator,93
EG-004,2026-03-01T23:15:00Z,65.948,59.262,42.832,ok,demo-generator,94
EG-004,2026-03-01T23:30:00Z,66.242,58.728,43.135,ok,demo-generator,95
EG-004,2026-03-01T23:45:00Z,66.430,57.977,42.488,ok,demo-generator,96
EG-004,2026-03-02T00:00:00Z,66.513,61.347,44.663,ok,demo-generator,97
EG-004,2026-03-02T00:15:00Z,65.961,61.977,45.268,ok,demo-generator,98
EG-004,2026-03-02T00:30:00Z,66.057,60.865,44.449,ok,demo-generator,99
EG-004,2026-03-02T00:45:00Z,66.213,61.620,45.721,ok,demo-generator,100
EG-004,2026-03-02T01:00:00Z,66.442,62.863,45.516,ok,demo-generator,101
EG-004,2026-03-02T01:15:00Z,66.574,61.246,45.202,ok,demo-generator,102
EG-004,2026-03-02T01:30:00Z,66.302,61.796,46.011,ok,demo-generator,103
EG-004,2026-03-02T01:45:00Z,66.678,60.324,47.340,ok,demo-generator,104
EG-004,2026-03-02T02:00:00Z,66.770,60.113,47.665,ok,demo-generator,105
EG-004,2026-03-02T02:15:00Z,66.418,62.984,48.740,ok,demo-generator,106
EG-004,2026-03-02T02:30:00Z,66.720,63.033,48.897,ok,demo-generator,107
EG-004,2026-03-02T02:45:00Z,66.629,61.703,49.993,ok,demo-generator,108
EG-004,2026-03-02T03:00:00Z,66.940,61.358,48.868,ok,demo-generator,109
EG-004,2026-03-02T03:15:00Z,66.319,63.499,49.489,ok,demo-generator,110
EG-004,2026-03-02T03:30:00Z,66.470,61.194,49.675,ok,demo-generator,111
EG-004,2026-03-02T03:45:00Z,66.914,63.365,51.447,ok,demo-generator,112
EG-004,2026-03-02T04:00:00Z,66.605,63.564,50.932,ok,demo-generator,113
EG-004,2026-03-02T04:15:00Z,66.411,62.650,51.781,ok,demo-generator,114
EG-004,2026-03-02T04:30:00Z,67.001,62.074,52.784,ok,demo-generator,115
EG-004,2026-03-02T04:45:00Z,66.503,63.844,52.257,ok,demo-generator,116
EG-004,2026-03-02T05:00:00Z,66.919,63.393,54.098,ok,demo-generator,117
EG-004,2026-03-02T05:15:00Z,66.576,62.935,53.484,ok,demo-generator,118
EG-004,2026-03-02T05:30:00Z,66.493,65.741,55.532,ok,demo-generator,119
EG-004,2026-03-02T05:45:00Z,66.593,66.514,55.449,ok,demo-generator,120
EG-004,2026-03-02T06:00:00Z,66.432,64.888,55.047,ok,demo-generator,121
EG-004,2026-03-02T06:15:00Z,66.617,68.841,57.663,ok,demo-generator,122
EG-004,2026-03-02T06:30:00Z,66.285,67.940,56.376,ok,demo-generator,123
EG-004,2026-03-02T06:45:00Z,66.260,68.170,56.445,ok,demo-generator,124
EG-004,2026-03-02T07:00:00Z,66.488,70.759,58.674,ok,demo-generator,125
EG-004,2026-03-02T07:15:00Z,66.488,68.845,58.321,ok,demo-generator,126
EG-004,2026-03-02T07:30:00Z,66.072,70.664,59.811,ok,demo-generator,127
EG-004,2026-03-02T07:45:00Z,66.401,71.401,58.517,ok,demo-generator,128
EG-004,2026-03-02T08:00:00Z,59.803,77.151,59.165,ok,demo-generator,129
EG-004,2026-03-02T08:15:00Z,60.215,77.793,59.345,ok,demo-generator,130
EG-004,2026-03-02T08:30:00Z,59.770,78.609,60.527,ok,demo-generator,131
EG-004,2026-03-02T08:45:00Z,59.733,79.977,60.269,ok,demo-generator,132
EG-004,2026-03-02T09:00:00Z,59.482,81.106,60.482,ok,demo-generator,133
EG-004,2026-03-02T09:15:00Z,59.821,80.445,60.777,ok,demo-generator,134
EG-004,2026-03-02T09:30:00Z,59.667,81.513,62.421,ok,demo-generator,135
EG-004,2026-03-02T09:45:00Z,59.665,81.007,60.193,ok,demo-generator,136
EG-004,2026-03-02T10:00:00Z,65.311,78.145,61.996,ok,demo-generator,137
EG-004,2026-03-02T10:15:00Z,65.534,77.596,61.679,ok,demo-generator,138
EG-004,2026-03-02T10:30:00Z,65.126,77.784,60.192,ok,demo-generator,139
EG-004,2026-03-02T10:45:00Z,65.614,78.235,61.897,ok,demo-generator,140
EG-004,2026-03-02T11:00:00Z,65.537,75.980,61.184,ok,demo-generator,141
EG-004,2026-03-02T11:15:00Z,65.150,77.764,60.052,ok,demo-generator,142
EG-004,2026-03-02T11:30:00Z,65.704,75.153,58.870,ok,demo-generator,143
EG-004,2026-03-02T11:45:00Z,65.233,73.283,59.471,ok,demo-generator,144
EG-004,2026-03-02T12:00:00Z,65.170,74.016,58.749,ok,demo-generator,145
EG-004,2026-03-02T12:15:00Z,65.046,74.399,58.660,ok,demo-generator,146
EG-004,2026-03-02T12:30:00Z,65.162,71.407,55.948,ok,demo-generator,147
EG-004,2026-03-02T12:45:00Z,65.299,70.173,55.675,ok,demo-generator,148
EG-004,2026-03-02T13:00:00Z,65.206,69.642,56.545,ok,demo-generator,149
EG-004,2026-03-02T13:15:00Z,65.842,69.181,54.789,ok,demo-generator,150
EG-004,2026-03-02T13:30:00Z,65.556,66.426,54.541,ok,demo-generator,151
EG-004,2026-03-02T13:45:00Z,65.704,66.166,54.284,ok,demo-generator,152
EG-004,2026-03-02T14:00:00Z,65.493,63.093,52.860,ok,demo-generator,153
EG-004,2026-03-02T14:15:00Z,66.060,62.638,51.204,ok,demo-generator,154
EG-004,2026-03-02T14:30:00Z,65.926,62.611,50.221,ok,demo-generator,155
EG-004,2026-03-02T14:45:00Z,66.171,58.819,49.236,ok,demo-generator,156
EG-004,2026-03-02T15:00:00Z,66.201,57.311,48.860,ok,demo-generator,157
EG-004,2026-03-02T15:15:00Z,66.251,55.829,48.226,ok,demo-generator,158
EG-004,2026-03-02T15:30:00Z,65.667,57.311,47.399,ok,demo-generator,159
EG-004,2026-03-02T15:45:00Z,66.335,54.077,45.690,ok,demo-generator,160
EG-004,2026-03-02T16:00:00Z,65.864,52.026,44.023,ok,demo-generator,161
EG-004,2026-03-02T16:15:00Z,66.199,51.987,45.038,ok,demo-generator,162
EG-004,2026-03-02T16:30:00Z,66.306,52.504,44.796,ok,demo-generator,163
EG-004,2026-03-02T16:45:00Z,66.307,50.689,43.321,ok,demo-generator,164
EG-004,2026-03-02T17:00:00Z,66.488,49.527,43.335,ok,demo-generator,165
EG-004,2026-03-02T17:15:00Z,66.685,46.599,40.738,ok,demo-generator,166
EG-004,2026-03-02T17:30:00Z,66.113,46.305,39.681,ok,demo-generator,167
EG-004,2026-03-02T17:45:00Z,66.063,48.427,39.971,ok,demo-generator,168
EG-004,2026-03-02T18:00:00Z,66.455,46.720,39.997,ok,demo-generator,169
EG-004,2026-03-02T18:15:00Z,66.229,47.371,39.724,ok,demo-generator,170
EG-004,2026-03-02T18:30:00Z,66.176,47.807,39.008,ok,demo-generator,171
EG-004,2026-03-02T18:45:00Z,66.609,47.844,39.577,ok,demo-generator,172
EG-004,2026-03-02T19:00:00Z,66.726,47.811,38.143,ok,demo-generator,173
EG-004,2026-03-02T19:15:00Z,66.392,47.873,39.444,ok,demo-generator,174
EG-004,2026-03-02T19:30:00Z,66.653,46.604,38.953,ok,demo-generator,175
EG-004,2026-03-02T19:45:00Z,66.226,48.630,37.725,ok,demo-generator,176
EG-004,2026-03-02T20:00:00Z,66.131,47.369,37.339,ok,demo-generator,177
EG-004,2026-03-02T20:15:00Z,66.229,49.482,38.381,ok,demo-generator,178
EG-004,2026-03-02T20:30:00Z,66.585,51.267,39.194,ok,demo-generator,179
EG-004,2026-03-02T20:45:00Z,66.143,50.864,38.126,ok,demo-generator,180
EG-004,2026-03-02T21:00:00Z,66.145,52.341,38.754,ok,demo-generator,181
EG-004,2026-03-02T21:15:00Z,66.627,53.907,40.080,ok,demo-generator,182
EG-004,2026-03-02T21:30:00Z,66.598,53.454,40.454,ok,demo-generator,183
EG-004,2026-03-02T21:45:00Z,66.358,54.873,40.511,ok,demo-generator,184
EG-004,2026-03-02T22:00:00Z,66.630,55.722,39.928,ok,demo-generator,185
EG-004,2026-03-02T22:15:00Z,66.365,55.237,41.086,ok,demo-generator,186
EG-004,2026-03-02T22:30:00Z,66.642,55.844,40.110,ok,demo-generator,187
EG-004,2026-03-02T22:45:00Z,66.131,59.137,42.688,ok,demo-generator,188
EG-004,2026-03-02T23:00:00Z,66.633,56.468,41.568,ok,demo-generator,189
EG-004,2026-03-02T23:15:00Z,66.007,58.702,42.069,ok,demo-generator,190
EG-004,2026-03-02T23:30:00Z,66.316,58.764,42.987,ok,demo-generator,191
EG-004,2026-03-02T23:45:00Z,66.285,58.769,43.474,ok,demo-generator,192
EG-005,2026-03-01T00:00:00Z,66.467,62.307,43.562,ok,demo-generator,1
EG-005,2026-03-01T00:15:00Z,66.668,59.741,44.868,ok,demo-generator,2
EG-005,2026-03-01T00:30:00Z,66.814,61.222,45.440,ok,demo-generator,3
EG-005,2026-03-01T00:45:00Z,66.514,61.425,44.276,ok,demo-generator,4
EG-005,2026-03-01T01:00:00Z,67.000,58.418,44.370,ok,demo-generator,5
EG-005,2026-03-01T01:15:00Z,66.451,59.444,45.479,ok,demo-generator,6
EG-005,2026-03-01T01:30:00Z,66.440,60.801,47.181,ok,demo-generator,7
EG-005,2026-03-01T01:45:00Z,66.753,57.991,45.854,ok,demo-generator,8
EG-005,2026-03-01T02:00:00Z,67.018,57.437,46.168,ok,demo-generator,9
EG-005,2026-03-01T02:15:00Z,66.818,59.818,47.782,ok,demo-generator,10
EG-005,2026-03-01T02:30:00Z,66.670,58.048,46.488,ok,demo-generator,11
EG-005,2026-03-01T02:45:00Z,66.842,59.793,48.943,ok,demo-generator,12
EG-005,2026-03-01T03:00:00Z,66.857,58.442,48.615,ok,demo-generator,13
EG-005,2026-03-01T03:15:00Z,67.083,58.240,48.472,ok,demo-generator,14
EG-005,2026-03-01T03:30:00Z,66.951,59.592,50.574,ok,demo-generator,15
EG-005,2026-03-01T03:45:00Z,66.723,60.034,50.530,ok,demo-generator,16
EG-005,2026-03-01T04:00:00Z,66.855,59.585,50.678,ok,demo-generator,17
EG-005,2026-03-01T04:15:00Z,67.110,58.110,50.290,ok,demo-generator,18
EG-005,2026-03-01T04:30:00Z,66.742,58.936,50.926,ok,demo-generator,19
EG-005,2026-03-01T04:45:00Z,66.510,61.415,52.269,ok,demo-generator,20
EG-005,2026-03-01T05:00:00Z,66.802,62.382,53.222,ok,demo-generator,21
EG-005,2026-03-01T05:15:00Z,66.356,63.622,53.620,ok,demo-generator,22
EG-005,2026-03-01T05:30:00Z,66.708,64.533,54.072,ok,demo-generator,23
EG-005,2026-03-01T05:45:00Z,66.199,64.112,54.841,ok,demo-generator,24
EG-005,2026-03-01T06:00:00Z,66.630,68.085,56.377,ok,demo-generator,25
EG-005,2026-03-01T06:15:00Z,66.565,67.241,56.501,ok,demo-generator,26
EG-005,2026-03-01T06:30:00Z,65.859,70.592,56.983,ok,demo-generator,27
EG-005,2026-03-01T06:45:00Z,65.830,70.622,58.872,ok,demo-generator,28
EG-005,2026-03-01T07:00:00Z,65.831,71.045,57.671,ok,demo-generator,29
EG-005,2026-03-01T07:15:00Z,66.082,74.828,59.598,ok,demo-generator,30
EG-005,2026-03-01T07:30:00Z,65.947,73.241,59.141,ok,demo-generator,31
EG-005,2026-03-01T07:45:00Z,65.603,76.894,61.810,ok,demo-generator,32
EG-005,2026-03-01T08:00:00Z,65.775,77.105,61.438,ok,demo-generator,33
EG-005,2026-03-01T08:15:00Z,65.778,80.501,63.127,ok,demo-generator,34
EG-005,2026-03-01T08:30:00Z,65.304,78.794,62.124,ok,demo-generator,35
EG-005,2026-03-01T08:45:00Z,65.354,81.594,61.951,ok,demo-generator,36
EG-005,2026-03-01T09:00:00Z,65.357,82.007,62.541,ok,demo-generator,37
EG-005,2026-03-01T09:15:00Z,65.009,82.368,64.091,ok,demo-generator,38
EG-005,2026-03-01T09:30:00Z,65.062,83.362,63.918,ok,demo-generator,39
EG-005,2026-03-01T09:45:00Z,64.918,84.470,63.809,ok,demo-generator,40
EG-005,2026-03-01T10:00:00Z,65.102,85.104,64.647,ok,demo-generator,41
EG-005,2026-03-01T10:15:00Z,64.995,85.583,64.849,ok,demo-generator,42
EG-005,2026-03-01T10:30:00Z,65.180,87.108,65.106,ok,demo-generator,43
EG-005,2026-03-01T10:45:00Z,64.890,88.186,64.254,ok,demo-generator,44
EG-005,2026-03-01T11:00:00Z,65.025,88.095,64.998,ok,demo-generator,45
EG-005,2026-03-01T11:15:00Z,64.859,88.253,64.252,ok,demo-generator,46
EG-005,2026-03-01T11:30:00Z,65.047,85.085,62.266,ok,demo-generator,47
EG-005,2026-03-01T11:45:00Z,64.370,87.005,63.831,ok,demo-generator,48
EG-005,2026-03-01T12:00:00Z,64.770,84.083,61.719,ok,demo-generator,49
EG-005,2026-03-01T12:15:00Z,64.689,84.949,61.488,ok,demo-generator,50
EG-005,2026-03-01T12:30:00Z,64.475,85.060,60.413,ok,demo-generator,51
EG-005,2026-03-01T12:45:00Z,64.544,82.484,60.408,ok,demo-generator,52
EG-005,2026-03-01T13:00:00Z,64.861,83.950,60.499,ok,demo-generator,53
EG-005,2026-03-01T13:15:00Z,64.855,81.491,58.199,ok,demo-generator,54
EG-005,2026-03-01T13:30:00Z,64.696,79.783,58.647,ok,demo-generator,55
EG-005,2026-03-01T13:45:00Z,64.946,81.046,57.681,ok,demo-generator,56
EG-005,2026-03-01T14:00:00Z,65.139,77.468,56.293,ok,demo-generator,57
EG-005,2026-03-01T14:15:00Z,65.322,76.105,56.365,ok,demo-generator,58
EG-005,2026-03-01T14:30:00Z,64.917,75.998,55.584,ok,demo-generator,59
EG-005,2026-03-01T14:45:00Z,65.239,75.978,54.846,ok,demo-generator,60
EG-005,2026-03-01T15:00:00Z,64.997,72.350,52.235,ok,demo-generator,61
EG-005,2026-03-01T15:15:00Z,64.881,71.565,52.369,ok,demo-generator,62
EG-005,2026-03-01T15:30:00Z,64.740,73.062,51.293,ok,demo-generator,63
EG-005,2026-03-01T15:45:00Z,65.528,69.517,50.919,ok,demo-generator,64
EG-005,2026-03-01T16:00:00Z,65.276,69.488,49.458,ok,demo-generator,65
EG-005,2026-03-01T16:15:00Z,65.527,68.799,49.827,ok,demo-generator,66
EG-005,2026-03-01T16:30:00Z,65.582,66.277,47.825,ok,demo-generator,67
EG-005,2026-03-01T16:45:00Z,65.495,68.039,48.128,ok,demo-generator,68
EG-005,2026-03-01T17:00:00Z,65.291,65.469,48.205,ok,demo-generator,69
EG-005,2026-03-01T17:15:00Z,65.161,66.531,47.467,ok,demo-generator,70
EG-005,2026-03-01T17:30:00Z,65.865,64.435,46.260,ok,demo-generator,71
EG-005,2026-03-01T17:45:00Z,65.733,63.138,44.264,ok,demo-generator,72
EG-005,2026-03-01T18:00:00Z,65.891,64.841,46.231,ok,demo-generator,73
EG-005,2026-03-01T18:15:00Z,65.922,62.298,45.228,ok,demo-generator,74
EG-005,2026-03-01T18:30:00Z,65.954,63.929,45.195,ok,demo-generator,75
EG-005,2026-03-01T18:45:00Z,65.709,63.779,44.199,ok,demo-generator,76
EG-005,2026-03-01T19:00:00Z,65.302,64.430,43.326,ok,demo-generator,77
EG-005,2026-03-01T19:15:00Z,65.610,64.355,43.814,ok,demo-generator,78
EG-005,2026-03-01T19:30:00Z,65.845,63.658,43.222,ok,demo-generator,79
EG-005,2026-03-01T19:45:00Z,66.036,62.903,43.379,ok,demo-generator,80
EG-005,2026-03-01T20:00:00Z,66.018,62.205,43.677,ok,demo-generator,81
EG-005,2026-03-01T20:15:00Z,65.643,63.712,43.976,ok,demo-generator,82
EG-005,2026-03-01T20:30:00Z,66.139,62.687,42.396,ok,demo-generator,83
EG-005,2026-03-01T20:45:00Z,65.480,65.197,44.226,ok,demo-generator,84
EG-005,2026-03-01T21:00:00Z,66.126,64.533,43.232,ok,demo-generator,85
EG-005,2026-03-01T21:15:00Z,65.862,63.953,43.970,ok,demo-generator,86
EG-005,2026-03-01T21:30:00Z,65.829,62.420,43.179,ok,demo-generator,87
EG-005,2026-03-01T21:45:00Z,66.311,63.226,43.533,ok,demo-generator,88
EG-005,2026-03-01T22:00:00Z,66.136,63.394,43.645,ok,demo-generator,89
EG-005,2026-03-01T22:15:00Z,65.978,62.389,43.509,ok,demo-generator,90
EG-005,2026-03-01T22:30:00Z,66.354,63.249,42.519,ok,demo-generator,91
EG-005,2026-03-01T22:45:00Z,66.472,62.901,42.673,ok,demo-generator,92
EG-005,2026-03-01T23:00:00Z,66.377,61.763,43.187,ok,demo-generator,93
EG-005,2026-03-01T23:15:00Z,66.313,61.005,42.424,ok,demo-generator,94
EG-005,2026-03-01T23:30:00Z,66.446,62.290,43.964,ok,demo-generator,95
EG-005,2026-03-01T23:45:00Z,66.574,60.564,43.979,ok,demo-generator,96
EG-005,2026-03-02T00:00:00Z,66.772,61.336,43.598,ok,demo-generator,97
EG-005,2026-03-02T00:15:00Z,66.682,62.377,44.862,ok,demo-generator,98
EG-005,2026-03-02T00:30:00Z,66.694,60.972,45.142,ok,demo-generator,99
EG-005,2026-03-02T00:45:00Z,66.634,59.342,44.652,ok,demo-generator,100
EG-005,2026-03-02T01:00:00Z,66.262,61.351,45.981,ok,demo-generator,101
EG-005,2026-03-02T01:15:00Z,66.625,57.961,44.344,ok,demo-generator,102
EG-005,2026-03-02T01:30:00Z,66.522,59.931,45.888,ok,demo-generator,103
EG-005,2026-03-02T01:45:00Z,66.801,58.841,46.655,ok,demo-generator,104
EG-005,2026-03-02T02:00:00Z,66.838,60.223,47.956,ok,demo-generator,105
EG-005,2026-03-02T02:15:00Z,66.714,56.856,46.840,ok,demo-generator,106
EG-005,2026-03-02T02:30:00Z,66.545,58.646,47.939,ok,demo-generator,107
EG-005,2026-03-02T02:45:00Z,66.641,59.405,48.208,ok,demo-generator,108
EG-005,2026-03-02T03:00:00Z,66.970,57.593,47.797,ok,demo-generator,109
EG-005,2026-03-02T03:15:00Z,66.928,59.724,49.864,ok,demo-generator,110
EG-005,2026-03-02T03:30:00Z,66.557,58.369,50.064,ok,demo-generator,111
EG-005,2026-03-02T03:45:00Z,67.102,60.339,49.655,ok,demo-generator,112
EG-005,2026-03-02T04:00:00Z,66.967,58.712,49.351,ok,demo-generator,113
EG-005,2026-03-02T04:15:00Z,66.808,58.895,50.229,ok,demo-generator,114
EG-005,2026-03-02T04:30:00Z,66.722,58.926,52.074,ok,demo-generator,115
EG-005,2026-03-02T04:45:00Z,66.655,60.904,52.263,ok,demo-generator,116
EG-005,2026-03-02T05:00:00Z,66.509,61.423,53.189,ok,demo-generator,117
EG-005,2026-03-02T05:15:00Z,66.453,64.708,54.291,ok,demo-generator,118
EG-005,2026-03-02T05:30:00Z,66.298,63.643,54.403,ok,demo-generator,119
EG-005,2026-03-02T05:45:00Z,66.783,64.989,56.231,ok,demo-generator,120
EG-005,2026-03-02T06:00:00Z,66.396,68.092,56.772,ok,demo-generator,121
EG-005,2026-03-02T06:15:00Z,66.333,68.164,57.118,ok,demo-generator,122
EG-005,2026-03-02T06:30:00Z,66.280,68.356,57.593,ok,demo-generator,123
EG-005,2026-03-02T06:45:00Z,65.791,70.500,58.133,ok,demo-generator,124
EG-005,2026-03-02T07:00:00Z,65.878,72.942,58.625,ok,demo-generator,125
EG-005,2026-03-02T07:15:00Z,65.710,72.814,59.432,ok,demo-generator,126
EG-005,2026-03-02T07:30:00Z,66.116,76.146,61.231,ok,demo-generator,127
EG-005,2026-03-02T07:45:00Z,65.585,76.431,59.858,ok,demo-generator,128
EG-005,2026-03-02T08:00:00Z,65.395,76.864,60.918,ok,demo-generator,129
EG-005,2026-03-02T08:15:00Z,65.826,79.483,61.597,ok,demo-generator,130
EG-005,2026-03-02T08:30:00Z,65.680,79.148,61.960,ok,demo-generator,131
EG-005,2026-03-02T08:45:00Z,65.680,80.500,61.909,ok,demo-generator,132
EG-005,2026-03-02T09:00:00Z,65.468,81.767,63.581,ok,demo-generator,133
EG-005,2026-03-02T09:15:00Z,64.861,83.546,64.575,ok,demo-generator,134
EG-005,2026-03-02T09:30:00Z,65.213,83.771,62.453,ok,demo-generator,135
EG-005,2026-03-02T09:45:00Z,65.273,86.048,64.412,ok,demo-generator,136
EG-005,2026-03-02T10:00:00Z,64.997,86.469,64.084,ok,demo-generator,137
EG-005,2026-03-02T10:15:00Z,64.828,86.662,64.020,ok,demo-generator,138
EG-005,2026-03-02T10:30:00Z,65.014,85.179,64.574,ok,demo-generator,139
EG-005,2026-03-02T10:45:00Z,64.692,87.835,63.993,ok,demo-generator,140
EG-005,2026-03-02T11:00:00Z,64.676,87.217,63.406,ok,demo-generator,141
EG-005,2026-03-02T11:15:00Z,65.092,87.078,63.958,ok,demo-generator,142
EG-005,2026-03-02T11:30:00Z,64.465,87.432,62.930,ok,demo-generator,143
EG-005,2026-03-02T11:45:00Z,64.552,84.491,62.340,ok,demo-generator,144
EG-005,2026-03-02T12:00:00Z,64.716,83.748,61.389,ok,demo-generator,145
EG-005,2026-03-02T12:15:00Z,64.674,86.146,61.831,ok,demo-generator,146
EG-005,2026-03-02T12:30:00Z,64.887,82.721,60.111,ok,demo-generator,147
EG-005,2026-03-02T12:45:00Z,64.572,82.445,60.787,ok,demo-generator,148
EG-005,2026-03-02T13:00:00Z,64.876,83.949,59.616,ok,demo-generator,149
EG-005,2026-03-02T13:15:00Z,64.709,82.616,58.418,ok,demo-generator,150
EG-005,2026-03-02T13:30:00Z,64.634,79.903,57.364,ok,demo-generator,151
EG-005,2026-03-02T13:45:00Z,65.055,80.553,57.303,ok,demo-generator,152
EG-005,2026-03-02T14:00:00Z,64.841,79.799,58.198,ok,demo-generator,153
EG-005,2026-03-02T14:15:00Z,65.216,77.133,55.471,ok,demo-generator,154
EG-005,2026-03-02T14:30:00Z,64.852,75.676,54.256,ok,demo-generator,155
EG-005,2026-03-02T14:45:00Z,65.354,74.748,55.223,ok,demo-generator,156
EG-005,2026-03-02T15:00:00Z,65.106,72.466,52.905,ok,demo-generator,157
EG-005,2026-03-02T15:15:00Z,64.951,70.603,51.236,ok,demo-generator,158
EG-005,2026-03-02T15:30:00Z,65.278,70.975,50.665,ok,demo-generator,159
EG-005,2026-03-02T15:45:00Z,65.248,70.747,50.157,ok,demo-generator,160
EG-005,2026-03-02T16:00:00Z,65.458,68.873,49.160,ok,demo-generator,161
EG-005,2026-03-02T16:15:00Z,65.532,67.657,48.160,ok,demo-generator,162
EG-005,2026-03-02T16:30:00Z,65.160,66.209,48.013,ok,demo-generator,163
EG-005,2026-03-02T16:45:00Z,65.100,67.511,47.458,ok,demo-generator,164
EG-005,2026-03-02T17:00:00Z,65.677,65.237,46.808,ok,demo-generator,165
EG-005,2026-03-02T17:15:00Z,65.725,65.111,46.347,ok,demo-generator,166
EG-005,2026-03-02T17:30:00Z,65.078,66.645,45.807,ok,demo-generator,167
EG-005,2026-03-02T17:45:00Z,65.729,66.150,47.204,ok,demo-generator,168
EG-005,2026-03-02T18:00:00Z,65.815,63.675,44.643,ok,demo-generator,169
EG-005,2026-03-02T18:15:00Z,65.851,65.432,46.075,ok,demo-generator,170
EG-005,2026-03-02T18:30:00Z,65.444,64.979,44.448,ok,demo-generator,171
EG-005,2026-03-02T18:45:00Z,65.811,63.229,43.409,ok,demo-generator,172
EG-005,2026-03-02T19:00:00Z,65.485,63.632,43.895,ok,demo-generator,173
EG-005,2026-03-02T19:15:00Z,65.720,62.396,43.510,ok,demo-generator,174
EG-005,2026-03-02T19:30:00Z,65.608,63.006,43.414,ok,demo-generator,175
EG-005,2026-03-02T19:45:00Z,66.009,63.100,43.324,ok,demo-generator,176
EG-005,2026-03-02T20:00:00Z,65.630,62.058,42.310,ok,demo-generator,177
EG-005,2026-03-02T20:15:00Z,66.050,62.697,41.710,ok,demo-generator,178
EG-005,2026-03-02T20:30:00Z,65.469,65.042,43.605,ok,demo-generator,179
EG-005,2026-03-02T20:45:00Z,65.621,62.590,43.035,ok,demo-generator,180
EG-005,2026-03-02T21:00:00Z,65.838,65.626,42.848,ok,demo-generator,181
EG-005,2026-03-02T21:15:00Z,65.816,64.528,42.801,ok,demo-generator,182
EG-005,2026-03-02T21:30:00Z,65.657,64.303,42.509,ok,demo-generator,183
EG-005,2026-03-02T21:45:00Z,65.794,62.932,42.898,ok,demo-generator,184
EG-005,2026-03-02T22:00:00Z,65.895,64.292,43.183,ok,demo-generator,185
EG-005,2026-03-02T22:15:00Z,66.280,64.788,42.706,ok,demo-generator,186
EG-005,2026-03-02T22:30:00Z,65.746,64.571,42.784,ok,demo-generator,187
EG-005,2026-03-02T22:45:00Z,66.037,63.201,43.517,ok,demo-generator,188
EG-005,2026-03-02T23:00:00Z,66.627,61.401,42.095,ok,demo-generator,189
EG-005,2026-03-02T23:15:00Z,66.277,62.283,43.284,ok,demo-generator,190
EG-005,2026-03-02T23:30:00Z,66.693,60.960,44.558,ok,demo-generator,191
EG-005,2026-03-02T23:45:00Z,66.338,61.206,43.295,ok,demo-generator,192
EG-006,2026-03-01T00:00:00Z,66.074,64.949,46.018,ok,demo-generator,1
EG-006,2026-03-01T00:15:00Z,66.367,64.292,44.786,ok,demo-generator,2
EG-006,2026-03-01T00:30:00Z,66.182,66.662,47.375,ok,demo-generator,3
EG-006,2026-03-01T00:45:00Z,65.932,66.715,47.230,ok,demo-generator,4
EG-006,2026-03-01T01:00:00Z,66.321,64.677,47.153,ok,demo-generator,5
EG-006,2026-03-01T01:15:00Z,66.191,64.095,46.704,ok,demo-generator,6
EG-006,2026-03-01T01:30:00Z,66.104,65.391,47.209,ok,demo-generator,7
EG-006,2026-03-01T01:45:00Z,66.587,62.964,47.548,ok,demo-generator,8
EG-006,2026-03-01T02:00:00Z,66.782,62.916,48.984,ok,demo-generator,9
EG-006,2026-03-01T02:15:00Z,66.235,63.334,49.563,ok,demo-generator,10
EG-006,2026-03-01T02:30:00Z,66.277,65.498,48.647,ok,demo-generator,11
EG-006,2026-03-01T02:45:00Z,66.400,64.333,49.388,ok,demo-generator,12
EG-006,2026-03-01T03:00:00Z,66.743,63.096,49.859,ok,demo-generator,13
EG-006,2026-03-01T03:15:00Z,66.805,63.662,50.091,ok,demo-generator,14
EG-006,2026-03-01T03:30:00Z,66.561,64.038,51.979,ok,demo-generator,15
EG-006,2026-03-01T03:45:00Z,66.280,65.532,52.452,ok,demo-generator,16
EG-006,2026-03-01T04:00:00Z,66.652,67.233,52.869,ok,demo-generator,17
EG-006,2026-03-01T04:15:00Z,66.442,67.682,53.667,ok,demo-generator,18
EG-006,2026-03-01T04:30:00Z,66.252,67.439,53.081,ok,demo-generator,19
EG-006,2026-03-01T04:45:00Z,66.507,66.303,53.717,ok,demo-generator,20
EG-006,2026-03-01T05:00:00Z,66.277,68.160,56.057,ok,demo-generator,21
EG-006,2026-03-01T05:15:00Z,66.297,69.311,54.829,ok,demo-generator,22
EG-006,2026-03-01T05:30:00Z,66.524,69.401,56.274,ok,demo-generator,23
EG-006,2026-03-01T05:45:00Z,66.432,70.603,56.066,ok,demo-generator,24
EG-006,2026-03-01T06:00:00Z,65.798,73.713,59.116,ok,demo-generator,25
EG-006,2026-03-01T06:15:00Z,65.707,73.409,58.922,ok,demo-generator,26
EG-006,2026-03-01T06:30:00Z,65.708,73.404,58.599,ok,demo-generator,27
EG-006,2026-03-01T06:45:00Z,66.151,75.725,59.931,ok,demo-generator,28
EG-006,2026-03-01T07:00:00Z,65.893,77.135,59.991,ok,demo-generator,29
EG-006,2026-03-01T07:15:00Z,65.603,77.011,60.664,ok,demo-generator,30
EG-006,2026-03-01T07:30:00Z,65.861,80.783,62.638,ok,demo-generator,31
EG-006,2026-03-01T07:45:00Z,65.355,81.005,63.126,ok,demo-generator,32
EG-006,2026-03-01T08:00:00Z,65.505,81.276,63.542,ok,demo-generator,33
EG-006,2026-03-01T08:15:00Z,65.406,84.028,62.488,ok,demo-generator,34
EG-006,2026-03-01T08:30:00Z,65.617,83.363,63.609,ok,demo-generator,35
EG-006,2026-03-01T08:45:00Z,65.336,85.341,65.069,ok,demo-generator,36
EG-006,2026-03-01T09:00:00Z,64.965,85.843,63.326,ok,demo-generator,37
EG-006,2026-03-01T09:15:00Z,65.240,88.779,64.245,ok,demo-generator,38
EG-006,2026-03-01T09:30:00Z,65.259,87.429,65.004,ok,demo-generator,39
EG-006,2026-03-01T09:45:00Z,64.979,89.361,66.085,ok,demo-generator,40
EG-006,2026-03-01T10:00:00Z,64.609,90.356,65.458,ok,demo-generator,41
EG-006,2026-03-01T10:15:00Z,64.754,89.454,65.924,ok,demo-generator,42
EG-006,2026-03-01T10:30:00Z,64.434,91.855,65.239,ok,demo-generator,43
EG-006,2026-03-01T10:45:00Z,64.893,90.403,66.017,ok,demo-generator,44
EG-006,2026-03-01T11:00:00Z,64.597,90.711,65.574,ok,demo-generator,45
EG-006,2026-03-01T11:15:00Z,64.968,90.092,65.271,ok,demo-generator,46
EG-006,2026-03-01T11:30:00Z,64.514,89.663,63.401,ok,demo-generator,47
EG-006,2026-03-01T11:45:00Z,64.846,90.686,64.255,ok,demo-generator,48
EG-006,2026-03-01T12:00:00Z,64.706,88.688,62.876,ok,demo-generator,49
EG-006,2026-03-01T12:15:00Z,64.869,88.218,63.338,ok,demo-generator,50
EG-006,2026-03-01T12:30:00Z,64.563,88.781,62.137,ok,demo-generator,51
EG-006,2026-03-01T12:45:00Z,64.294,86.306,60.316,ok,demo-generator,52
EG-006,2026-03-01T13:00:00Z,64.684,84.621,59.275,ok,demo-generator,53
EG-006,2026-03-01T13:15:00Z,64.427,85.529,59.528,ok,demo-generator,54
EG-006,2026-03-01T13:30:00Z,64.531,82.821,59.004,ok,demo-generator,55
EG-006,2026-03-01T13:45:00Z,65.099,81.777,57.443,ok,demo-generator,56
EG-006,2026-03-01T14:00:00Z,65.172,79.970,57.794,ok,demo-generator,57
EG-006,2026-03-01T14:15:00Z,64.582,79.202,55.474,ok,demo-generator,58
EG-006,2026-03-01T14:30:00Z,64.628,76.727,54.149,ok,demo-generator,59
EG-006,2026-03-01T14:45:00Z,64.909,74.973,53.324,ok,demo-generator,60
EG-006,2026-03-01T15:00:00Z,64.790,76.699,53.569,ok,demo-generator,61
EG-006,2026-03-01T15:15:00Z,64.708,74.924,54.300,ok,demo-generator,62
EG-006,2026-03-01T15:30:00Z,64.881,72.485,52.151,ok,demo-generator,63
EG-006,2026-03-01T15:45:00Z,65.350,72.514,50.749,ok,demo-generator,64
EG-006,2026-03-01T16:00:00Z,64.811,71.999,50.631,ok,demo-generator,65
EG-006,2026-03-01T16:15:00Z,65.041,69.621,49.563,ok,demo-generator,66
EG-006,2026-03-01T16:30:00Z,65.137,68.954,48.950,ok,demo-generator,67
EG-006,2026-03-01T16:45:00Z,65.379,67.363,48.538,ok,demo-generator,68
EG-006,2026-03-01T17:00:00Z,65.281,65.472,47.275,ok,demo-generator,69
EG-006,2026-03-01T17:15:00Z,65.819,65.206,47.466,ok,demo-generator,70
EG-006,2026-03-01T17:30:00Z,65.743,66.418,47.284,ok,demo-generator,71
EG-006,2026-03-01T17:45:00Z,65.614,65.128,45.478,ok,demo-generator,72
EG-006,2026-03-01T18:00:00Z,65.343,63.487,44.083,ok,demo-generator,73
EG-006,2026-03-01T18:15:00Z,65.202,65.776,46.283,ok,demo-generator,74
EG-006,2026-03-01T18:30:00Z,65.352,64.025,43.561,ok,demo-generator,75
EG-006,2026-03-01T18:45:00Z,65.332,63.087,44.813,ok,demo-generator,76
EG-006,2026-03-01T19:00:00Z,65.265,65.583,44.234,ok,demo-generator,77
EG-006,2026-03-01T19:15:00Z,65.804,63.409,43.693,ok,demo-generator,78
EG-006,2026-03-01T19:30:00Z,65.501,64.856,44.291,ok,demo-generator,79
EG-006,2026-03-01T19:45:00Z,66.036,64.483,44.521,ok,demo-generator,80
EG-006,2026-03-01T20:00:00Z,65.314,66.415,45.073,ok,demo-generator,81
EG-006,2026-03-01T20:15:00Z,65.717,66.265,43.946,ok,demo-generator,82
EG-006,2026-03-01T20:30:00Z,65.891,65.412,43.307,ok,demo-generator,83
EG-006,2026-03-01T20:45:00Z,65.687,63.721,42.727,ok,demo-generator,84
EG-006,2026-03-01T21:00:00Z,65.451,65.528,44.192,ok,demo-generator,85
EG-006,2026-03-01T21:15:00Z,66.062,66.935,43.485,ok,demo-generator,86
EG-006,2026-03-01T21:30:00Z,66.098,66.977,43.052,ok,demo-generator,87
EG-006,2026-03-01T21:45:00Z,65.650,66.876,44.390,ok,demo-generator,88
EG-006,2026-03-01T22:00:00Z,65.938,65.952,43.390,ok,demo-generator,89
EG-006,2026-03-01T22:15:00Z,66.295,64.703,44.364,ok,demo-generator,90
EG-006,2026-03-01T22:30:00Z,65.717,65.121,43.587,ok,demo-generator,91
EG-006,2026-03-01T22:45:00Z,65.730,66.592,44.048,ok,demo-generator,92
EG-006,2026-03-01T23:00:00Z,65.929,64.860,43.480,ok,demo-generator,93
EG-006,2026-03-01T23:15:00Z,66.349,64.954,43.874,ok,demo-generator,94
EG-006,2026-03-01T23:30:00Z,66.281,67.596,45.451,ok,demo-generator,95
EG-006,2026-03-01T23:45:00Z,65.953,65.176,45.460,ok,demo-generator,96
EG-006,2026-03-02T00:00:00Z,66.043,66.009,46.097,ok,demo-generator,97
EG-006,2026-03-02T00:15:00Z,65.977,67.223,47.157,ok,demo-generator,98
EG-006,2026-03-02T00:30:00Z,65.992,64.212,46.613,ok,demo-generator,99
EG-006,2026-03-02T00:45:00Z,66.391,65.580,45.877,ok,demo-generator,100
EG-006,2026-03-02T01:00:00Z,66.115,64.157,46.898,ok,demo-generator,101
EG-006,2026-03-02T01:15:00Z,66.364,63.183,46.261,ok,demo-generator,102
EG-006,2026-03-02T01:30:00Z,66.099,66.261,48.031,ok,demo-generator,103
EG-006,2026-03-02T01:45:00Z,66.756,63.547,48.318,ok,demo-generator,104
EG-006,2026-03-02T02:00:00Z,66.596,64.512,47.832,ok,demo-generator,105
EG-006,2026-03-02T02:15:00Z,66.668,62.906,47.927,ok,demo-generator,106
EG-006,2026-03-02T02:30:00Z,66.785,64.476,49.256,ok,demo-generator,107
EG-006,2026-03-02T02:45:00Z,66.857,63.028,48.671,ok,demo-generator,108
EG-006,2026-03-02T03:00:00Z,66.312,63.073,49.281,ok,demo-generator,109
EG-006,2026-03-02T03:15:00Z,66.480,66.255,51.854,ok,demo-generator,110
EG-006,2026-03-02T03:30:00Z,66.551,64.409,51.309,ok,demo-generator,111
EG-006,2026-03-02T03:45:00Z,66.764,65.276,51.845,ok,demo-generator,112
EG-006,2026-03-02T04:00:00Z,66.327,63.989,51.086,ok,demo-generator,113
EG-006,2026-03-02T04:15:00Z,66.269,67.094,52.439,ok,demo-generator,114
EG-006,2026-03-02T04:30:00Z,66.281,65.420,53.112,ok,demo-generator,115
EG-006,2026-03-02T04:45:00Z,66.511,67.194,54.274,ok,demo-generator,116
EG-006,2026-03-02T05:00:00Z,66.497,67.874,53.865,ok,demo-generator,117
EG-006,2026-03-02T05:15:00Z,66.272,69.379,56.196,ok,demo-generator,118
EG-006,2026-03-02T05:30:00Z,66.275,68.719,55.295,ok,demo-generator,119
EG-006,2026-03-02T05:45:00Z,66.241,72.476,57.997,ok,demo-generator,120
EG-006,2026-03-02T06:00:00Z,66.351,73.319,58.344,ok,demo-generator,121
EG-006,2026-03-02T06:15:00Z,66.129,74.500,59.434,ok,demo-generator,122
EG-006,2026-03-02T06:30:00Z,65.890,74.688,59.724,ok,demo-generator,123
EG-006,2026-03-02T06:45:00Z,66.277,74.608,60.129,ok,demo-generator,124
EG-006,2026-03-02T07:00:00Z,65.676,76.260,60.981,ok,demo-generator,125
EG-006,2026-03-02T07:15:00Z,65.652,80.313,61.827,ok,demo-generator,126
EG-006,2026-03-02T07:30:00Z,65.692,78.269,61.895,ok,demo-generator,127
EG-006,2026-03-02T07:45:00Z,65.748,82.617,62.056,ok,demo-generator,128
EG-006,2026-03-02T08:00:00Z,65.323,82.792,63.634,ok,demo-generator,129
EG-006,2026-03-02T08:15:00Z,65.552,83.732,63.635,ok,demo-generator,130
EG-006,2026-03-02T08:30:00Z,65.673,83.163,63.278,ok,demo-generator,131
EG-006,2026-03-02T08:45:00Z,65.483,86.888,64.284,ok,demo-generator,132
EG-006,2026-03-02T09:00:00Z,64.885,85.678,63.247,ok,demo-generator,133
EG-006,2026-03-02T09:15:00Z,64.798,88.606,65.421,ok,demo-generator,134
EG-006,2026-03-02T09:30:00Z,65.220,89.006,64.433,ok,demo-generator,135
EG-006,2026-03-02T09:45:00Z,65.213,88.668,64.053,ok,demo-generator,136
EG-006,2026-03-02T10:00:00Z,65.126,90.405,65.193,ok,demo-generator,137
EG-006,2026-03-02T10:15:00Z,64.778,89.955,66.097,ok,demo-generator,138
EG-006,2026-03-02T10:30:00Z,64.809,88.877,65.132,ok,demo-generator,139
EG-006,2026-03-02T10:45:00Z,64.718,88.931,64.091,ok,demo-generator,140
EG-006,2026-03-02T11:00:00Z,64.810,91.084,65.649,ok,demo-generator,141
EG-006,2026-03-02T11:15:00Z,64.564,90.273,63.520,ok,demo-generator,142
EG-006,2026-03-02T11:30:00Z,64.396,90.102,63.491,ok,demo-generator,143
EG-006,2026-03-02T11:45:00Z,64.439,90.012,64.454,ok,demo-generator,144
EG-006,2026-03-02T12:00:00Z,64.621,89.630,63.027,ok,demo-generator,145
EG-006,2026-03-02T12:15:00Z,64.302,87.606,63.044,ok,demo-generator,146
EG-006,2026-03-02T12:30:00Z,64.360,85.864,61.748,ok,demo-generator,147
EG-006,2026-03-02T12:45:00Z,64.847,85.159,60.430,ok,demo-generator,148
EG-006,2026-03-02T13:00:00Z,64.540,84.559,59.923,ok,demo-generator,149
EG-006,2026-03-02T13:15:00Z,64.750,83.701,59.168,ok,demo-generator,150
EG-006,2026-03-02T13:30:00Z,65.070,82.363,59.207,ok,demo-generator,151
EG-006,2026-03-02T13:45:00Z,64.653,81.894,57.758,ok,demo-generator,152
EG-006,2026-03-02T14:00:00Z,65.013,81.681,57.283,ok,demo-generator,153
EG-006,2026-03-02T14:15:00Z,64.714,80.489,57.559,ok,demo-generator,154
EG-006,2026-03-02T14:30:00Z,64.600,78.379,55.747,ok,demo-generator,155
EG-006,2026-03-02T14:45:00Z,64.774,77.835,55.173,ok,demo-generator,156
EG-006,2026-03-02T15:00:00Z,65.098,74.766,52.856,ok,demo-generator,157
EG-006,2026-03-02T15:15:00Z,64.865,73.892,52.886,ok,demo-generator,158
EG-006,2026-03-02T15:30:00Z,64.855,73.302,52.963,ok,demo-generator,159
EG-006,2026-03-02T15:45:00Z,65.273,70.368,50.322,ok,demo-generator,160
EG-006,2026-03-02T16:00:00Z,65.035,70.447,50.544,ok,demo-generator,161
EG-006,2026-03-02T16:15:00Z,65.244,70.251,50.979,ok,demo-generator,162
EG-006,2026-03-02T16:30:00Z,65.024,66.991,48.546,ok,demo-generator,163
EG-006,2026-03-02T16:45:00Z,65.329,66.112,48.541,ok,demo-generator,164
EG-006,2026-03-02T17:00:00Z,65.223,65.143,47.446,ok,demo-generator,165
EG-006,2026-03-02T17:15:00Z,65.604,64.866,46.411,ok,demo-generator,166
EG-006,2026-03-02T17:30:00Z,65.524,65.009,46.936,ok,demo-generator,167
EG-006,2026-03-02T17:45:00Z,65.795,64.747,44.850,ok,demo-generator,168
EG-006,2026-03-02T18:00:00Z,65.686,64.690,45.608,ok,demo-generator,169
EG-006,2026-03-02T18:15:00Z,65.274,65.616,44.823,ok,demo-generator,170
EG-006,2026-03-02T18:30:00Z,65.436,63.453,43.577,ok,demo-generator,171
EG-006,2026-03-02T18:45:00Z,65.754,64.861,44.173,ok,demo-generator,172
EG-006,2026-03-02T19:00:00Z,65.622,63.954,43.459,ok,demo-generator,173
EG-006,2026-03-02T19:15:00Z,65.772,64.506,43.016,ok,demo-generator,174
EG-006,2026-03-02T19:30:00Z,65.361,65.630,43.071,ok,demo-generator,175
EG-006,2026-03-02T19:45:00Z,65.401,65.953,42.970,ok,demo-generator,176
EG-006,2026-03-02T20:00:00Z,66.026,63.999,43.286,ok,demo-generator,177
EG-006,2026-03-02T20:15:00Z,66.007,65.044,42.833,ok,demo-generator,178
EG-006,2026-03-02T20:30:00Z,65.789,65.166,42.721,ok,demo-generator,179
EG-006,2026-03-02T20:45:00Z,65.667,65.040,43.111,ok,demo-generator,180
EG-006,2026-03-02T21:00:00Z,65.949,64.482,43.670,ok,demo-generator,181
EG-006,2026-03-02T21:15:00Z,65.831,65.932,43.686,ok,demo-generator,182
EG-006,2026-03-02T21:30:00Z,65.708,65.456,42.650,ok,demo-generator,183
EG-006,2026-03-02T21:45:00Z,66.016,64.596,43.248,ok,demo-generator,184
EG-006,2026-03-02T22:00:00Z,65.635,67.754,45.398,ok,demo-generator,185
EG-006,2026-03-02T22:15:00Z,66.188,66.243,44.845,ok,demo-generator,186
EG-006,2026-03-02T22:30:00Z,65.879,66.984,43.812,ok,demo-generator,187
EG-006,2026-03-02T22:45:00Z,65.898,64.735,44.072,ok,demo-generator,188
EG-006,2026-03-02T23:00:00Z,65.625,67.587,45.300,ok,demo-generator,189
EG-006,2026-03-02T23:15:00Z,65.843,66.585,44.324,ok,demo-generator,190
EG-006,2026-03-02T23:30:00Z,65.889,66.837,44.268,ok,demo-generator,191
EG-006,2026-03-02T23:45:00Z,66.228,67.337,45.736,ok,demo-generator,192
NG-001,2026-03-01T00:00:00Z,134.493,42.630,32.018,ok,demo-generator,1
NG-001,2026-03-01T00:15:00Z,134.618,39.488,33.239,ok,demo-generator,2
NG-001,2026-03-01T00:30:00Z,134.534,41.424,32.363,ok,demo-generator,3
NG-001,2026-03-01T00:45:00Z,134.781,42.423,33.852,ok,demo-generator,4
NG-001,2026-03-01T01:00:00Z,134.558,42.397,35.361,ok,demo-generator,5
NG-001,2026-03-01T01:15:00Z,134.673,41.674,34.502,ok,demo-generator,6
NG-001,2026-03-01T01:30:00Z,135.013,40.759,35.608,ok,demo-generator,7
NG-001,2026-03-01T01:45:00Z,134.891,40.929,34.227,ok,demo-generator,8
NG-001,2026-03-01T02:00:00Z,135.053,41.065,36.780,ok,demo-generator,9
NG-001,2026-03-01T02:15:00Z,135.615,39.199,34.900,ok,demo-generator,10
NG-001,2026-03-01T02:30:00Z,135.531,40.985,35.950,ok,demo-generator,11
NG-001,2026-03-01T02:45:00Z,135.284,39.143,36.693,ok,demo-generator,12
NG-001,2026-03-01T03:00:00Z,135.044,42.231,36.890,ok,demo-generator,13
NG-001,2026-03-01T03:15:00Z,135.616,39.947,38.442,ok,demo-generator,14
NG-001,2026-03-01T03:30:00Z,135.580,41.540,38.648,ok,demo-generator,15
NG-001,2026-03-01T03:45:00Z,135.586,39.932,38.895,ok,demo-generator,16
NG-001,2026-03-01T04:00:00Z,135.319,40.357,39.680,ok,demo-generator,17
NG-001,2026-03-01T04:15:00Z,135.326,41.514,40.464,ok,demo-generator,18
NG-001,2026-03-01T04:30:00Z,135.704,41.348,39.763,ok,demo-generator,19
NG-001,2026-03-01T04:45:00Z,135.360,43.520,41.128,ok,demo-generator,20
NG-001,2026-03-01T05:00:00Z,135.326,44.528,43.089,ok,demo-generator,21
NG-001,2026-03-01T05:15:00Z,134.952,44.613,43.831,ok,demo-generator,22
NG-001,2026-03-01T05:30:00Z,134.601,46.358,44.299,ok,demo-generator,23
NG-001,2026-03-01T05:45:00Z,135.067,47.292,43.871,ok,demo-generator,24
NG-001,2026-03-01T06:00:00Z,134.948,47.114,44.727,ok,demo-generator,25
NG-001,2026-03-01T06:15:00Z,134.754,48.479,46.304,ok,demo-generator,26
NG-001,2026-03-01T06:30:00Z,134.373,48.856,45.165,ok,demo-generator,27
NG-001,2026-03-01T06:45:00Z,134.439,49.982,46.629,ok,demo-generator,28
NG-001,2026-03-01T07:00:00Z,133.885,53.981,47.581,ok,demo-generator,29
NG-001,2026-03-01T07:15:00Z,133.689,53.306,47.083,ok,demo-generator,30
NG-001,2026-03-01T07:30:00Z,133.684,55.956,49.484,ok,demo-generator,31
NG-001,2026-03-01T07:45:00Z,133.538,56.308,49.055,ok,demo-generator,32
NG-001,2026-03-01T08:00:00Z,133.425,56.780,49.888,ok,demo-generator,33
NG-001,2026-03-01T08:15:00Z,133.588,58.578,51.109,ok,demo-generator,34
NG-001,2026-03-01T08:30:00Z,133.169,57.191,49.221,ok,demo-generator,35
NG-001,2026-03-01T08:45:00Z,133.321,60.155,49.915,ok,demo-generator,36
NG-001,2026-03-01T09:00:00Z,132.858,62.290,50.738,ok,demo-generator,37
NG-001,2026-03-01T09:15:00Z,132.503,62.889,51.153,ok,demo-generator,38
NG-001,2026-03-01T09:30:00Z,132.562,62.925,51.858,ok,demo-generator,39
NG-001,2026-03-01T09:45:00Z,132.238,64.515,52.767,ok,demo-generator,40
NG-001,2026-03-01T10:00:00Z,132.145,64.877,52.478,ok,demo-generator,41
NG-001,2026-03-01T10:15:00Z,132.384,62.064,51.842,ok,demo-generator,42
NG-001,2026-03-01T10:30:00Z,132.458,64.384,51.514,ok,demo-generator,43
NG-001,2026-03-01T10:45:00Z,132.055,63.023,50.832,ok,demo-generator,44
NG-001,2026-03-01T11:00:00Z,131.888,62.308,50.174,ok,demo-generator,45
NG-001,2026-03-01T11:15:00Z,132.207,64.745,50.084,ok,demo-generator,46
NG-001,2026-03-01T11:30:00Z,131.568,63.944,51.470,ok,demo-generator,47
NG-001,2026-03-01T11:45:00Z,131.951,62.997,50.928,ok,demo-generator,48
NG-001,2026-03-01T12:00:00Z,132.093,61.989,48.411,ok,demo-generator,49
NG-001,2026-03-01T12:15:00Z,131.559,62.226,49.145,ok,demo-generator,50
NG-001,2026-03-01T12:30:00Z,131.779,59.039,47.843,ok,demo-generator,51
NG-001,2026-03-01T12:45:00Z,132.288,59.927,46.592,ok,demo-generator,52
NG-001,2026-03-01T13:00:00Z,132.086,58.749,45.877,ok,demo-generator,53
NG-001,2026-03-01T13:15:00Z,132.666,54.473,44.325,ok,demo-generator,54
NG-001,2026-03-01T13:30:00Z,132.325,54.952,45.238,ok,demo-generator,55
NG-001,2026-03-01T13:45:00Z,132.326,51.984,44.167,ok,demo-generator,56
NG-001,2026-03-01T14:00:00Z,132.556,50.644,41.701,ok,demo-generator,57
NG-001,2026-03-01T14:15:00Z,132.612,50.908,43.341,ok,demo-generator,58
NG-001,2026-03-01T14:30:00Z,132.895,50.056,41.132,ok,demo-generator,59
NG-001,2026-03-01T14:45:00Z,132.889,47.281,40.739,ok,demo-generator,60
NG-001,2026-03-01T15:00:00Z,132.638,46.693,39.505,ok,demo-generator,61
NG-001,2026-03-01T15:15:00Z,132.905,45.798,38.198,ok,demo-generator,62
NG-001,2026-03-01T15:30:00Z,132.767,44.546,38.716,ok,demo-generator,63
NG-001,2026-03-01T15:45:00Z,133.383,41.464,37.565,ok,demo-generator,64
NG-001,2026-03-01T16:00:00Z,133.023,42.758,36.705,ok,demo-generator,65
NG-001,2026-03-01T16:15:00Z,133.712,40.394,35.994,ok,demo-generator,66
NG-001,2026-03-01T16:30:00Z,133.358,38.124,33.205,ok,demo-generator,67
NG-001,2026-03-01T16:45:00Z,133.226,39.343,33.323,ok,demo-generator,68
NG-001,2026-03-01T17:00:00Z,133.738,37.420,32.729,ok,demo-generator,69
NG-001,2026-03-01T17:15:00Z,133.737,37.831,32.378,ok,demo-generator,70
NG-001,2026-03-01T17:30:00Z,133.804,37.296,32.122,ok,demo-generator,71
NG-001,2026-03-01T17:45:00Z,133.518,36.797,31.506,ok,demo-generator,72
NG-001,2026-03-01T18:00:00Z,134.169,34.735,30.735,ok,demo-generator,73
NG-001,2026-03-01T18:15:00Z,134.074,35.690,31.483,ok,demo-generator,74
NG-001,2026-03-01T18:30:00Z,133.862,36.229,30.225,ok,demo-generator,75
NG-001,2026-03-01T18:45:00Z,134.214,33.940,30.421,ok,demo-generator,76
NG-001,2026-03-01T19:00:00Z,134.402,35.204,29.186,ok,demo-generator,77
NG-001,2026-03-01T19:15:00Z,133.895,34.771,29.408,ok,demo-generator,78
NG-001,2026-03-01T19:30:00Z,133.791,36.623,29.457,ok,demo-generator,79
NG-001,2026-03-01T19:45:00Z,134.030,36.492,29.100,ok,demo-generator,80
NG-001,2026-03-01T20:00:00Z,133.868,36.467,28.911,ok,demo-generator,81
NG-001,2026-03-01T20:15:00Z,134.324,36.380,29.919,ok,demo-generator,82
NG-001,2026-03-01T20:30:00Z,133.922,38.262,30.155,ok,demo-generator,83
NG-001,2026-03-01T20:45:00Z,134.073,35.831,28.192,ok,demo-generator,84
NG-001,2026-03-01T21:00:00Z,134.234,36.985,29.601,ok,demo-generator,85
NG-001,2026-03-01T21:15:00Z,134.113,36.331,28.539,ok,demo-generator,86
NG-001,2026-03-01T21:30:00Z,134.275,37.310,29.685,ok,demo-generator,87
NG-001,2026-03-01T21:45:00Z,134.675,37.140,28.986,ok,demo-generator,88
NG-001,2026-03-01T22:00:00Z,134.525,37.929,29.517,ok,demo-generator,89
NG-001,2026-03-01T22:15:00Z,134.708,38.035,28.979,ok,demo-generator,90
NG-001,2026-03-01T22:30:00Z,134.608,41.583,32.003,ok,demo-generator,91
NG-001,2026-03-01T22:45:00Z,134.754,40.445,31.679,ok,demo-generator,92
NG-001,2026-03-01T23:00:00Z,134.745,39.352,30.992,ok,demo-generator,93
NG-001,2026-03-01T23:15:00Z,134.310,41.738,32.666,ok,demo-generator,94
NG-001,2026-03-01T23:30:00Z,134.724,40.896,31.793,ok,demo-generator,95
NG-001,2026-03-01T23:45:00Z,134.531,41.558,33.499,ok,demo-generator,96
NG-001,2026-03-02T00:00:00Z,134.902,39.783,31.773,ok,demo-generator,97
NG-001,2026-03-02T00:15:00Z,134.549,40.886,33.674,ok,demo-generator,98
NG-001,2026-03-02T00:30:00Z,134.976,39.304,32.002,ok,demo-generator,99
NG-001,2026-03-02T00:45:00Z,134.701,42.600,34.474,ok,demo-generator,100
NG-001,2026-03-02T01:00:00Z,134.735,42.313,33.567,ok,demo-generator,101
NG-001,2026-03-02T01:15:00Z,134.925,40.070,34.390,ok,demo-generator,102
NG-001,2026-03-02T01:30:00Z,135.466,40.634,35.587,ok,demo-generator,103
NG-001,2026-03-02T01:45:00Z,134.930,39.580,34.061,ok,demo-generator,104
NG-001,2026-03-02T02:00:00Z,135.104,41.321,35.956,ok,demo-generator,105
NG-001,2026-03-02T02:15:00Z,135.342,38.998,35.534,ok,demo-generator,106
NG-001,2026-03-02T02:30:00Z,135.091,39.979,36.695,ok,demo-generator,107
NG-001,2026-03-02T02:45:00Z,135.165,39.282,35.802,ok,demo-generator,108
NG-001,2026-03-02T03:00:00Z,135.376,39.614,36.094,ok,demo-generator,109
NG-001,2026-03-02T03:15:00Z,135.568,41.986,37.787,ok,demo-generator,110
NG-001,2026-03-02T03:30:00Z,135.282,41.206,39.263,ok,demo-generator,111
NG-001,2026-03-02T03:45:00Z,135.484,40.431,39.297,ok,demo-generator,112
NG-001,2026-03-02T04:00:00Z,135.270,40.434,38.892,ok,demo-generator,113
NG-001,2026-03-02T04:15:00Z,135.234,41.151,40.653,ok,demo-generator,114
NG-001,2026-03-02T04:30:00Z,134.987,42.540,41.836,ok,demo-generator,115
NG-001,2026-03-02T04:45:00Z,135.232,42.818,40.612,ok,demo-generator,116
NG-001,2026-03-02T05:00:00Z,134.825,45.456,42.420,ok,demo-generator,117
NG-001,2026-03-02T05:15:00Z,135.171,44.412,43.400,ok,demo-generator,118
NG-001,2026-03-02T05:30:00Z,135.078,45.414,44.462,ok,demo-generator,119
NG-001,2026-03-02T05:45:00Z,134.587,45.605,43.167,ok,demo-generator,120
NG-001,2026-03-02T06:00:00Z,134.277,49.272,46.119,ok,demo-generator,121
NG-001,2026-03-02T06:15:00Z,134.520,48.501,46.416,ok,demo-generator,122
NG-001,2026-03-02T06:30:00Z,134.230,49.942,46.718,ok,demo-generator,123
NG-001,2026-03-02T06:45:00Z,134.494,49.478,46.639,ok,demo-generator,124
NG-001,2026-03-02T07:00:00Z,134.553,50.769,46.708,ok,demo-generator,125
NG-001,2026-03-02T07:15:00Z,133.938,52.386,48.573,ok,demo-generator,126
NG-001,2026-03-02T07:30:00Z,133.603,55.926,48.208,ok,demo-generator,127
NG-001,2026-03-02T07:45:00Z,133.681,56.471,49.343,ok,demo-generator,128
NG-001,2026-03-02T08:00:00Z,133.372,57.345,48.975,ok,demo-generator,129
NG-001,2026-03-02T08:15:00Z,133.421,56.677,49.743,ok,demo-generator,130
NG-001,2026-03-02T08:30:00Z,133.533,57.288,49.041,ok,demo-generator,131
NG-001,2026-03-02T08:45:00Z,132.924,59.621,49.747,ok,demo-generator,132
NG-001,2026-03-02T09:00:00Z,132.974,59.542,51.624,ok,demo-generator,133
NG-001,2026-03-02T09:15:00Z,132.864,61.984,51.894,ok,demo-generator,134
NG-001,2026-03-02T09:30:00Z,132.339,62.983,52.764,ok,demo-generator,135
NG-001,2026-03-02T09:45:00Z,132.286,64.204,51.207,ok,demo-generator,136
NG-001,2026-03-02T10:00:00Z,132.171,64.683,51.144,ok,demo-generator,137
NG-001,2026-03-02T10:15:00Z,132.423,64.375,50.868,ok,demo-generator,138
NG-001,2026-03-02T10:30:00Z,132.363,65.332,51.632,ok,demo-generator,139
NG-001,2026-03-02T10:45:00Z,132.006,62.208,51.735,ok,demo-generator,140
NG-001,2026-03-02T11:00:00Z,132.397,63.115,50.383,ok,demo-generator,141
NG-001,2026-03-02T11:15:00Z,131.981,63.387,50.944,ok,demo-generator,142
NG-001,2026-03-02T11:30:00Z,131.818,63.444,50.856,ok,demo-generator,143
NG-001,2026-03-02T11:45:00Z,131.870,60.979,49.762,ok,demo-generator,144
NG-001,2026-03-02T12:00:00Z,132.117,61.072,48.811,ok,demo-generator,145
NG-001,2026-03-02T12:15:00Z,132.166,60.686,49.050,ok,demo-generator,146
NG-001,2026-03-02T12:30:00Z,131.881,58.565,47.418,ok,demo-generator,147
NG-001,2026-03-02T12:45:00Z,132.283,57.847,46.793,ok,demo-generator,148
NG-001,2026-03-02T13:00:00Z,132.418,57.690,45.804,ok,demo-generator,149
NG-001,2026-03-02T13:15:00Z,132.281,54.955,45.749,ok,demo-generator,150
NG-001,2026-03-02T13:30:00Z,131.805,56.512,46.378,ok,demo-generator,151
NG-001,2026-03-02T13:45:00Z,132.285,53.633,43.753,ok,demo-generator,152
NG-001,2026-03-02T14:00:00Z,132.491,52.565,42.785,ok,demo-generator,153
NG-001,2026-03-02T14:15:00Z,132.757,50.517,41.177,ok,demo-generator,154
NG-001,2026-03-02T14:30:00Z,132.687,49.781,41.422,ok,demo-generator,155
NG-001,2026-03-02T14:45:00Z,133.187,46.225,39.774,ok,demo-generator,156
NG-001,2026-03-02T15:00:00Z,133.130,45.225,38.427,ok,demo-generator,157
NG-001,2026-03-02T15:15:00Z,133.441,43.363,39.076,ok,demo-generator,158
NG-001,2026-03-02T15:30:00Z,133.041,44.629,38.897,ok,demo-generator,159
NG-001,2026-03-02T15:45:00Z,133.140,42.543,36.652,ok,demo-generator,160
NG-001,2026-03-02T16:00:00Z,133.262,40.027,34.932,ok,demo-generator,161
NG-001,2026-03-02T16:15:00Z,133.360,38.973,34.061,ok,demo-generator,162
NG-001,2026-03-02T16:30:00Z,133.173,40.832,34.734,ok,demo-generator,163
NG-001,2026-03-02T16:45:00Z,133.484,36.585,34.106,ok,demo-generator,164
NG-001,2026-03-02T17:00:00Z,133.723,39.095,34.296,ok,demo-generator,165
NG-001,2026-03-02T17:15:00Z,133.530,38.324,33.590,ok,demo-generator,166
NG-001,2026-03-02T17:30:00Z,133.983,37.957,31.608,ok,demo-generator,167
NG-001,2026-03-02T17:45:00Z,134.108,34.383,31.470,ok,demo-generator,168
NG-001,2026-03-02T18:00:00Z,134.009,36.015,31.612,ok,demo-generator,169
NG-001,2026-03-02T18:15:00Z,133.631,35.925,30.589,ok,demo-generator,170
NG-001,2026-03-02T18:30:00Z,133.668,35.882,30.853,ok,demo-generator,171
NG-001,2026-03-02T18:45:00Z,134.412,33.299,30.151,ok,demo-generator,172
NG-001,2026-03-02T19:00:00Z,134.115,35.975,30.037,ok,demo-generator,173
NG-001,2026-03-02T19:15:00Z,134.288,36.211,29.673,ok,demo-generator,174
NG-001,2026-03-02T19:30:00Z,134.553,33.776,28.204,ok,demo-generator,175
NG-001,2026-03-02T19:45:00Z,134.237,37.037,28.905,ok,demo-generator,176
NG-001,2026-03-02T20:00:00Z,134.064,36.970,29.504,ok,demo-generator,177
NG-001,2026-03-02T20:15:00Z,134.012,36.195,28.402,ok,demo-generator,178
NG-001,2026-03-02T20:30:00Z,134.050,35.616,29.784,ok,demo-generator,179
NG-001,2026-03-02T20:45:00Z,134.280,36.762,28.438,ok,demo-generator,180
NG-001,2026-03-02T21:00:00Z,134.464,37.771,30.129,ok,demo-generator,181
NG-001,2026-03-02T21:15:00Z,134.294,38.309,29.010,ok,demo-generator,182
NG-001,2026-03-02T21:30:00Z,134.756,36.568,29.666,ok,demo-generator,183
NG-001,2026-03-02T21:45:00Z,134.133,38.863,29.633,ok,demo-generator,184
NG-001,2026-03-02T22:00:00Z,134.430,40.831,31.169,ok,demo-generator,185
NG-001,2026-03-02T22:15:00Z,134.299,39.714,31.076,ok,demo-generator,186
NG-001,2026-03-02T22:30:00Z,133.937,41.522,30.616,ok,demo-generator,187
NG-001,2026-03-02T22:45:00Z,134.485,39.494,30.446,ok,demo-generator,188
NG-001,2026-03-02T23:00:00Z,134.208,40.115,30.429,ok,demo-generator,189
NG-001,2026-03-02T23:15:00Z,134.525,40.518,32.311,ok,demo-generator,190
NG-001,2026-03-02T23:30:00Z,134.735,40.869,32.918,ok,demo-generator,191
NG-001,2026-03-02T23:45:00Z,134.929,41.612,32.127,ok,demo-generator,192
NG-002,2026-03-01T00:00:00Z,134.743,44.666,34.254,ok,demo-generator,1
NG-002,2026-03-01T00:15:00Z,134.680,43.399,33.937,ok,demo-generator,2
NG-002,2026-03-01T00:30:00Z,134.450,45.282,34.922,ok,demo-generator,3
NG-002,2026-03-01T00:45:00Z,134.968,42.440,34.188,ok,demo-generator,4
NG-002,2026-03-01T01:00:00Z,135.181,42.229,33.636,ok,demo-generator,5
NG-002,2026-03-01T01:15:00Z,135.115,40.738,34.791,ok,demo-generator,6
NG-002,2026-03-01T01:30:00Z,134.717,43.254,35.479,ok,demo-generator,7
NG-002,2026-03-01T01:45:00Z,135.568,41.152,34.365,ok,demo-generator,8
NG-002,2026-03-01T02:00:00Z,135.503,42.210,36.366,ok,demo-generator,9
NG-002,2026-03-01T02:15:00Z,135.138,42.059,36.730,ok,demo-generator,10
NG-002,2026-03-01T02:30:00Z,135.436,42.197,36.098,ok,demo-generator,11
NG-002,2026-03-01T02:45:00Z,135.244,39.755,36.961,ok,demo-generator,12
NG-002,2026-03-01T03:00:00Z,135.115,41.080,37.114,ok,demo-generator,13
NG-002,2026-03-01T03:15:00Z,135.829,39.780,38.747,ok,demo-generator,14
NG-002,2026-03-01T03:30:00Z,135.605,42.194,39.832,ok,demo-generator,15
NG-002,2026-03-01T03:45:00Z,135.475,40.577,37.984,ok,demo-generator,16
NG-002,2026-03-01T04:00:00Z,135.161,41.796,40.505,ok,demo-generator,17
NG-002,2026-03-01T04:15:00Z,135.378,44.137,40.233,ok,demo-generator,18
NG-002,2026-03-01T04:30:00Z,135.168,41.782,40.888,ok,demo-generator,19
NG-002,2026-03-01T04:45:00Z,135.334,43.627,41.737,ok,demo-generator,20
NG-002,2026-03-01T05:00:00Z,135.064,43.475,42.332,ok,demo-generator,21
NG-002,2026-03-01T05:15:00Z,134.752,47.366,42.706,ok,demo-generator,22
NG-002,2026-03-01T05:30:00Z,134.985,47.796,43.833,ok,demo-generator,23
NG-002,2026-03-01T05:45:00Z,134.441,49.601,45.170,ok,demo-generator,24
NG-002,2026-03-01T06:00:00Z,134.807,48.549,44.196,ok,demo-generator,25
NG-002,2026-03-01T06:15:00Z,134.242,49.179,46.681,ok,demo-generator,26
NG-002,2026-03-01T06:30:00Z,134.114,51.518,47.664,ok,demo-generator,27
NG-002,2026-03-01T06:45:00Z,134.335,52.232,47.934,ok,demo-generator,28
NG-002,2026-03-01T07:00:00Z,133.678,56.599,49.134,ok,demo-generator,29
NG-002,2026-03-01T07:15:00Z,133.459,57.976,48.569,ok,demo-generator,30
NG-002,2026-03-01T07:30:00Z,133.626,58.777,49.221,ok,demo-generator,31
NG-002,2026-03-01T07:45:00Z,133.311,60.270,51.099,ok,demo-generator,32
NG-002,2026-03-01T08:00:00Z,132.990,62.160,50.907,ok,demo-generator,33
NG-002,2026-03-01T08:15:00Z,132.645,62.967,51.187,ok,demo-generator,34
NG-002,2026-03-01T08:30:00Z,132.724,64.670,51.352,ok,demo-generator,35
NG-002,2026-03-01T08:45:00Z,132.118,65.148,52.726,ok,demo-generator,36
NG-002,2026-03-01T09:00:00Z,132.162,65.023,52.603,ok,demo-generator,37
NG-002,2026-03-01T09:15:00Z,132.135,66.882,53.378,ok,demo-generator,38
NG-002,2026-03-01T09:30:00Z,131.826,68.040,52.492,ok,demo-generator,39
NG-002,2026-03-01T09:45:00Z,131.737,67.762,53.608,ok,demo-generator,40
NG-002,2026-03-01T10:00:00Z,131.215,70.152,54.791,ok,demo-generator,41
NG-002,2026-03-01T10:15:00Z,131.493,67.834,52.754,ok,demo-generator,42
NG-002,2026-03-01T10:30:00Z,131.743,68.958,52.346,ok,demo-generator,43
NG-002,2026-03-01T10:45:00Z,131.612,69.635,53.295,ok,demo-generator,44
NG-002,2026-03-01T11:00:00Z,131.278,69.095,53.100,ok,demo-generator,45
NG-002,2026-03-01T11:15:00Z,131.444,68.317,52.834,ok,demo-generator,46
NG-002,2026-03-01T11:30:00Z,131.235,68.987,51.967,ok,demo-generator,47
NG-002,2026-03-01T11:45:00Z,131.627,67.501,52.437,ok,demo-generator,48
NG-002,2026-03-01T12:00:00Z,131.312,70.108,52.283,ok,demo-generator,49
NG-002,2026-03-01T12:15:00Z,130.758,68.473,51.326,ok,demo-generator,50
NG-002,2026-03-01T12:30:00Z,130.904,66.570,50.228,ok,demo-generator,51
NG-002,2026-03-01T12:45:00Z,131.052,68.220,50.721,ok,demo-generator,52
NG-002,2026-03-01T13:00:00Z,131.401,64.682,49.214,ok,demo-generator,53
NG-002,2026-03-01T13:15:00Z,131.025,63.972,47.137,ok,demo-generator,54
NG-002,2026-03-01T13:30:00Z,131.437,62.376,46.622,ok,demo-generator,55
NG-002,2026-03-01T13:45:00Z,131.576,61.985,46.710,ok,demo-generator,56
NG-002,2026-03-01T14:00:00Z,131.413,62.066,46.809,ok,demo-generator,57
NG-002,2026-03-01T14:15:00Z,131.484,59.053,44.897,ok,demo-generator,58
NG-002,2026-03-01T14:30:00Z,131.763,59.917,45.254,ok,demo-generator,59
NG-002,2026-03-01T14:45:00Z,131.828,57.755,42.672,ok,demo-generator,60
NG-002,2026-03-01T15:00:00Z,131.894,55.046,43.059,ok,demo-generator,61
NG-002,2026-03-01T15:15:00Z,132.408,53.893,41.461,ok,demo-generator,62
NG-002,2026-03-01T15:30:00Z,132.425,53.646,40.827,ok,demo-generator,63
NG-002,2026-03-01T15:45:00Z,131.765,53.717,39.490,ok,demo-generator,64
NG-002,2026-03-01T16:00:00Z,132.167,51.047,39.355,ok,demo-generator,65
NG-002,2026-03-01T16:15:00Z,132.110,51.202,38.633,ok,demo-generator,66
NG-002,2026-03-01T16:30:00Z,132.863,49.128,38.173,ok,demo-generator,67
NG-002,2026-03-01T16:45:00Z,132.732,50.352,37.462,ok,demo-generator,68
NG-002,2026-03-01T17:00:00Z,132.121,49.928,37.657,ok,demo-generator,69
NG-002,2026-03-01T17:15:00Z,132.446,49.862,36.176,ok,demo-generator,70
NG-002,2026-03-01T17:30:00Z,132.433,47.251,34.616,ok,demo-generator,71
NG-002,2026-03-01T17:45:00Z,132.632,49.334,36.085,ok,demo-generator,72
NG-002,2026-03-01T18:00:00Z,132.330,48.962,36.188,ok,demo-generator,73
NG-002,2026-03-01T18:15:00Z,133.339,45.664,34.169,ok,demo-generator,74
NG-002,2026-03-01T18:30:00Z,133.111,45.568,34.542,ok,demo-generator,75
NG-002,2026-03-01T18:45:00Z,132.738,47.312,34.049,ok,demo-generator,76
NG-002,2026-03-01T19:00:00Z,132.788,48.230,34.060,ok,demo-generator,77
NG-002,2026-03-01T19:15:00Z,133.002,48.141,34.590,ok,demo-generator,78
NG-002,2026-03-01T19:30:00Z,133.030,48.536,32.445,ok,demo-generator,79
NG-002,2026-03-01T19:45:00Z,132.958,46.251,33.244,ok,demo-generator,80
NG-002,2026-03-01T20:00:00Z,132.872,48.410,32.339,ok,demo-generator,81
NG-002,2026-03-01T20:15:00Z,133.101,46.441,32.653,ok,demo-generator,82
NG-002,2026-03-01T20:30:00Z,133.663,46.897,31.850,ok,demo-generator,83
NG-002,2026-03-01T20:45:00Z,133.647,47.458,33.437,ok,demo-generator,84
NG-002,2026-03-01T21:00:00Z,133.687,48.468,33.022,ok,demo-generator,85
NG-002,2026-03-01T21:15:00Z,133.554,48.953,32.409,ok,demo-generator,86
NG-002,2026-03-01T21:30:00Z,133.223,47.504,32.242,ok,demo-generator,87
NG-002,2026-03-01T21:45:00Z,133.567,48.011,32.894,ok,demo-generator,88
NG-002,2026-03-01T22:00:00Z,133.504,47.540,32.313,ok,demo-generator,89
NG-002,2026-03-01T22:15:00Z,133.809,45.108,31.197,ok,demo-generator,90
NG-002,2026-03-01T22:30:00Z,133.868,46.335,33.263,ok,demo-generator,91
NG-002,2026-03-01T22:45:00Z,133.911,44.677,32.586,ok,demo-generator,92
NG-002,2026-03-01T23:00:00Z,134.175,46.627,32.578,ok,demo-generator,93
NG-002,2026-03-01T23:15:00Z,134.521,45.032,33.423,ok,demo-generator,94
NG-002,2026-03-01T23:30:00Z,133.994,46.888,33.971,ok,demo-generator,95
NG-002,2026-03-01T23:45:00Z,134.281,44.201,33.873,ok,demo-generator,96
NG-002,2026-03-02T00:00:00Z,134.992,43.273,33.126,ok,demo-generator,97
NG-002,2026-03-02T00:15:00Z,134.740,45.156,34.980,ok,demo-generator,98
NG-002,2026-03-02T00:30:00Z,134.856,43.246,33.930,ok,demo-generator,99
NG-002,2026-03-02T00:45:00Z,134.727,43.273,34.328,ok,demo-generator,100
NG-002,2026-03-02T01:00:00Z,134.741,42.742,34.915,ok,demo-generator,101
NG-002,2026-03-02T01:15:00Z,135.254,41.178,33.592,ok,demo-generator,102
NG-002,2026-03-02T01:30:00Z,135.354,41.292,35.588,ok,demo-generator,103
NG-002,2026-03-02T01:45:00Z,135.362,40.727,35.384,ok,demo-generator,104
NG-002,2026-03-02T02:00:00Z,135.439,42.248,36.513,ok,demo-generator,105
NG-002,2026-03-02T02:15:00Z,135.313,42.747,35.986,ok,demo-generator,106
NG-002,2026-03-02T02:30:00Z,135.204,42.481,36.672,ok,demo-generator,107
NG-002,2026-03-02T02:45:00Z,135.596,40.503,36.751,ok,demo-generator,108
NG-002,2026-03-02T03:00:00Z,135.349,40.038,36.460,ok,demo-generator,109
NG-002,2026-03-02T03:15:00Z,135.386,39.523,38.220,ok,demo-generator,110
NG-002,2026-03-02T03:30:00Z,135.429,42.129,38.302,ok,demo-generator,111
NG-002,2026-03-02T03:45:00Z,135.369,42.168,39.160,ok,demo-generator,112
NG-002,2026-03-02T04:00:00Z,134.869,43.152,39.988,ok,demo-generator,113
NG-002,2026-03-02T04:15:00Z,135.096,43.701,40.093,ok,demo-generator,114
NG-002,2026-03-02T04:30:00Z,135.152,43.812,42.011,ok,demo-generator,115
NG-002,2026-03-02T04:45:00Z,135.374,44.345,41.321,ok,demo-generator,116
NG-002,2026-03-02T05:00:00Z,135.017,43.741,41.748,ok,demo-generator,117
NG-002,2026-03-02T05:15:00Z,134.819,47.302,44.409,ok,demo-generator,118
NG-002,2026-03-02T05:30:00Z,135.130,46.557,44.169,ok,demo-generator,119
NG-002,2026-03-02T05:45:00Z,134.849,47.851,43.996,ok,demo-generator,120
NG-002,2026-03-02T06:00:00Z,134.600,48.918,45.914,ok,demo-generator,121
NG-002,2026-03-02T06:15:00Z,134.282,51.045,47.250,ok,demo-generator,122
NG-002,2026-03-02T06:30:00Z,134.338,51.363,46.042,ok,demo-generator,123
NG-002,2026-03-02T06:45:00Z,134.186,54.535,46.948,ok,demo-generator,124
NG-002,2026-03-02T07:00:00Z,133.394,55.330,49.034,ok,demo-generator,125
NG-002,2026-03-02T07:15:00Z,133.410,54.782,48.980,ok,demo-generator,126
NG-002,2026-03-02T07:30:00Z,133.342,57.725,48.438,ok,demo-generator,127
NG-002,2026-03-02T07:45:00Z,133.163,58.498,50.865,ok,demo-generator,128
NG-002,2026-03-02T08:00:00Z,132.856,61.223,51.970,ok,demo-generator,129
NG-002,2026-03-02T08:15:00Z,132.926,62.505,52.015,ok,demo-generator,130
NG-002,2026-03-02T08:30:00Z,132.413,62.639,52.171,ok,demo-generator,131
NG-002,2026-03-02T08:45:00Z,132.666,64.365,51.058,ok,demo-generator,132
NG-002,2026-03-02T09:00:00Z,132.167,65.072,52.351,ok,demo-generator,133
NG-002,2026-03-02T09:15:00Z,132.322,67.036,52.577,ok,demo-generator,134
NG-002,2026-03-02T09:30:00Z,132.041,67.969,52.743,ok,demo-generator,135
NG-002,2026-03-02T09:45:00Z,131.902,67.884,53.266,ok,demo-generator,136
NG-002,2026-03-02T10:00:00Z,131.803,68.387,53.236,ok,demo-generator,137
NG-002,2026-03-02T10:15:00Z,131.332,68.711,54.026,ok,demo-generator,138
NG-002,2026-03-02T10:30:00Z,131.887,67.895,53.064,ok,demo-generator,139
NG-002,2026-03-02T10:45:00Z,131.505,69.920,52.298,ok,demo-generator,140
NG-002,2026-03-02T11:00:00Z,130.853,71.409,53.829,ok,demo-generator,141
NG-002,2026-03-02T11:15:00Z,131.032,69.635,52.695,ok,demo-generator,142
NG-002,2026-03-02T11:30:00Z,131.334,67.732,51.916,ok,demo-generator,143
NG-002,2026-03-02T11:45:00Z,130.771,70.336,52.655,ok,demo-generator,144
NG-002,2026-03-02T12:00:00Z,131.034,70.092,51.354,ok,demo-generator,145
NG-002,2026-03-02T12:15:00Z,131.071,69.103,51.268,ok,demo-generator,146
NG-002,2026-03-02T12:30:00Z,131.379,65.659,50.699,ok,demo-generator,147
NG-002,2026-03-02T12:45:00Z,130.975,66.578,49.887,ok,demo-generator,148
NG-002,2026-03-02T13:00:00Z,131.609,64.162,49.643,ok,demo-generator,149
NG-002,2026-03-02T13:15:00Z,131.336,65.794,47.619,ok,demo-generator,150
NG-002,2026-03-02T13:30:00Z,131.228,61.966,47.243,ok,demo-generator,151
NG-002,2026-03-02T13:45:00Z,131.201,64.149,47.129,ok,demo-generator,152
NG-002,2026-03-02T14:00:00Z,131.339,62.489,46.188,ok,demo-generator,153
NG-002,2026-03-02T14:15:00Z,131.745,60.573,44.650,ok,demo-generator,154
NG-002,2026-03-02T14:30:00Z,131.520,58.420,43.400,ok,demo-generator,155
NG-002,2026-03-02T14:45:00Z,131.651,57.752,44.040,ok,demo-generator,156
NG-002,2026-03-02T15:00:00Z,131.676,57.235,43.814,ok,demo-generator,157
NG-002,2026-03-02T15:15:00Z,131.914,54.507,41.300,ok,demo-generator,158
NG-002,2026-03-02T15:30:00Z,132.127,54.678,40.290,ok,demo-generator,159
NG-002,2026-03-02T15:45:00Z,132.146,53.090,40.615,ok,demo-generator,160
NG-002,2026-03-02T16:00:00Z,131.855,54.058,39.583,ok,demo-generator,161
NG-002,2026-03-02T16:15:00Z,132.389,51.244,38.170,ok,demo-generator,162
NG-002,2026-03-02T16:30:00Z,132.292,51.724,38.378,ok,demo-generator,163
NG-002,2026-03-02T16:45:00Z,132.547,49.378,37.432,ok,demo-generator,164
NG-002,2026-03-02T17:00:00Z,132.631,48.928,37.598,ok,demo-generator,165
NG-002,2026-03-02T17:15:00Z,132.750,49.471,35.493,ok,demo-generator,166
NG-002,2026-03-02T17:30:00Z,132.254,49.750,36.142,ok,demo-generator,167
NG-002,2026-03-02T17:45:00Z,132.839,48.950,36.121,ok,demo-generator,168
NG-002,2026-03-02T18:00:00Z,132.468,49.360,35.632,ok,demo-generator,169
NG-002,2026-03-02T18:15:00Z,132.744,48.235,34.010,ok,demo-generator,170
NG-002,2026-03-02T18:30:00Z,132.787,45.979,33.063,ok,demo-generator,171
NG-002,2026-03-02T18:45:00Z,132.672,47.371,34.568,ok,demo-generator,172
NG-002,2026-03-02T19:00:00Z,132.569,48.126,32.711,ok,demo-generator,173
NG-002,2026-03-02T19:15:00Z,133.001,48.081,32.535,ok,demo-generator,174
NG-002,2026-03-02T19:30:00Z,133.053,48.682,32.797,ok,demo-generator,175
NG-002,2026-03-02T19:45:00Z,132.865,47.925,33.703,ok,demo-generator,176
NG-002,2026-03-02T20:00:00Z,133.444,46.283,32.367,ok,demo-generator,177
NG-002,2026-03-02T20:15:00Z,133.459,46.043,33.248,ok,demo-generator,178
NG-002,2026-03-02T20:30:00Z,133.583,46.425,33.200,ok,demo-generator,179
NG-002,2026-03-02T20:45:00Z,133.122,47.895,32.005,ok,demo-generator,180
NG-002,2026-03-02T21:00:00Z,133.683,48.001,32.752,ok,demo-generator,181
NG-002,2026-03-02T21:15:00Z,133.427,46.581,32.416,ok,demo-generator,182
NG-002,2026-03-02T21:30:00Z,133.605,48.754,33.329,ok,demo-generator,183
NG-002,2026-03-02T21:45:00Z,133.671,46.111,32.209,ok,demo-generator,184
NG-002,2026-03-02T22:00:00Z,133.898,45.919,32.409,ok,demo-generator,185
NG-002,2026-03-02T22:15:00Z,133.570,46.577,31.883,ok,demo-generator,186
NG-002,2026-03-02T22:30:00Z,134.106,45.677,31.445,ok,demo-generator,187
NG-002,2026-03-02T22:45:00Z,134.089,48.094,33.265,ok,demo-generator,188
NG-002,2026-03-02T23:00:00Z,133.837,46.324,32.818,ok,demo-generator,189
NG-002,2026-03-02T23:15:00Z,134.281,45.545,33.764,ok,demo-generator,190
NG-002,2026-03-02T23:30:00Z,134.141,44.118,33.583,ok,demo-generator,191
NG-002,2026-03-02T23:45:00Z,134.103,46.852,34.396,ok,demo-generator,192
NG-003,2026-03-01T00:00:00Z,133.833,49.208,35.433,ok,demo-generator,1
NG-003,2026-03-01T00:15:00Z,134.197,46.555,34.536,ok,demo-generator,2
NG-003,2026-03-01T00:30:00Z,133.991,48.806,34.766,ok,demo-generator,3
NG-003,2026-03-01T00:45:00Z,134.874,45.973,35.441,ok,demo-generator,4
NG-003,2026-03-01T01:00:00Z,134.423,46.817,35.233,ok,demo-generator,5
NG-003,2026-03-01T01:15:00Z,134.896,46.459,36.866,ok,demo-generator,6
NG-003,2026-03-01T01:30:00Z,134.862,43.135,35.406,ok,demo-generator,7
NG-003,2026-03-01T01:45:00Z,135.276,42.800,35.180,ok,demo-generator,8
NG-003,2026-03-01T02:00:00Z,135.238,44.063,37.066,ok,demo-generator,9
NG-003,2026-03-01T02:15:00Z,134.857,43.572,37.332,ok,demo-generator,10
NG-003,2026-03-01T02:30:00Z,135.022,41.983,36.222,ok,demo-generator,11
NG-003,2026-03-01T02:45:00Z,135.116,44.599,38.617,ok,demo-generator,12
NG-003,2026-03-01T03:00:00Z,135.415,43.949,39.226,ok,demo-generator,13
NG-003,2026-03-01T03:15:00Z,134.817,44.431,39.971,ok,demo-generator,14
NG-003,2026-03-01T03:30:00Z,135.406,44.764,40.383,ok,demo-generator,15
NG-003,2026-03-01T03:45:00Z,134.868,44.291,39.315,ok,demo-generator,16
NG-003,2026-03-01T04:00:00Z,135.038,44.265,40.375,ok,demo-generator,17
NG-003,2026-03-01T04:15:00Z,134.968,45.860,41.642,ok,demo-generator,18
NG-003,2026-03-01T04:30:00Z,134.705,45.292,41.283,ok,demo-generator,19
NG-003,2026-03-01T04:45:00Z,134.501,47.392,43.740,ok,demo-generator,20
NG-003,2026-03-01T05:00:00Z,135.080,46.840,44.107,ok,demo-generator,21
NG-003,2026-03-01T05:15:00Z,134.445,48.160,44.206,ok,demo-generator,22
NG-003,2026-03-01T05:30:00Z,134.661,50.634,44.847,ok,demo-generator,23
NG-003,2026-03-01T05:45:00Z,134.837,48.702,43.927,ok,demo-generator,24
NG-003,2026-03-01T06:00:00Z,134.119,50.626,45.658,ok,demo-generator,25
NG-003,2026-03-01T06:15:00Z,133.948,52.467,47.247,ok,demo-generator,26
NG-003,2026-03-01T06:30:00Z,133.748,54.584,47.834,ok,demo-generator,27
NG-003,2026-03-01T06:45:00Z,133.798,54.333,48.632,ok,demo-generator,28
NG-003,2026-03-01T07:00:00Z,133.706,56.133,49.157,ok,demo-generator,29
NG-003,2026-03-01T07:15:00Z,133.252,56.808,48.677,ok,demo-generator,30
NG-003,2026-03-01T07:30:00Z,133.452,59.511,50.053,ok,demo-generator,31
NG-003,2026-03-01T07:45:00Z,132.644,60.745,50.097,ok,demo-generator,32
NG-003,2026-03-01T08:00:00Z,132.521,63.603,52.452,ok,demo-generator,33
NG-003,2026-03-01T08:15:00Z,132.328,63.619,52.259,ok,demo-generator,34
NG-003,2026-03-01T08:30:00Z,132.089,64.911,51.204,ok,demo-generator,35
NG-003,2026-03-01T08:45:00Z,131.846,67.498,53.346,ok,demo-generator,36
NG-003,2026-03-01T09:00:00Z,132.289,66.591,53.595,ok,demo-generator,37
NG-003,2026-03-01T09:15:00Z,131.695,69.916,53.374,ok,demo-generator,38
NG-003,2026-03-01T09:30:00Z,131.393,69.492,52.643,ok,demo-generator,39
NG-003,2026-03-01T09:45:00Z,131.625,70.215,53.777,ok,demo-generator,40
NG-003,2026-03-01T10:00:00Z,131.691,70.808,54.212,ok,demo-generator,41
NG-003,2026-03-01T10:15:00Z,131.122,73.916,54.637,ok,demo-generator,42
NG-003,2026-03-01T10:30:00Z,130.863,73.264,54.795,ok,demo-generator,43
NG-003,2026-03-01T10:45:00Z,130.762,74.036,54.014,ok,demo-generator,44
NG-003,2026-03-01T11:00:00Z,131.264,90.490,61.261,ok,demo-generator,45
NG-003,2026-03-01T11:15:00Z,131.091,90.641,60.788,ok,demo-generator,46
NG-003,2026-03-01T11:30:00Z,130.510,91.536,61.022,ok,demo-generator,47
NG-003,2026-03-01T11:45:00Z,130.951,90.458,59.154,ok,demo-generator,48
NG-003,2026-03-01T12:00:00Z,130.650,92.249,60.577,ok,demo-generator,49
NG-003,2026-03-01T12:15:00Z,130.906,90.249,58.434,ok,demo-generator,50
NG-003,2026-03-01T12:30:00Z,130.373,91.330,59.329,ok,demo-generator,51
NG-003,2026-03-01T12:45:00Z,130.454,89.674,57.955,ok,demo-generator,52
NG-003,2026-03-01T13:00:00Z,131.012,89.280,58.917,ok,demo-generator,53
NG-003,2026-03-01T13:15:00Z,130.675,88.643,57.730,ok,demo-generator,54
NG-003,2026-03-01T13:30:00Z,130.458,87.913,56.786,ok,demo-generator,55
NG-003,2026-03-01T13:45:00Z,130.893,88.102,57.157,ok,demo-generator,56
NG-003,2026-03-01T14:00:00Z,131.330,83.940,54.374,ok,demo-generator,57
NG-003,2026-03-01T14:15:00Z,130.795,84.584,54.567,ok,demo-generator,58
NG-003,2026-03-01T14:30:00Z,130.796,63.978,46.857,ok,demo-generator,59
NG-003,2026-03-01T14:45:00Z,130.852,64.530,46.076,ok,demo-generator,60
NG-003,2026-03-01T15:00:00Z,131.666,61.395,44.873,ok,demo-generator,61
NG-003,2026-03-01T15:15:00Z,130.753,63.736,44.944,ok,demo-generator,62
NG-003,2026-03-01T15:30:00Z,131.585,59.901,42.428,ok,demo-generator,63
NG-003,2026-03-01T15:45:00Z,131.438,59.027,42.097,ok,demo-generator,64
NG-003,2026-03-01T16:00:00Z,131.632,59.855,40.990,ok,demo-generator,65
NG-003,2026-03-01T16:15:00Z,131.801,58.515,40.664,ok,demo-generator,66
NG-003,2026-03-01T16:30:00Z,131.843,56.619,40.188,ok,demo-generator,67
NG-003,2026-03-01T16:45:00Z,131.719,56.320,39.761,ok,demo-generator,68
NG-003,2026-03-01T17:00:00Z,132.211,55.602,38.959,ok,demo-generator,69
NG-003,2026-03-01T17:15:00Z,131.867,56.018,39.198,ok,demo-generator,70
NG-003,2026-03-01T17:30:00Z,132.312,55.090,38.741,ok,demo-generator,71
NG-003,2026-03-01T17:45:00Z,132.132,57.740,38.477,ok,demo-generator,72
NG-003,2026-03-01T18:00:00Z,132.210,54.171,37.200,ok,demo-generator,73
NG-003,2026-03-01T18:15:00Z,132.063,55.236,37.391,ok,demo-generator,74
NG-003,2026-03-01T18:30:00Z,132.107,55.739,35.907,ok,demo-generator,75
NG-003,2026-03-01T18:45:00Z,132.220,53.866,36.213,ok,demo-generator,76
NG-003,2026-03-01T19:00:00Z,131.852,56.613,36.920,ok,demo-generator,77
NG-003,2026-03-01T19:15:00Z,132.396,55.970,35.351,ok,demo-generator,78
NG-003,2026-03-01T19:30:00Z,132.721,53.871,35.186,ok,demo-generator,79
NG-003,2026-03-01T19:45:00Z,132.301,56.064,34.562,ok,demo-generator,80
NG-003,2026-03-01T20:00:00Z,132.690,55.033,34.282,ok,demo-generator,81
NG-003,2026-03-01T20:15:00Z,132.088,56.833,34.825,ok,demo-generator,82
NG-003,2026-03-01T20:30:00Z,132.918,53.281,34.954,ok,demo-generator,83
NG-003,2026-03-01T20:45:00Z,132.547,54.393,34.509,ok,demo-generator,84
NG-003,2026-03-01T21:00:00Z,132.585,55.518,35.053,ok,demo-generator,85
NG-003,2026-03-01T21:15:00Z,132.975,55.673,35.527,ok,demo-generator,86
NG-003,2026-03-01T21:30:00Z,132.918,55.580,34.225,ok,demo-generator,87
NG-003,2026-03-01T21:45:00Z,133.272,52.714,34.974,ok,demo-generator,88
NG-003,2026-03-01T22:00:00Z,133.400,51.863,34.838,ok,demo-generator,89
NG-003,2026-03-01T22:15:00Z,132.927,54.026,35.977,ok,demo-generator,90
NG-003,2026-03-01T22:30:00Z,133.673,51.364,34.843,ok,demo-generator,91
NG-003,2026-03-01T22:45:00Z,133.891,51.045,35.248,ok,demo-generator,92
NG-003,2026-03-01T23:00:00Z,133.565,52.751,35.967,ok,demo-generator,93
NG-003,2026-03-01T23:15:00Z,134.080,49.754,35.419,ok,demo-generator,94
NG-003,2026-03-01T23:30:00Z,133.851,50.628,35.847,ok,demo-generator,95
NG-003,2026-03-01T23:45:00Z,134.004,48.526,34.923,ok,demo-generator,96
NG-003,2026-03-02T00:00:00Z,134.073,49.407,35.945,ok,demo-generator,97
NG-003,2026-03-02T00:15:00Z,134.506,47.720,35.232,ok,demo-generator,98
NG-003,2026-03-02T00:30:00Z,134.376,48.525,35.594,ok,demo-generator,99
NG-003,2026-03-02T00:45:00Z,134.563,47.951,36.800,ok,demo-generator,100
NG-003,2026-03-02T01:00:00Z,134.777,47.513,35.598,ok,demo-generator,101
NG-003,2026-03-02T01:15:00Z,134.675,46.812,36.496,ok,demo-generator,102
NG-003,2026-03-02T01:30:00Z,134.557,44.965,36.326,ok,demo-generator,103
NG-003,2026-03-02T01:45:00Z,134.786,43.571,36.225,ok,demo-generator,104
NG-003,2026-03-02T02:00:00Z,135.253,44.546,36.168,ok,demo-generator,105
NG-003,2026-03-02T02:15:00Z,135.465,41.814,36.005,ok,demo-generator,106
NG-003,2026-03-02T02:30:00Z,134.883,42.937,38.302,ok,demo-generator,107
NG-003,2026-03-02T02:45:00Z,135.045,42.199,37.886,ok,demo-generator,108
NG-003,2026-03-02T03:00:00Z,135.298,43.625,38.231,ok,demo-generator,109
NG-003,2026-03-02T03:15:00Z,135.096,42.914,38.705,ok,demo-generator,110
NG-003,2026-03-02T03:30:00Z,135.218,43.321,38.806,ok,demo-generator,111
NG-003,2026-03-02T03:45:00Z,135.290,43.646,40.395,ok,demo-generator,112
NG-003,2026-03-02T04:00:00Z,134.984,42.723,40.664,ok,demo-generator,113
NG-003,2026-03-02T04:15:00Z,135.346,44.395,40.327,ok,demo-generator,114
NG-003,2026-03-02T04:30:00Z,135.129,43.785,40.443,ok,demo-generator,115
NG-003,2026-03-02T04:45:00Z,134.999,44.029,41.847,ok,demo-generator,116
NG-003,2026-03-02T05:00:00Z,134.734,47.714,42.947,ok,demo-generator,117
NG-003,2026-03-02T05:15:00Z,134.343,48.999,44.033,ok,demo-generator,118
NG-003,2026-03-02T05:30:00Z,134.587,49.975,45.830,ok,demo-generator,119
NG-003,2026-03-02T05:45:00Z,134.345,49.600,45.238,ok,demo-generator,120
NG-003,2026-03-02T06:00:00Z,134.190,52.735,45.273,ok,demo-generator,121
NG-003,2026-03-02T06:15:00Z,134.487,51.753,47.117,ok,demo-generator,122
NG-003,2026-03-02T06:30:00Z,134.105,54.315,47.456,ok,demo-generator,123
NG-003,2026-03-02T06:45:00Z,133.804,55.185,47.791,ok,demo-generator,124
NG-003,2026-03-02T07:00:00Z,133.206,57.141,48.776,ok,demo-generator,125
NG-003,2026-03-02T07:15:00Z,133.460,59.564,50.341,ok,demo-generator,126
NG-003,2026-03-02T07:30:00Z,133.139,60.064,49.271,ok,demo-generator,127
NG-003,2026-03-02T07:45:00Z,132.799,61.250,50.159,ok,demo-generator,128
NG-003,2026-03-02T08:00:00Z,132.751,63.258,52.017,ok,demo-generator,129
NG-003,2026-03-02T08:15:00Z,132.245,65.019,51.245,ok,demo-generator,130
NG-003,2026-03-02T08:30:00Z,132.219,66.171,52.341,ok,demo-generator,131
NG-003,2026-03-02T08:45:00Z,132.173,67.897,54.050,ok,demo-generator,132
NG-003,2026-03-02T09:00:00Z,131.891,66.953,53.338,ok,demo-generator,133
NG-003,2026-03-02T09:15:00Z,131.645,70.430,54.180,ok,demo-generator,134
NG-003,2026-03-02T09:30:00Z,131.294,70.643,53.235,ok,demo-generator,135
NG-003,2026-03-02T09:45:00Z,131.668,70.566,54.787,ok,demo-generator,136
NG-003,2026-03-02T10:00:00Z,131.011,73.212,54.323,ok,demo-generator,137
NG-003,2026-03-02T10:15:00Z,131.203,71.641,54.001,ok,demo-generator,138
NG-003,2026-03-02T10:30:00Z,130.732,73.142,54.899,ok,demo-generator,139
NG-003,2026-03-02T10:45:00Z,130.626,73.125,53.958,ok,demo-generator,140
NG-003,2026-03-02T11:00:00Z,130.863,72.791,53.049,ok,demo-generator,141
NG-003,2026-03-02T11:15:00Z,131.046,72.180,53.823,ok,demo-generator,142
NG-003,2026-03-02T11:30:00Z,131.165,71.453,52.781,ok,demo-generator,143
NG-003,2026-03-02T11:45:00Z,130.698,71.573,53.157,ok,demo-generator,144
NG-003,2026-03-02T12:00:00Z,130.781,73.422,52.026,ok,demo-generator,145
NG-003,2026-03-02T12:15:00Z,130.250,73.018,51.936,ok,demo-generator,146
NG-003,2026-03-02T12:30:00Z,130.509,72.778,50.984,ok,demo-generator,147
NG-003,2026-03-02T12:45:00Z,130.691,70.275,51.205,ok,demo-generator,148
NG-003,2026-03-02T13:00:00Z,130.696,71.098,51.134,ok,demo-generator,149
NG-003,2026-03-02T13:15:00Z,131.048,69.032,50.619,ok,demo-generator,150
NG-003,2026-03-02T13:30:00Z,130.653,67.365,48.754,ok,demo-generator,151
NG-003,2026-03-02T13:45:00Z,130.969,66.111,47.463,ok,demo-generator,152
NG-003,2026-03-02T14:00:00Z,130.811,66.208,46.747,ok,demo-generator,153
NG-003,2026-03-02T14:15:00Z,130.780,65.839,46.831,ok,demo-generator,154
NG-003,2026-03-02T14:30:00Z,130.991,64.267,45.293,ok,demo-generator,155
NG-003,2026-03-02T14:45:00Z,130.973,65.013,44.916,ok,demo-generator,156
NG-003,2026-03-02T15:00:00Z,131.354,64.464,44.820,ok,demo-generator,157
NG-003,2026-03-02T15:15:00Z,131.463,61.627,44.158,ok,demo-generator,158
NG-003,2026-03-02T15:30:00Z,131.500,61.648,43.998,ok,demo-generator,159
NG-003,2026-03-02T15:45:00Z,131.263,59.262,43.121,ok,demo-generator,160
NG-003,2026-03-02T16:00:00Z,131.472,60.400,41.448,ok,demo-generator,161
NG-003,2026-03-02T16:15:00Z,131.835,57.806,39.618,ok,demo-generator,162
NG-003,2026-03-02T16:30:00Z,131.678,59.144,40.730,ok,demo-generator,163
NG-003,2026-03-02T16:45:00Z,131.544,57.736,38.979,ok,demo-generator,164
NG-003,2026-03-02T17:00:00Z,131.791,56.062,38.520,ok,demo-generator,165
NG-003,2026-03-02T17:15:00Z,131.522,56.774,39.693,ok,demo-generator,166
NG-003,2026-03-02T17:30:00Z,131.953,55.568,37.081,ok,demo-generator,167
NG-003,2026-03-02T17:45:00Z,132.124,55.725,37.140,ok,demo-generator,168
NG-003,2026-03-02T18:00:00Z,131.570,57.406,37.349,ok,demo-generator,169
NG-003,2026-03-02T18:15:00Z,132.466,54.531,35.560,ok,demo-generator,170
NG-003,2026-03-02T18:30:00Z,131.909,57.203,37.994,ok,demo-generator,171
NG-003,2026-03-02T18:45:00Z,132.607,54.684,36.918,ok,demo-generator,172
NG-003,2026-03-02T19:00:00Z,132.568,55.599,35.105,ok,demo-generator,173
NG-003,2026-03-02T19:15:00Z,132.510,55.635,36.840,ok,demo-generator,174
NG-003,2026-03-02T19:30:00Z,132.093,56.953,36.309,ok,demo-generator,175
NG-003,2026-03-02T19:45:00Z,132.538,53.565,34.392,ok,demo-generator,176
NG-003,2026-03-02T20:00:00Z,132.374,54.277,34.396,ok,demo-generator,177
NG-003,2026-03-02T20:15:00Z,132.219,55.194,34.731,ok,demo-generator,178
NG-003,2026-03-02T20:30:00Z,132.448,54.308,34.986,ok,demo-generator,179
NG-003,2026-03-02T20:45:00Z,132.560,55.780,35.325,ok,demo-generator,180
NG-003,2026-03-02T21:00:00Z,132.781,53.560,33.659,ok,demo-generator,181
NG-003,2026-03-02T21:15:00Z,132.796,54.848,34.363,ok,demo-generator,182
NG-003,2026-03-02T21:30:00Z,132.990,55.334,34.865,ok,demo-generator,183
NG-003,2026-03-02T21:45:00Z,133.035,52.559,33.967,ok,demo-generator,184
NG-003,2026-03-02T22:00:00Z,133.157,53.544,35.005,ok,demo-generator,185
NG-003,2026-03-02T22:15:00Z,133.259,53.941,35.954,ok,demo-generator,186
NG-003,2026-03-02T22:30:00Z,133.465,52.682,33.639,ok,demo-generator,187
NG-003,2026-03-02T22:45:00Z,133.459,51.847,33.626,ok,demo-generator,188
NG-003,2026-03-02T23:00:00Z,133.571,53.258,34.289,ok,demo-generator,189
NG-003,2026-03-02T23:15:00Z,133.750,51.552,33.901,ok,demo-generator,190
NG-003,2026-03-02T23:30:00Z,133.523,51.837,34.719,ok,demo-generator,191
NG-003,2026-03-02T23:45:00Z,133.793,50.974,35.021,ok,demo-generator,192
NG-004,2026-03-01T00:00:00Z,131.918,64.178,38.761,ok,demo-generator,1
NG-004,2026-03-01T00:15:00Z,132.296,63.560,40.372,ok,demo-generator,2
NG-004,2026-03-01T00:30:00Z,132.122,63.778,40.077,ok,demo-generator,3
NG-004,2026-03-01T00:45:00Z,132.308,62.734,41.163,ok,demo-generator,4
NG-004,2026-03-01T01:00:00Z,132.554,66.094,42.340,ok,demo-generator,5
NG-004,2026-03-01T01:15:00Z,132.609,63.927,40.893,ok,demo-generator,6
NG-004,2026-03-01T01:30:00Z,132.511,66.885,42.442,ok,demo-generator,7
NG-004,2026-03-01T01:45:00Z,132.234,66.354,42.486,ok,demo-generator,8
NG-004,2026-03-01T02:00:00Z,132.346,65.130,43.065,ok,demo-generator,9
NG-004,2026-03-01T02:15:00Z,132.282,66.162,44.589,ok,demo-generator,10
NG-004,2026-03-01T02:30:00Z,132.808,65.352,43.245,ok,demo-generator,11
NG-004,2026-03-01T02:45:00Z,132.385,65.468,44.110,ok,demo-generator,12
NG-004,2026-03-01T03:00:00Z,132.727,64.142,44.122,ok,demo-generator,13
NG-004,2026-03-01T03:15:00Z,132.772,65.299,45.759,ok,demo-generator,14
NG-004,2026-03-01T03:30:00Z,132.598,64.981,44.954,ok,demo-generator,15
NG-004,2026-03-01T03:45:00Z,132.969,63.616,46.806,ok,demo-generator,16
NG-004,2026-03-01T04:00:00Z,133.019,63.735,45.450,ok,demo-generator,17
NG-004,2026-03-01T04:15:00Z,133.125,63.596,46.478,ok,demo-generator,18
NG-004,2026-03-01T04:30:00Z,132.555,66.321,47.747,ok,demo-generator,19
NG-004,2026-03-01T04:45:00Z,133.148,64.432,48.417,ok,demo-generator,20
NG-004,2026-03-01T05:00:00Z,132.542,66.634,48.650,ok,demo-generator,21
NG-004,2026-03-01T05:15:00Z,132.787,64.610,48.245,ok,demo-generator,22
NG-004,2026-03-01T05:30:00Z,132.956,64.907,48.542,ok,demo-generator,23
NG-004,2026-03-01T05:45:00Z,133.027,64.591,49.504,ok,demo-generator,24
NG-004,2026-03-01T06:00:00Z,133.192,66.258,50.438,ok,demo-generator,25
NG-004,2026-03-01T06:15:00Z,132.881,65.354,50.462,ok,demo-generator,26
NG-004,2026-03-01T06:30:00Z,132.668,67.987,50.758,ok,demo-generator,27
NG-004,2026-03-01T06:45:00Z,132.902,68.727,51.423,ok,demo-generator,28
NG-004,2026-03-01T07:00:00Z,132.826,67.058,53.032,ok,demo-generator,29
NG-004,2026-03-01T07:15:00Z,132.960,66.353,52.183,ok,demo-generator,30
NG-004,2026-03-01T07:30:00Z,132.507,69.788,52.903,ok,demo-generator,31
NG-004,2026-03-01T07:45:00Z,132.382,70.096,54.029,ok,demo-generator,32
NG-004,2026-03-01T08:00:00Z,132.760,68.683,53.135,ok,demo-generator,33
NG-004,2026-03-01T08:15:00Z,132.043,70.314,54.480,ok,demo-generator,34
NG-004,2026-03-01T08:30:00Z,132.350,70.224,53.197,ok,demo-generator,35
NG-004,2026-03-01T08:45:00Z,132.389,68.867,54.519,ok,demo-generator,36
NG-004,2026-03-01T09:00:00Z,132.431,70.712,54.855,ok,demo-generator,37
NG-004,2026-03-01T09:15:00Z,131.787,72.646,55.013,ok,demo-generator,38
NG-004,2026-03-01T09:30:00Z,131.726,72.206,54.945,ok,demo-generator,39
NG-004,2026-03-01T09:45:00Z,131.534,72.926,53.744,ok,demo-generator,40
NG-004,2026-03-01T10:00:00Z,131.495,73.096,53.979,ok,demo-generator,41
NG-004,2026-03-01T10:15:00Z,131.695,71.420,53.069,ok,demo-generator,42
NG-004,2026-03-01T10:30:00Z,131.822,71.536,54.159,ok,demo-generator,43
NG-004,2026-03-01T10:45:00Z,131.782,72.129,52.990,ok,demo-generator,44
NG-004,2026-03-01T11:00:00Z,131.718,69.998,53.127,ok,demo-generator,45
NG-004,2026-03-01T11:15:00Z,131.546,71.550,53.958,ok,demo-generator,46
NG-004,2026-03-01T11:30:00Z,131.663,69.865,52.901,ok,demo-generator,47
NG-004,2026-03-01T11:45:00Z,131.333,70.560,51.477,ok,demo-generator,48
NG-004,2026-03-01T12:00:00Z,131.812,67.126,51.407,ok,demo-generator,49
NG-004,2026-03-01T12:15:00Z,131.757,66.014,50.830,ok,demo-generator,50
NG-004,2026-03-01T12:30:00Z,131.275,67.198,51.002,ok,demo-generator,51
NG-004,2026-03-01T12:45:00Z,131.509,66.530,48.899,ok,demo-generator,52
NG-004,2026-03-01T13:00:00Z,132.036,62.460,48.831,ok,demo-generator,53
NG-004,2026-03-01T13:15:00Z,131.945,63.668,47.177,ok,demo-generator,54
NG-004,2026-03-01T13:30:00Z,131.713,60.175,46.557,ok,demo-generator,55
NG-004,2026-03-01T13:45:00Z,132.173,58.776,46.347,ok,demo-generator,56
NG-004,2026-03-01T14:00:00Z,132.482,57.155,44.485,ok,demo-generator,57
NG-004,2026-03-01T14:15:00Z,132.111,56.507,43.173,ok,demo-generator,58
NG-004,2026-03-01T14:30:00Z,132.481,55.805,43.234,ok,demo-generator,59
NG-004,2026-03-01T14:45:00Z,132.250,54.047,42.513,ok,demo-generator,60
NG-004,2026-03-01T15:00:00Z,132.269,54.254,42.974,ok,demo-generator,61
NG-004,2026-03-01T15:15:00Z,132.062,53.308,41.548,ok,demo-generator,62
NG-004,2026-03-01T15:30:00Z,132.329,51.992,40.771,ok,demo-generator,63
NG-004,2026-03-01T15:45:00Z,132.518,48.932,39.371,ok,demo-generator,64
NG-004,2026-03-01T16:00:00Z,132.669,47.112,37.210,ok,demo-generator,65
NG-004,2026-03-01T16:15:00Z,133.113,45.636,37.946,ok,demo-generator,66
NG-004,2026-03-01T16:30:00Z,132.684,45.777,37.194,ok,demo-generator,67
NG-004,2026-03-01T16:45:00Z,133.022,43.170,35.603,ok,demo-generator,68
NG-004,2026-03-01T17:00:00Z,133.186,45.858,36.784,ok,demo-generator,69
NG-004,2026-03-01T17:15:00Z,133.362,42.028,34.194,ok,demo-generator,70
NG-004,2026-03-01T17:30:00Z,133.150,43.249,34.718,ok,demo-generator,71
NG-004,2026-03-01T17:45:00Z,133.135,41.616,33.019,ok,demo-generator,72
NG-004,2026-03-01T18:00:00Z,133.360,42.940,33.578,ok,demo-generator,73
NG-004,2026-03-01T18:15:00Z,133.183,41.789,33.212,ok,demo-generator,74
NG-004,2026-03-01T18:30:00Z,133.357,42.794,33.659,ok,demo-generator,75
NG-004,2026-03-01T18:45:00Z,133.433,42.273,31.582,ok,demo-generator,76
NG-004,2026-03-01T19:00:00Z,132.929,44.354,33.498,ok,demo-generator,77
NG-004,2026-03-01T19:15:00Z,133.274,42.817,32.411,ok,demo-generator,78
NG-004,2026-03-01T19:30:00Z,132.871,45.144,31.724,ok,demo-generator,79
NG-004,2026-03-01T19:45:00Z,133.068,43.918,32.604,ok,demo-generator,80
NG-004,2026-03-01T20:00:00Z,132.680,46.608,32.722,ok,demo-generator,81
NG-004,2026-03-01T20:15:00Z,132.747,45.723,31.131,ok,demo-generator,82
NG-004,2026-03-01T20:30:00Z,133.251,46.990,32.871,ok,demo-generator,83
NG-004,2026-03-01T20:45:00Z,132.401,50.218,34.061,ok,demo-generator,84
NG-004,2026-03-01T21:00:00Z,133.134,48.505,33.266,ok,demo-generator,85
NG-004,2026-03-01T21:15:00Z,132.995,50.340,32.504,ok,demo-generator,86
NG-004,2026-03-01T21:30:00Z,132.378,52.794,35.299,ok,demo-generator,87
NG-004,2026-03-01T21:45:00Z,132.685,54.652,34.194,ok,demo-generator,88
NG-004,2026-03-01T22:00:00Z,132.708,55.416,35.035,ok,demo-generator,89
NG-004,2026-03-01T22:15:00Z,132.494,56.351,36.674,ok,demo-generator,90
NG-004,2026-03-01T22:30:00Z,132.232,56.158,35.881,ok,demo-generator,91
NG-004,2026-03-01T22:45:00Z,132.197,57.670,36.787,ok,demo-generator,92
NG-004,2026-03-01T23:00:00Z,132.176,60.446,38.024,ok,demo-generator,93
NG-004,2026-03-01T23:15:00Z,132.059,59.981,37.406,ok,demo-generator,94
NG-004,2026-03-01T23:30:00Z,132.687,60.689,37.269,ok,demo-generator,95
NG-004,2026-03-01T23:45:00Z,132.635,61.923,39.454,ok,demo-generator,96
NG-004,2026-03-02T00:00:00Z,132.222,64.018,40.165,ok,demo-generator,97
NG-004,2026-03-02T00:15:00Z,132.593,62.316,39.349,ok,demo-generator,98
NG-004,2026-03-02T00:30:00Z,132.431,63.281,39.110,ok,demo-generator,99
NG-004,2026-03-02T00:45:00Z,132.246,62.835,40.131,ok,demo-generator,100
NG-004,2026-03-02T01:00:00Z,132.303,64.073,42.255,ok,demo-generator,101
NG-004,2026-03-02T01:15:00Z,132.360,64.882,41.568,ok,demo-generator,102
NG-004,2026-03-02T01:30:00Z,132.745,65.074,41.555,ok,demo-generator,103
NG-004,2026-03-02T01:45:00Z,132.927,63.889,41.956,ok,demo-generator,104
NG-004,2026-03-02T02:00:00Z,132.573,66.068,44.196,ok,demo-generator,105
NG-004,2026-03-02T02:15:00Z,132.609,66.119,44.160,ok,demo-generator,106
NG-004,2026-03-02T02:30:00Z,132.383,64.925,44.191,ok,demo-generator,107
NG-004,2026-03-02T02:45:00Z,132.758,65.300,44.886,ok,demo-generator,108
NG-004,2026-03-02T03:00:00Z,132.314,66.609,45.149,ok,demo-generator,109
NG-004,2026-03-02T03:15:00Z,132.732,65.300,45.227,ok,demo-generator,110
NG-004,2026-03-02T03:30:00Z,132.552,65.160,46.770,ok,demo-generator,111
NG-004,2026-03-02T03:45:00Z,133.239,63.527,46.665,ok,demo-generator,112
NG-004,2026-03-02T04:00:00Z,132.811,64.644,45.880,ok,demo-generator,113
NG-004,2026-03-02T04:15:00Z,132.979,66.411,48.805,ok,demo-generator,114
NG-004,2026-03-02T04:30:00Z,133.269,65.112,47.378,ok,demo-generator,115
NG-004,2026-03-02T04:45:00Z,132.684,65.410,47.365,ok,demo-generator,116
NG-004,2026-03-02T05:00:00Z,132.901,65.840,48.102,ok,demo-generator,117
NG-004,2026-03-02T05:15:00Z,132.722,65.426,48.340,ok,demo-generator,118
NG-004,2026-03-02T05:30:00Z,132.770,66.450,50.528,ok,demo-generator,119
NG-004,2026-03-02T05:45:00Z,133.272,64.791,50.073,ok,demo-generator,120
NG-004,2026-03-02T06:00:00Z,133.274,66.006,51.327,ok,demo-generator,121
NG-004,2026-03-02T06:15:00Z,132.689,67.933,51.456,ok,demo-generator,122
NG-004,2026-03-02T06:30:00Z,132.770,66.131,51.579,ok,demo-generator,123
NG-004,2026-03-02T06:45:00Z,132.972,66.101,50.904,ok,demo-generator,124
NG-004,2026-03-02T07:00:00Z,132.848,68.242,53.137,ok,demo-generator,125
NG-004,2026-03-02T07:15:00Z,132.300,68.929,52.242,ok,demo-generator,126
NG-004,2026-03-02T07:30:00Z,132.602,69.913,52.827,ok,demo-generator,127
NG-004,2026-03-02T07:45:00Z,132.742,68.222,53.635,ok,demo-generator,128
NG-004,2026-03-02T08:00:00Z,132.646,68.820,53.794,ok,demo-generator,129
NG-004,2026-03-02T08:15:00Z,132.648,69.136,53.717,ok,demo-generator,130
NG-004,2026-03-02T08:30:00Z,131.950,71.140,55.245,ok,demo-generator,131
NG-004,2026-03-02T08:45:00Z,132.511,69.511,54.692,ok,demo-generator,132
NG-004,2026-03-02T09:00:00Z,132.232,70.455,54.899,ok,demo-generator,133
NG-004,2026-03-02T09:15:00Z,132.048,71.534,53.554,ok,demo-generator,134
NG-004,2026-03-02T09:30:00Z,131.602,71.873,55.284,ok,demo-generator,135
NG-004,2026-03-02T09:45:00Z,131.667,72.099,54.875,ok,demo-generator,136
NG-004,2026-03-02T10:00:00Z,132.053,70.040,53.048,ok,demo-generator,137
NG-004,2026-03-02T10:15:00Z,131.855,71.913,53.128,ok,demo-generator,138
NG-004,2026-03-02T10:30:00Z,131.409,72.090,53.565,ok,demo-generator,139
NG-004,2026-03-02T10:45:00Z,131.541,71.602,52.770,ok,demo-generator,140
NG-004,2026-03-02T11:00:00Z,131.358,70.589,53.648,ok,demo-generator,141
NG-004,2026-03-02T11:15:00Z,131.976,68.676,52.451,ok,demo-generator,142
NG-004,2026-03-02T11:30:00Z,131.436,68.462,52.983,ok,demo-generator,143
NG-004,2026-03-02T11:45:00Z,131.926,67.779,51.059,ok,demo-generator,144
NG-004,2026-03-02T12:00:00Z,131.896,67.764,50.437,ok,demo-generator,145
NG-004,2026-03-02T12:15:00Z,131.983,66.349,49.644,ok,demo-generator,146
NG-004,2026-03-02T12:30:00Z,131.767,66.946,49.935,ok,demo-generator,147
NG-004,2026-03-02T12:45:00Z,131.421,66.062,49.713,ok,demo-generator,148
NG-004,2026-03-02T13:00:00Z,131.636,63.479,47.478,ok,demo-generator,149
NG-004,2026-03-02T13:15:00Z,131.620,62.672,48.756,ok,demo-generator,150
NG-004,2026-03-02T13:30:00Z,131.866,61.284,46.268,ok,demo-generator,151
NG-004,2026-03-02T13:45:00Z,131.815,60.259,46.583,ok,demo-generator,152
NG-004,2026-03-02T14:00:00Z,131.959,58.256,46.033,ok,demo-generator,153
NG-004,2026-03-02T14:15:00Z,132.537,56.462,44.300,ok,demo-generator,154
NG-004,2026-03-02T14:30:00Z,132.032,56.796,43.301,ok,demo-generator,155
NG-004,2026-03-02T14:45:00Z,132.588,54.452,42.332,ok,demo-generator,156
NG-004,2026-03-02T15:00:00Z,132.520,51.939,40.157,ok,demo-generator,157
NG-004,2026-03-02T15:15:00Z,132.925,50.578,39.486,ok,demo-generator,158
NG-004,2026-03-02T15:30:00Z,132.612,48.597,39.570,ok,demo-generator,159
NG-004,2026-03-02T15:45:00Z,132.445,49.972,40.070,ok,demo-generator,160
NG-004,2026-03-02T16:00:00Z,132.831,48.413,37.722,ok,demo-generator,161
NG-004,2026-03-02T16:15:00Z,132.851,45.869,36.012,ok,demo-generator,162
NG-004,2026-03-02T16:30:00Z,132.658,47.596,36.254,ok,demo-generator,163
NG-004,2026-03-02T16:45:00Z,132.895,43.275,34.905,ok,demo-generator,164
NG-004,2026-03-02T17:00:00Z,132.545,45.579,35.366,ok,demo-generator,165
NG-004,2026-03-02T17:15:00Z,133.125,43.496,33.887,ok,demo-generator,166
NG-004,2026-03-02T17:30:00Z,133.147,43.281,33.588,ok,demo-generator,167
NG-004,2026-03-02T17:45:00Z,133.113,44.194,33.445,ok,demo-generator,168
NG-004,2026-03-02T18:00:00Z,133.084,42.966,32.274,ok,demo-generator,169
NG-004,2026-03-02T18:15:00Z,133.107,43.711,32.420,ok,demo-generator,170
NG-004,2026-03-02T18:30:00Z,132.907,43.075,32.618,ok,demo-generator,171
NG-004,2026-03-02T18:45:00Z,133.274,43.702,32.937,ok,demo-generator,172
NG-004,2026-03-02T19:00:00Z,133.364,43.100,32.922,ok,demo-generator,173
NG-004,2026-03-02T19:15:00Z,133.505,43.034,30.911,ok,demo-generator,174
NG-004,2026-03-02T19:30:00Z,132.862,44.798,32.086,ok,demo-generator,175
NG-004,2026-03-02T19:45:00Z,133.076,46.610,33.619,ok,demo-generator,176
NG-004,2026-03-02T20:00:00Z,133.208,45.368,33.037,ok,demo-generator,177
NG-004,2026-03-02T20:15:00Z,132.814,46.061,33.320,ok,demo-generator,178
NG-004,2026-03-02T20:30:00Z,133.144,47.191,32.949,ok,demo-generator,179
NG-004,2026-03-02T20:45:00Z,132.334,50.681,34.092,ok,demo-generator,180
NG-004,2026-03-02T21:00:00Z,133.088,50.026,33.781,ok,demo-generator,181
NG-004,2026-03-02T21:15:00Z,132.937,50.263,34.015,ok,demo-generator,182
NG-004,2026-03-02T21:30:00Z,132.369,52.176,33.891,ok,demo-generator,183
NG-004,2026-03-02T21:45:00Z,132.435,55.215,34.139,ok,demo-generator,184
NG-004,2026-03-02T22:00:00Z,132.632,55.445,35.134,ok,demo-generator,185
NG-004,2026-03-02T22:15:00Z,132.397,56.871,35.790,ok,demo-generator,186
NG-004,2026-03-02T22:30:00Z,132.158,58.286,36.175,ok,demo-generator,187
NG-004,2026-03-02T22:45:00Z,132.399,56.572,35.259,ok,demo-generator,188
NG-004,2026-03-02T23:00:00Z,132.284,60.093,36.992,ok,demo-generator,189
NG-004,2026-03-02T23:15:00Z,132.078,61.911,37.685,ok,demo-generator,190
NG-004,2026-03-02T23:30:00Z,132.357,62.047,37.393,ok,demo-generator,191
NG-004,2026-03-02T23:45:00Z,132.478,63.571,39.502,ok,demo-generator,192
NG-005,2026-03-01T00:00:00Z,132.936,65.041,38.955,ok,demo-generator,1
NG-005,2026-03-01T00:15:00Z,132.723,65.414,40.815,ok,demo-generator,2
NG-005,2026-03-01T00:30:00Z,133.049,65.027,40.881,ok,demo-generator,3
NG-005,2026-03-01T00:45:00Z,133.281,63.205,39.837,ok,demo-generator,4
NG-005,2026-03-01T01:00:00Z,133.371,60.301,39.939,ok,demo-generator,5
NG-005,2026-03-01T01:15:00Z,133.336,60.325,40.456,ok,demo-generator,6
NG-005,2026-03-01T01:30:00Z,134.002,56.067,38.492,ok,demo-generator,7
NG-005,2026-03-01T01:45:00Z,133.880,58.015,41.047,ok,demo-generator,8
NG-005,2026-03-01T02:00:00Z,134.005,54.385,40.299,ok,demo-generator,9
NG-005,2026-03-01T02:15:00Z,133.841,55.392,41.529,ok,demo-generator,10
NG-005,2026-03-01T02:30:00Z,134.326,54.358,39.822,ok,demo-generator,11
NG-005,2026-03-01T02:45:00Z,134.009,52.461,39.932,ok,demo-generator,12
NG-005,2026-03-01T03:00:00Z,134.583,52.329,40.288,ok,demo-generator,13
NG-005,2026-03-01T03:15:00Z,134.479,51.341,41.626,ok,demo-generator,14
NG-005,2026-03-01T03:30:00Z,134.127,51.743,41.107,ok,demo-generator,15
NG-005,2026-03-01T03:45:00Z,134.471,52.855,41.936,ok,demo-generator,16
NG-005,2026-03-01T04:00:00Z,134.276,52.858,42.698,ok,demo-generator,17
NG-005,2026-03-01T04:15:00Z,134.329,51.177,42.975,ok,demo-generator,18
NG-005,2026-03-01T04:30:00Z,133.847,53.024,44.200,ok,demo-generator,19
NG-005,2026-03-01T04:45:00Z,134.325,50.412,43.420,ok,demo-generator,20
NG-005,2026-03-01T05:00:00Z,134.254,51.303,45.355,ok,demo-generator,21
NG-005,2026-03-01T05:15:00Z,133.884,51.225,44.966,ok,demo-generator,22
NG-005,2026-03-01T05:30:00Z,134.093,53.261,45.504,ok,demo-generator,23
NG-005,2026-03-01T05:45:00Z,134.025,53.855,45.584,ok,demo-generator,24
NG-005,2026-03-01T06:00:00Z,133.781,52.777,46.608,ok,demo-generator,25
NG-005,2026-03-01T06:15:00Z,133.747,54.724,47.306,ok,demo-generator,26
NG-005,2026-03-01T06:30:00Z,133.395,54.322,48.065,ok,demo-generator,27
NG-005,2026-03-01T06:45:00Z,133.010,56.843,48.895,ok,demo-generator,28
NG-005,2026-03-01T07:00:00Z,133.332,56.707,48.568,ok,demo-generator,29
NG-005,2026-03-01T07:15:00Z,132.874,60.042,50.360,ok,demo-generator,30
NG-005,2026-03-01T07:30:00Z,132.690,58.627,50.287,ok,demo-generator,31
NG-005,2026-03-01T07:45:00Z,133.033,58.406,50.671,ok,demo-generator,32
NG-005,2026-03-01T08:00:00Z,132.643,60.752,51.005,ok,demo-generator,33
NG-005,2026-03-01T08:15:00Z,131.927,62.261,52.033,ok,demo-generator,34
NG-005,2026-03-01T08:30:00Z,132.465,61.209,51.774,ok,demo-generator,35
NG-005,2026-03-01T08:45:00Z,132.070,62.551,52.298,ok,demo-generator,36
NG-005,2026-03-01T09:00:00Z,131.790,62.822,52.188,ok,demo-generator,37
NG-005,2026-03-01T09:15:00Z,131.916,65.071,52.627,ok,demo-generator,38
NG-005,2026-03-01T09:30:00Z,131.725,65.181,53.063,ok,demo-generator,39
NG-005,2026-03-01T09:45:00Z,131.953,64.065,50.938,ok,demo-generator,40
NG-005,2026-03-01T10:00:00Z,131.269,64.865,52.498,ok,demo-generator,41
NG-005,2026-03-01T10:15:00Z,131.528,65.728,51.157,ok,demo-generator,42
NG-005,2026-03-01T10:30:00Z,131.429,67.537,52.429,ok,demo-generator,43
NG-005,2026-03-01T10:45:00Z,130.975,66.714,51.648,ok,demo-generator,44
NG-005,2026-03-01T11:00:00Z,131.139,65.774,50.752,ok,demo-generator,45
NG-005,2026-03-01T11:15:00Z,130.827,66.161,51.716,ok,demo-generator,46
NG-005,2026-03-01T11:30:00Z,131.285,66.797,52.196,ok,demo-generator,47
NG-005,2026-03-01T11:45:00Z,130.649,67.450,52.180,ok,demo-generator,48
NG-005,2026-03-01T12:00:00Z,130.711,67.688,50.418,ok,demo-generator,49
NG-005,2026-03-01T12:15:00Z,130.676,68.151,50.806,ok,demo-generator,50
NG-005,2026-03-01T12:30:00Z,130.391,68.330,50.891,ok,demo-generator,51
NG-005,2026-03-01T12:45:00Z,131.023,67.508,50.352,ok,demo-generator,52
NG-005,2026-03-01T13:00:00Z,130.608,67.144,49.749,ok,demo-generator,53
NG-005,2026-03-01T13:15:00Z,130.851,68.263,49.105,ok,demo-generator,54
NG-005,2026-03-01T13:30:00Z,130.984,67.079,49.222,ok,demo-generator,55
NG-005,2026-03-01T13:45:00Z,130.695,68.639,48.974,ok,demo-generator,56
NG-005,2026-03-01T14:00:00Z,130.867,68.610,47.857,ok,demo-generator,57
NG-005,2026-03-01T14:15:00Z,130.431,68.746,48.528,ok,demo-generator,58
NG-005,2026-03-01T14:30:00Z,130.824,67.911,46.510,ok,demo-generator,59
NG-005,2026-03-01T14:45:00Z,130.340,69.957,48.006,ok,demo-generator,60
NG-005,2026-03-01T15:00:00Z,130.437,68.166,46.554,ok,demo-generator,61
NG-005,2026-03-01T15:15:00Z,130.453,68.906,45.523,ok,demo-generator,62
NG-005,2026-03-01T15:30:00Z,130.325,72.375,46.239,ok,demo-generator,63
NG-005,2026-03-01T15:45:00Z,130.233,70.845,44.844,ok,demo-generator,64
NG-005,2026-03-01T16:00:00Z,129.954,73.611,45.077,ok,demo-generator,65
NG-005,2026-03-01T16:15:00Z,130.224,74.172,45.257,ok,demo-generator,66
NG-005,2026-03-01T16:30:00Z,129.938,75.151,45.751,ok,demo-generator,67
NG-005,2026-03-01T16:45:00Z,130.435,74.644,44.069,ok,demo-generator,68
NG-005,2026-03-01T17:00:00Z,130.051,73.934,43.978,ok,demo-generator,69
NG-005,2026-03-01T17:15:00Z,130.401,76.153,44.060,ok,demo-generator,70
NG-005,2026-03-01T17:30:00Z,130.051,76.435,44.941,ok,demo-generator,71
NG-005,2026-03-01T17:45:00Z,130.537,77.364,45.005,ok,demo-generator,72
NG-005,2026-03-01T18:00:00Z,130.367,78.740,45.023,ok,demo-generator,73
NG-005,2026-03-01T18:15:00Z,130.094,80.237,44.959,ok,demo-generator,74
NG-005,2026-03-01T18:30:00Z,129.830,79.816,44.068,ok,demo-generator,75
NG-005,2026-03-01T18:45:00Z,130.290,80.883,43.266,ok,demo-generator,76
NG-005,2026-03-01T19:00:00Z,129.825,80.831,42.904,ok,demo-generator,77
NG-005,2026-03-01T19:15:00Z,130.296,80.800,44.334,ok,demo-generator,78
NG-005,2026-03-01T19:30:00Z,129.906,82.752,43.466,ok,demo-generator,79
NG-005,2026-03-01T19:45:00Z,130.148,82.690,42.774,ok,demo-generator,80
NG-005,2026-03-01T20:00:00Z,130.564,81.058,43.579,ok,demo-generator,81
NG-005,2026-03-01T20:15:00Z,130.348,82.810,42.792,ok,demo-generator,82
NG-005,2026-03-01T20:30:00Z,130.602,81.653,43.412,ok,demo-generator,83
NG-005,2026-03-01T20:45:00Z,130.341,82.140,44.012,ok,demo-generator,84
NG-005,2026-03-01T21:00:00Z,130.966,81.062,43.391,ok,demo-generator,85
NG-005,2026-03-01T21:15:00Z,130.778,78.351,41.883,ok,demo-generator,86
NG-005,2026-03-01T21:30:00Z,131.035,78.071,41.972,ok,demo-generator,87
NG-005,2026-03-01T21:45:00Z,130.866,79.141,42.506,ok,demo-generator,88
NG-005,2026-03-01T22:00:00Z,131.062,76.259,42.307,ok,demo-generator,89
NG-005,2026-03-01T22:15:00Z,131.654,77.114,42.709,ok,demo-generator,90
NG-005,2026-03-01T22:30:00Z,131.991,75.085,41.773,ok,demo-generator,91
NG-005,2026-03-01T22:45:00Z,131.857,73.048,40.202,ok,demo-generator,92
NG-005,2026-03-01T23:00:00Z,131.928,71.164,40.039,ok,demo-generator,93
NG-005,2026-03-01T23:15:00Z,132.261,69.535,41.021,ok,demo-generator,94
NG-005,2026-03-01T23:30:00Z,132.344,68.635,39.687,ok,demo-generator,95
NG-005,2026-03-01T23:45:00Z,133.029,66.995,40.544,ok,demo-generator,96
NG-005,2026-03-02T00:00:00Z,133.182,65.145,40.169,ok,demo-generator,97
NG-005,2026-03-02T00:15:00Z,133.334,63.997,39.837,ok,demo-generator,98
NG-005,2026-03-02T00:30:00Z,132.945,62.063,40.192,ok,demo-generator,99
NG-005,2026-03-02T00:45:00Z,133.122,60.312,39.541,ok,demo-generator,100
NG-005,2026-03-02T01:00:00Z,133.743,59.512,40.010,ok,demo-generator,101
NG-005,2026-03-02T01:15:00Z,133.890,59.339,40.427,ok,demo-generator,102
NG-005,2026-03-02T01:30:00Z,133.687,57.955,40.496,ok,demo-generator,103
NG-005,2026-03-02T01:45:00Z,133.464,58.308,39.738,ok,demo-generator,104
NG-005,2026-03-02T02:00:00Z,133.879,53.817,40.222,ok,demo-generator,105
NG-005,2026-03-02T02:15:00Z,134.059,54.851,40.222,ok,demo-generator,106
NG-005,2026-03-02T02:30:00Z,133.954,53.150,40.085,ok,demo-generator,107
NG-005,2026-03-02T02:45:00Z,134.599,51.513,39.691,ok,demo-generator,108
NG-005,2026-03-02T03:00:00Z,134.023,53.537,42.282,ok,demo-generator,109
NG-005,2026-03-02T03:15:00Z,134.649,50.597,41.327,ok,demo-generator,110
NG-005,2026-03-02T03:30:00Z,134.583,51.972,41.125,ok,demo-generator,111
NG-005,2026-03-02T03:45:00Z,134.028,50.579,41.051,ok,demo-generator,112
NG-005,2026-03-02T04:00:00Z,134.076,52.812,44.183,ok,demo-generator,113
NG-005,2026-03-02T04:15:00Z,134.189,50.063,43.016,ok,demo-generator,114
NG-005,2026-03-02T04:30:00Z,133.824,51.986,43.042,ok,demo-generator,115
NG-005,2026-03-02T04:45:00Z,133.702,53.377,43.779,ok,demo-generator,116
NG-005,2026-03-02T05:00:00Z,134.176,53.265,46.039,ok,demo-generator,117
NG-005,2026-03-02T05:15:00Z,133.630,53.689,45.434,ok,demo-generator,118
NG-005,2026-03-02T05:30:00Z,134.222,52.080,46.218,ok,demo-generator,119
NG-005,2026-03-02T05:45:00Z,133.694,52.283,46.545,ok,demo-generator,120
NG-005,2026-03-02T06:00:00Z,133.622,53.484,46.065,ok,demo-generator,121
NG-005,2026-03-02T06:15:00Z,132.961,56.517,48.917,ok,demo-generator,122
NG-005,2026-03-02T06:30:00Z,133.497,55.731,47.295,ok,demo-generator,123
NG-005,2026-03-02T06:45:00Z,133.074,57.656,47.844,ok,demo-generator,124
NG-005,2026-03-02T07:00:00Z,132.992,56.479,49.094,ok,demo-generator,125
NG-005,2026-03-02T07:15:00Z,132.641,57.092,49.134,ok,demo-generator,126
NG-005,2026-03-02T07:30:00Z,132.419,60.061,49.620,ok,demo-generator,127
NG-005,2026-03-02T07:45:00Z,132.786,59.342,49.579,ok,demo-generator,128
NG-005,2026-03-02T08:00:00Z,132.338,59.615,51.374,ok,demo-generator,129
NG-005,2026-03-02T08:15:00Z,132.322,62.768,51.970,ok,demo-generator,130
NG-005,2026-03-02T08:30:00Z,132.057,62.167,50.609,ok,demo-generator,131
NG-005,2026-03-02T08:45:00Z,132.152,61.942,51.696,ok,demo-generator,132
NG-005,2026-03-02T09:00:00Z,132.042,63.071,50.960,ok,demo-generator,133
NG-005,2026-03-02T09:15:00Z,131.718,64.403,52.152,ok,demo-generator,134
NG-005,2026-03-02T09:30:00Z,131.249,65.450,53.106,ok,demo-generator,135
NG-005,2026-03-02T09:45:00Z,131.215,64.890,51.392,ok,demo-generator,136
NG-005,2026-03-02T10:00:00Z,131.307,64.540,51.813,ok,demo-generator,137
NG-005,2026-03-02T10:15:00Z,131.539,63.790,51.204,ok,demo-generator,138
NG-005,2026-03-02T10:30:00Z,130.913,67.523,52.988,ok,demo-generator,139
NG-005,2026-03-02T10:45:00Z,131.050,67.589,52.123,ok,demo-generator,140
NG-005,2026-03-02T11:00:00Z,130.706,67.485,52.995,ok,demo-generator,141
NG-005,2026-03-02T11:15:00Z,130.824,66.836,52.637,ok,demo-generator,142
NG-005,2026-03-02T11:30:00Z,130.780,66.090,52.102,ok,demo-generator,143
NG-005,2026-03-02T11:45:00Z,130.812,68.166,51.059,ok,demo-generator,144
NG-005,2026-03-02T12:00:00Z,131.154,65.931,51.563,ok,demo-generator,145
NG-005,2026-03-02T12:15:00Z,130.733,68.063,50.434,ok,demo-generator,146
NG-005,2026-03-02T12:30:00Z,130.715,68.242,51.300,ok,demo-generator,147
NG-005,2026-03-02T12:45:00Z,130.737,65.563,49.049,ok,demo-generator,148
NG-005,2026-03-02T13:00:00Z,130.626,67.106,49.852,ok,demo-generator,149
NG-005,2026-03-02T13:15:00Z,130.731,67.415,49.087,ok,demo-generator,150
NG-005,2026-03-02T13:30:00Z,130.522,68.140,49.830,ok,demo-generator,151
NG-005,2026-03-02T13:45:00Z,130.799,68.548,48.501,ok,demo-generator,152
NG-005,2026-03-02T14:00:00Z,130.577,69.180,48.770,ok,demo-generator,153
NG-005,2026-03-02T14:15:00Z,130.288,69.769,48.011,ok,demo-generator,154
NG-005,2026-03-02T14:30:00Z,130.512,70.036,48.323,ok,demo-generator,155
NG-005,2026-03-02T14:45:00Z,130.835,69.198,47.369,ok,demo-generator,156
NG-005,2026-03-02T15:00:00Z,130.240,69.444,46.552,ok,demo-generator,157
NG-005,2026-03-02T15:15:00Z,130.087,71.600,46.505,ok,demo-generator,158
NG-005,2026-03-02T15:30:00Z,130.767,70.473,46.399,ok,demo-generator,159
NG-005,2026-03-02T15:45:00Z,130.565,72.363,45.426,ok,demo-generator,160
NG-005,2026-03-02T16:00:00Z,130.451,71.769,45.336,ok,demo-generator,161
NG-005,2026-03-02T16:15:00Z,130.370,72.127,45.970,ok,demo-generator,162
NG-005,2026-03-02T16:30:00Z,130.064,73.770,45.879,ok,demo-generator,163
NG-005,2026-03-02T16:45:00Z,130.164,74.046,45.484,ok,demo-generator,164
NG-005,2026-03-02T17:00:00Z,130.016,74.203,45.273,ok,demo-generator,165
NG-005,2026-03-02T17:15:00Z,130.481,76.664,44.411,ok,demo-generator,166
NG-005,2026-03-02T17:30:00Z,130.005,76.411,44.448,ok,demo-generator,167
NG-005,2026-03-02T17:45:00Z,129.823,79.107,45.537,ok,demo-generator,168
NG-005,2026-03-02T18:00:00Z,130.455,76.781,42.800,ok,demo-generator,169
NG-005,2026-03-02T18:15:00Z,129.661,80.377,43.941,ok,demo-generator,170
NG-005,2026-03-02T18:30:00Z,129.809,79.732,43.104,ok,demo-generator,171
NG-005,2026-03-02T18:45:00Z,130.589,79.042,43.866,ok,demo-generator,172
NG-005,2026-03-02T19:00:00Z,130.272,79.434,42.643,ok,demo-generator,173
NG-005,2026-03-02T19:15:00Z,129.992,82.266,44.558,ok,demo-generator,174
NG-005,2026-03-02T19:30:00Z,130.505,80.986,43.965,ok,demo-generator,175
NG-005,2026-03-02T19:45:00Z,130.492,81.598,43.465,ok,demo-generator,176
NG-005,2026-03-02T20:00:00Z,130.235,80.459,42.071,ok,demo-generator,177
NG-005,2026-03-02T20:15:00Z,130.413,81.081,44.186,ok,demo-generator,178
NG-005,2026-03-02T20:30:00Z,130.752,82.039,43.339,ok,demo-generator,179
NG-005,2026-03-02T20:45:00Z,130.363,80.718,43.376,ok,demo-generator,180
NG-005,2026-03-02T21:00:00Z,130.890,79.918,41.786,ok,demo-generator,181
NG-005,2026-03-02T21:15:00Z,130.811,80.176,41.598,ok,demo-generator,182
NG-005,2026-03-02T21:30:00Z,130.959,78.184,42.616,ok,demo-generator,183
NG-005,2026-03-02T21:45:00Z,131.275,77.271,42.229,ok,demo-generator,184
NG-005,2026-03-02T22:00:00Z,131.451,75.900,41.038,ok,demo-generator,185
NG-005,2026-03-02T22:15:00Z,131.175,76.343,41.119,ok,demo-generator,186
NG-005,2026-03-02T22:30:00Z,131.358,74.975,41.276,ok,demo-generator,187
NG-005,2026-03-02T22:45:00Z,131.396,74.624,40.908,ok,demo-generator,188
NG-005,2026-03-02T23:00:00Z,132.187,73.057,42.381,ok,demo-generator,189
NG-005,2026-03-02T23:15:00Z,132.000,71.139,40.990,ok,demo-generator,190
NG-005,2026-03-02T23:30:00Z,132.650,68.006,40.622,ok,demo-generator,191
NG-005,2026-03-02T23:45:00Z,132.665,68.551,41.322,ok,demo-generator,192
NG-006,2026-03-01T00:00:00Z,132.251,65.012,39.454,ok,demo-generator,1
NG-006,2026-03-01T00:15:00Z,132.919,63.874,38.891,ok,demo-generator,2
NG-006,2026-03-01T00:30:00Z,132.613,62.903,41.045,ok,demo-generator,3
NG-006,2026-03-01T00:45:00Z,132.748,63.062,41.076,ok,demo-generator,4
NG-006,2026-03-01T01:00:00Z,132.830,64.314,41.188,ok,demo-generator,5
NG-006,2026-03-01T01:15:00Z,133.301,62.265,41.984,ok,demo-generator,6
NG-006,2026-03-01T01:30:00Z,133.202,62.170,40.857,ok,demo-generator,7
NG-006,2026-03-01T01:45:00Z,133.023,63.534,42.284,ok,demo-generator,8
NG-006,2026-03-01T02:00:00Z,132.833,63.354,42.673,ok,demo-generator,9
NG-006,2026-03-01T02:15:00Z,133.632,61.123,41.550,ok,demo-generator,10
NG-006,2026-03-01T02:30:00Z,133.345,59.537,41.814,ok,demo-generator,11
NG-006,2026-03-01T02:45:00Z,132.899,62.633,43.567,ok,demo-generator,12
NG-006,2026-03-01T03:00:00Z,133.510,61.425,44.374,ok,demo-generator,13
NG-006,2026-03-01T03:15:00Z,133.383,60.092,44.699,ok,demo-generator,14
NG-006,2026-03-01T03:30:00Z,133.551,60.506,44.005,ok,demo-generator,15
NG-006,2026-03-01T03:45:00Z,132.964,63.202,46.748,ok,demo-generator,16
NG-006,2026-03-01T04:00:00Z,133.202,61.283,46.658,ok,demo-generator,17
NG-006,2026-03-01T04:15:00Z,133.114,64.466,46.470,ok,demo-generator,18
NG-006,2026-03-01T04:30:00Z,133.319,61.591,46.971,ok,demo-generator,19
NG-006,2026-03-01T04:45:00Z,133.400,62.697,47.288,ok,demo-generator,20
NG-006,2026-03-01T05:00:00Z,132.909,66.717,49.992,ok,demo-generator,21
NG-006,2026-03-01T05:15:00Z,133.001,66.071,50.465,ok,demo-generator,22
NG-006,2026-03-01T05:30:00Z,133.012,67.403,49.897,ok,demo-generator,23
NG-006,2026-03-01T05:45:00Z,132.437,68.456,50.082,ok,demo-generator,24
NG-006,2026-03-01T06:00:00Z,132.270,71.127,51.539,ok,demo-generator,25
NG-006,2026-03-01T06:15:00Z,132.476,71.004,53.008,ok,demo-generator,26
NG-006,2026-03-01T06:30:00Z,132.201,72.266,52.658,ok,demo-generator,27
NG-006,2026-03-01T06:45:00Z,131.548,75.125,54.093,ok,demo-generator,28
NG-006,2026-03-01T07:00:00Z,131.692,73.502,53.731,ok,demo-generator,29
NG-006,2026-03-01T07:15:00Z,131.442,75.406,55.767,ok,demo-generator,30
NG-006,2026-03-01T07:30:00Z,131.237,76.996,55.248,ok,demo-generator,31
NG-006,2026-03-01T07:45:00Z,131.255,80.412,56.608,ok,demo-generator,32
NG-006,2026-03-01T08:00:00Z,130.727,82.453,58.116,ok,demo-generator,33
NG-006,2026-03-01T08:15:00Z,130.566,82.607,58.392,ok,demo-generator,34
NG-006,2026-03-01T08:30:00Z,130.390,82.006,58.469,ok,demo-generator,35
NG-006,2026-03-01T08:45:00Z,130.067,85.170,59.503,ok,demo-generator,36
NG-006,2026-03-01T09:00:00Z,129.939,87.022,58.104,ok,demo-generator,37
NG-006,2026-03-01T09:15:00Z,130.212,86.335,58.233,ok,demo-generator,38
NG-006,2026-03-01T09:30:00Z,129.682,86.832,59.329,ok,demo-generator,39
NG-006,2026-03-01T09:45:00Z,129.542,87.454,58.566,ok,demo-generator,40
NG-006,2026-03-01T10:00:00Z,129.706,88.405,58.496,ok,demo-generator,41
NG-006,2026-03-01T10:15:00Z,129.805,88.008,59.418,ok,demo-generator,42
NG-006,2026-03-01T10:30:00Z,128.961,90.821,59.309,ok,demo-generator,43
NG-006,2026-03-01T10:45:00Z,129.057,90.488,59.105,ok,demo-generator,44
NG-006,2026-03-01T11:00:00Z,129.282,89.834,59.331,ok,demo-generator,45
NG-006,2026-03-01T11:15:00Z,129.010,91.793,59.499,ok,demo-generator,46
NG-006,2026-03-01T11:30:00Z,128.937,89.495,58.811,ok,demo-generator,47
NG-006,2026-03-01T11:45:00Z,129.041,88.171,57.534,ok,demo-generator,48
NG-006,2026-03-01T12:00:00Z,129.281,87.899,58.273,ok,demo-generator,49
NG-006,2026-03-01T12:15:00Z,129.309,87.353,56.976,ok,demo-generator,50
NG-006,2026-03-01T12:30:00Z,129.192,87.822,57.693,ok,demo-generator,51
NG-006,2026-03-01T12:45:00Z,128.873,88.051,55.845,ok,demo-generator,52
NG-006,2026-03-01T13:00:00Z,128.706,87.261,54.695,ok,demo-generator,53
NG-006,2026-03-01T13:15:00Z,128.971,86.109,53.991,ok,demo-generator,54
NG-006,2026-03-01T13:30:00Z,129.382,83.988,53.630,ok,demo-generator,55
NG-006,2026-03-01T13:45:00Z,129.701,82.723,53.327,ok,demo-generator,56
NG-006,2026-03-01T14:00:00Z,129.233,82.544,52.314,ok,demo-generator,57
NG-006,2026-03-01T14:15:00Z,128.939,83.223,52.386,ok,demo-generator,58
NG-006,2026-03-01T14:30:00Z,129.473,81.070,51.054,ok,demo-generator,59
NG-006,2026-03-01T14:45:00Z,129.310,79.696,51.224,ok,demo-generator,60
NG-006,2026-03-01T15:00:00Z,129.768,78.716,49.123,ok,demo-generator,61
NG-006,2026-03-01T15:15:00Z,129.866,77.385,48.107,ok,demo-generator,62
NG-006,2026-03-01T15:30:00Z,129.609,77.322,47.458,ok,demo-generator,63
NG-006,2026-03-01T15:45:00Z,129.956,75.691,47.910,ok,demo-generator,64
NG-006,2026-03-01T16:00:00Z,129.826,75.117,45.900,ok,demo-generator,65
NG-006,2026-03-01T16:15:00Z,130.222,75.019,45.311,ok,demo-generator,66
NG-006,2026-03-01T16:30:00Z,130.249,72.160,44.084,ok,demo-generator,67
NG-006,2026-03-01T16:45:00Z,130.436,70.482,43.091,ok,demo-generator,68
NG-006,2026-03-01T17:00:00Z,130.686,70.168,43.364,ok,demo-generator,69
NG-006,2026-03-01T17:15:00Z,130.722,69.832,42.909,ok,demo-generator,70
NG-006,2026-03-01T17:30:00Z,129.976,72.220,41.991,ok,demo-generator,71
NG-006,2026-03-01T17:45:00Z,130.577,71.411,42.683,ok,demo-generator,72
NG-006,2026-03-01T18:00:00Z,130.509,68.353,42.161,ok,demo-generator,73
NG-006,2026-03-01T18:15:00Z,130.535,68.556,40.543,ok,demo-generator,74
NG-006,2026-03-01T18:30:00Z,130.738,71.084,41.055,ok,demo-generator,75
NG-006,2026-03-01T18:45:00Z,130.730,70.877,40.243,ok,demo-generator,76
NG-006,2026-03-01T19:00:00Z,130.744,70.934,41.443,ok,demo-generator,77
NG-006,2026-03-01T19:15:00Z,131.054,70.386,40.407,ok,demo-generator,78
NG-006,2026-03-01T19:30:00Z,131.013,68.085,38.721,ok,demo-generator,79
NG-006,2026-03-01T19:45:00Z,131.022,70.208,40.448,ok,demo-generator,80
NG-006,2026-03-01T20:00:00Z,131.134,68.887,38.490,ok,demo-generator,81
NG-006,2026-03-01T20:15:00Z,131.083,70.286,40.421,ok,demo-generator,82
NG-006,2026-03-01T20:30:00Z,131.229,69.563,39.345,ok,demo-generator,83
NG-006,2026-03-01T20:45:00Z,131.130,70.821,38.762,ok,demo-generator,84
NG-006,2026-03-01T21:00:00Z,131.069,69.762,40.424,ok,demo-generator,85
NG-006,2026-03-01T21:15:00Z,131.351,69.278,38.303,ok,demo-generator,86
NG-006,2026-03-01T21:30:00Z,131.308,69.216,39.701,ok,demo-generator,87
NG-006,2026-03-01T21:45:00Z,131.259,68.472,39.489,ok,demo-generator,88
NG-006,2026-03-01T22:00:00Z,131.887,68.833,38.284,ok,demo-generator,89
NG-006,2026-03-01T22:15:00Z,131.853,68.178,39.168,ok,demo-generator,90
NG-006,2026-03-01T22:30:00Z,132.054,67.994,39.584,ok,demo-generator,91
NG-006,2026-03-01T22:45:00Z,131.920,67.587,38.977,ok,demo-generator,92
NG-006,2026-03-01T23:00:00Z,131.729,68.059,40.432,ok,demo-generator,93
NG-006,2026-03-01T23:15:00Z,132.336,66.048,39.049,ok,demo-generator,94
NG-006,2026-03-01T23:30:00Z,132.090,66.331,40.270,ok,demo-generator,95
NG-006,2026-03-01T23:45:00Z,132.736,64.420,40.522,ok,demo-generator,96
NG-006,2026-03-02T00:00:00Z,132.747,64.039,40.777,ok,demo-generator,97
NG-006,2026-03-02T00:15:00Z,132.306,65.865,39.761,ok,demo-generator,98
NG-006,2026-03-02T00:30:00Z,133.116,63.595,39.186,ok,demo-generator,99
NG-006,2026-03-02T00:45:00Z,133.040,65.018,41.255,ok,demo-generator,100
NG-006,2026-03-02T01:00:00Z,133.084,64.708,42.408,ok,demo-generator,101
NG-006,2026-03-02T01:15:00Z,132.857,62.148,40.752,ok,demo-generator,102
NG-006,2026-03-02T01:30:00Z,133.162,61.229,40.594,ok,demo-generator,103
NG-006,2026-03-02T01:45:00Z,133.148,62.676,42.197,ok,demo-generator,104
NG-006,2026-03-02T02:00:00Z,133.321,62.027,42.346,ok,demo-generator,105
NG-006,2026-03-02T02:15:00Z,133.473,61.259,41.917,ok,demo-generator,106
NG-006,2026-03-02T02:30:00Z,133.103,61.732,42.632,ok,demo-generator,107
NG-006,2026-03-02T02:45:00Z,133.355,61.432,44.276,ok,demo-generator,108
NG-006,2026-03-02T03:00:00Z,133.279,61.042,44.552,ok,demo-generator,109
NG-006,2026-03-02T03:15:00Z,133.233,61.316,44.470,ok,demo-generator,110
NG-006,2026-03-02T03:30:00Z,133.421,61.520,44.892,ok,demo-generator,111
NG-006,2026-03-02T03:45:00Z,133.398,62.676,45.785,ok,demo-generator,112
NG-006,2026-03-02T04:00:00Z,133.232,60.752,45.720,ok,demo-generator,113
NG-006,2026-03-02T04:15:00Z,133.552,61.114,45.144,ok,demo-generator,114
NG-006,2026-03-02T04:30:00Z,133.316,65.109,47.198,ok,demo-generator,115
NG-006,2026-03-02T04:45:00Z,133.154,63.142,48.339,ok,demo-generator,116
NG-006,2026-03-02T05:00:00Z,133.217,64.232,47.693,ok,demo-generator,117
NG-006,2026-03-02T05:15:00Z,133.023,66.616,49.451,ok,demo-generator,118
NG-006,2026-03-02T05:30:00Z,132.770,65.437,49.388,ok,demo-generator,119
NG-006,2026-03-02T05:45:00Z,132.777,67.297,49.534,ok,demo-generator,120
NG-006,2026-03-02T06:00:00Z,132.295,69.359,51.595,ok,demo-generator,121
NG-006,2026-03-02T06:15:00Z,132.609,70.587,51.982,ok,demo-generator,122
NG-006,2026-03-02T06:30:00Z,132.347,71.170,53.219,ok,demo-generator,123
NG-006,2026-03-02T06:45:00Z,132.231,72.613,52.574,ok,demo-generator,124
NG-006,2026-03-02T07:00:00Z,131.326,76.867,54.607,ok,demo-generator,125
NG-006,2026-03-02T07:15:00Z,131.921,75.358,55.859,ok,demo-generator,126
NG-006,2026-03-02T07:30:00Z,131.455,76.506,55.536,ok,demo-generator,127
NG-006,2026-03-02T07:45:00Z,130.978,80.461,57.714,ok,demo-generator,128
NG-006,2026-03-02T08:00:00Z,130.777,82.447,58.312,ok,demo-generator,129
NG-006,2026-03-02T08:15:00Z,130.556,82.667,58.475,ok,demo-generator,130
NG-006,2026-03-02T08:30:00Z,130.652,82.383,56.566,ok,demo-generator,131
NG-006,2026-03-02T08:45:00Z,130.244,83.933,57.470,ok,demo-generator,132
NG-006,2026-03-02T09:00:00Z,130.491,85.615,57.670,ok,demo-generator,133
NG-006,2026-03-02T09:15:00Z,129.765,87.884,59.422,ok,demo-generator,134
NG-006,2026-03-02T09:30:00Z,129.723,88.595,59.613,ok,demo-generator,135
NG-006,2026-03-02T09:45:00Z,129.684,89.075,58.927,ok,demo-generator,136
NG-006,2026-03-02T10:00:00Z,129.488,89.185,59.813,ok,demo-generator,137
NG-006,2026-03-02T10:15:00Z,129.595,90.198,59.328,ok,demo-generator,138
NG-006,2026-03-02T10:30:00Z,128.949,91.339,60.749,ok,demo-generator,139
NG-006,2026-03-02T10:45:00Z,129.467,89.609,59.790,ok,demo-generator,140
NG-006,2026-03-02T11:00:00Z,128.820,91.822,59.878,ok,demo-generator,141
NG-006,2026-03-02T11:15:00Z,129.358,91.731,58.902,ok,demo-generator,142
NG-006,2026-03-02T11:30:00Z,129.341,91.252,60.054,ok,demo-generator,143
NG-006,2026-03-02T11:45:00Z,128.965,90.716,58.476,ok,demo-generator,144
NG-006,2026-03-02T12:00:00Z,129.168,88.076,57.968,ok,demo-generator,145
NG-006,2026-03-02T12:15:00Z,129.390,88.512,58.021,ok,demo-generator,146
NG-006,2026-03-02T12:30:00Z,128.930,88.780,58.027,ok,demo-generator,147
NG-006,2026-03-02T12:45:00Z,129.079,86.268,55.865,ok,demo-generator,148
NG-006,2026-03-02T13:00:00Z,129.323,87.264,56.601,ok,demo-generator,149
NG-006,2026-03-02T13:15:00Z,129.240,86.524,54.991,ok,demo-generator,150
NG-006,2026-03-02T13:30:00Z,128.897,84.364,54.002,ok,demo-generator,151
NG-006,2026-03-02T13:45:00Z,129.496,82.894,53.569,ok,demo-generator,152
NG-006,2026-03-02T14:00:00Z,129.538,81.687,52.749,ok,demo-generator,153
NG-006,2026-03-02T14:15:00Z,129.602,82.491,51.244,ok,demo-generator,154
NG-006,2026-03-02T14:30:00Z,129.484,80.736,52.017,ok,demo-generator,155
NG-006,2026-03-02T14:45:00Z,129.753,77.574,49.229,ok,demo-generator,156
NG-006,2026-03-02T15:00:00Z,129.726,77.165,49.910,ok,demo-generator,157
NG-006,2026-03-02T15:15:00Z,129.848,75.415,48.672,ok,demo-generator,158
NG-006,2026-03-02T15:30:00Z,129.767,77.213,48.600,ok,demo-generator,159
NG-006,2026-03-02T15:45:00Z,129.973,74.268,46.500,ok,demo-generator,160
NG-006,2026-03-02T16:00:00Z,130.129,72.537,46.019,ok,demo-generator,161
NG-006,2026-03-02T16:15:00Z,130.073,72.614,45.444,ok,demo-generator,162
NG-006,2026-03-02T16:30:00Z,129.937,73.010,44.383,ok,demo-generator,163
NG-006,2026-03-02T16:45:00Z,130.365,73.049,45.108,ok,demo-generator,164
NG-006,2026-03-02T17:00:00Z,130.275,70.316,42.805,ok,demo-generator,165
NG-006,2026-03-02T17:15:00Z,130.714,70.464,41.908,ok,demo-generator,166
NG-006,2026-03-02T17:30:00Z,130.254,71.581,41.798,ok,demo-generator,167
NG-006,2026-03-02T17:45:00Z,130.426,68.656,42.254,ok,demo-generator,168
NG-006,2026-03-02T18:00:00Z,130.676,70.531,42.505,ok,demo-generator,169
NG-006,2026-03-02T18:15:00Z,130.811,69.285,40.167,ok,demo-generator,170
NG-006,2026-03-02T18:30:00Z,130.853,69.062,40.300,ok,demo-generator,171
NG-006,2026-03-02T18:45:00Z,130.777,69.275,40.535,ok,demo-generator,172
NG-006,2026-03-02T19:00:00Z,130.540,70.062,40.087,ok,demo-generator,173
NG-006,2026-03-02T19:15:00Z,131.025,67.652,40.044,ok,demo-generator,174
NG-006,2026-03-02T19:30:00Z,130.915,70.499,39.286,ok,demo-generator,175
NG-006,2026-03-02T19:45:00Z,130.904,69.147,39.061,ok,demo-generator,176
NG-006,2026-03-02T20:00:00Z,130.918,68.325,40.058,ok,demo-generator,177
NG-006,2026-03-02T20:15:00Z,131.589,67.963,39.736,ok,demo-generator,178
NG-006,2026-03-02T20:30:00Z,130.828,69.727,39.829,ok,demo-generator,179
NG-006,2026-03-02T20:45:00Z,131.101,70.493,39.946,ok,demo-generator,180
NG-006,2026-03-02T21:00:00Z,131.581,68.289,38.392,ok,demo-generator,181
NG-006,2026-03-02T21:15:00Z,131.190,69.609,38.322,ok,demo-generator,182
NG-006,2026-03-02T21:30:00Z,131.456,70.307,40.083,ok,demo-generator,183
NG-006,2026-03-02T21:45:00Z,131.711,69.486,38.744,ok,demo-generator,184
SG-001,2026-03-01T00:00:00Z,112.016,41.546,37.389,ok,demo-generator,1
SG-001,2026-03-01T00:15:00Z,112.247,41.108,37.408,ok,demo-generator,2
SG-001,2026-03-01T00:30:00Z,111.965,41.944,37.319,ok,demo-generator,3
SG-001,2026-03-01T00:45:00Z,112.230,43.453,37.076,ok,demo-generator,4
SG-001,2026-03-01T01:00:00Z,112.670,41.766,37.294,ok,demo-generator,5
SG-001,2026-03-01T01:15:00Z,112.403,44.024,38.241,ok,demo-generator,6
SG-001,2026-03-01T01:30:00Z,112.269,43.557,40.143,ok,demo-generator,7
SG-001,2026-03-01T01:45:00Z,112.243,44.193,39.588,ok,demo-generator,8
SG-001,2026-03-01T02:00:00Z,112.831,41.782,39.078,ok,demo-generator,9
SG-001,2026-03-01T02:15:00Z,112.502,42.656,41.204,ok,demo-generator,10
SG-001,2026-03-01T02:30:00Z,112.759,43.899,40.914,ok,demo-generator,11
SG-001,2026-03-01T02:45:00Z,112.649,44.394,41.429,ok,demo-generator,12
SG-001,2026-03-01T03:00:00Z,112.236,43.696,41.883,ok,demo-generator,13
SG-001,2026-03-01T03:15:00Z,112.516,43.141,42.549,ok,demo-generator,14
SG-001,2026-03-01T03:30:00Z,112.809,42.343,42.083,ok,demo-generator,15
SG-001,2026-03-01T03:45:00Z,112.711,43.839,43.556,ok,demo-generator,16
SG-001,2026-03-01T04:00:00Z,112.382,44.240,43.110,ok,demo-generator,17
SG-001,2026-03-01T04:15:00Z,112.612,43.826,44.780,ok,demo-generator,18
SG-001,2026-03-01T04:30:00Z,112.327,44.804,44.330,ok,demo-generator,19
SG-001,2026-03-01T04:45:00Z,112.323,44.337,44.690,ok,demo-generator,20
SG-001,2026-03-01T05:00:00Z,112.389,46.390,46.558,ok,demo-generator,21
SG-001,2026-03-01T05:15:00Z,112.039,46.638,47.761,ok,demo-generator,22
SG-001,2026-03-01T05:30:00Z,112.673,46.716,46.370,ok,demo-generator,23
SG-001,2026-03-01T05:45:00Z,111.901,49.529,47.911,ok,demo-generator,24
SG-001,2026-03-01T06:00:00Z,112.280,48.842,48.328,ok,demo-generator,25
SG-001,2026-03-01T06:15:00Z,111.818,49.319,50.273,ok,demo-generator,26
SG-001,2026-03-01T06:30:00Z,111.812,53.437,51.184,ok,demo-generator,27
SG-001,2026-03-01T06:45:00Z,111.858,52.159,51.694,ok,demo-generator,28
SG-001,2026-03-01T07:00:00Z,111.800,55.078,52.745,ok,demo-generator,29
SG-001,2026-03-01T07:15:00Z,111.709,55.602,52.453,ok,demo-generator,30
SG-001,2026-03-01T07:30:00Z,111.586,56.805,51.810,ok,demo-generator,31
SG-001,2026-03-01T07:45:00Z,110.993,56.473,52.768,ok,demo-generator,32
SG-001,2026-03-01T08:00:00Z,111.260,57.517,53.556,ok,demo-generator,33
SG-001,2026-03-01T08:15:00Z,110.800,60.706,53.612,ok,demo-generator,34
SG-001,2026-03-01T08:30:00Z,111.036,59.337,55.142,ok,demo-generator,35
SG-001,2026-03-01T08:45:00Z,111.066,60.201,54.529,ok,demo-generator,36
SG-001,2026-03-01T09:00:00Z,110.511,61.619,54.311,ok,demo-generator,37
SG-001,2026-03-01T09:15:00Z,110.550,62.215,54.305,ok,demo-generator,38
SG-001,2026-03-01T09:30:00Z,110.291,65.227,56.903,ok,demo-generator,39
SG-001,2026-03-01T09:45:00Z,110.251,64.727,54.729,ok,demo-generator,40
SG-001,2026-03-01T10:00:00Z,109.791,65.882,56.580,ok,demo-generator,41
SG-001,2026-03-01T10:15:00Z,109.847,64.849,55.339,ok,demo-generator,42
SG-001,2026-03-01T10:30:00Z,109.818,65.920,55.443,ok,demo-generator,43
SG-001,2026-03-01T10:45:00Z,109.795,64.651,55.805,ok,demo-generator,44
SG-001,2026-03-01T11:00:00Z,109.658,66.097,55.991,ok,demo-generator,45
SG-001,2026-03-01T11:15:00Z,109.897,63.730,55.131,ok,demo-generator,46
SG-001,2026-03-01T11:30:00Z,110.116,62.046,52.669,ok,demo-generator,47
SG-001,2026-03-01T11:45:00Z,109.955,61.709,53.331,ok,demo-generator,48
SG-001,2026-03-01T12:00:00Z,109.471,64.146,53.584,ok,demo-generator,49
SG-001,2026-03-01T12:15:00Z,110.071,61.120,53.099,ok,demo-generator,50
SG-001,2026-03-01T12:30:00Z,109.944,58.982,50.948,ok,demo-generator,51
SG-001,2026-03-01T12:45:00Z,110.248,60.316,50.572,ok,demo-generator,52
SG-001,2026-03-01T13:00:00Z,110.066,57.568,49.875,ok,demo-generator,53
SG-001,2026-03-01T13:15:00Z,110.057,56.800,49.529,ok,demo-generator,54
SG-001,2026-03-01T13:30:00Z,110.012,54.508,48.270,ok,demo-generator,55
SG-001,2026-03-01T13:45:00Z,109.818,55.729,47.857,ok,demo-generator,56
SG-001,2026-03-01T14:00:00Z,110.598,51.419,45.526,ok,demo-generator,57
SG-001,2026-03-01T14:15:00Z,110.172,52.065,45.156,ok,demo-generator,58
SG-001,2026-03-01T14:30:00Z,110.575,51.062,45.998,ok,demo-generator,59
SG-001,2026-03-01T14:45:00Z,110.765,48.584,43.237,ok,demo-generator,60
SG-001,2026-03-01T15:00:00Z,110.762,46.713,44.022,ok,demo-generator,61
SG-001,2026-03-01T15:15:00Z,110.318,47.318,42.604,ok,demo-generator,62
SG-001,2026-03-01T15:30:00Z,111.170,44.509,42.359,ok,demo-generator,63
SG-001,2026-03-01T15:45:00Z,110.591,43.997,40.857,ok,demo-generator,64
SG-001,2026-03-01T16:00:00Z,111.084,42.939,40.949,ok,demo-generator,65
SG-001,2026-03-01T16:15:00Z,110.983,42.172,39.065,ok,demo-generator,66
SG-001,2026-03-01T16:30:00Z,110.856,41.682,39.027,ok,demo-generator,67
SG-001,2026-03-01T16:45:00Z,110.987,38.238,37.840,ok,demo-generator,68
SG-001,2026-03-01T17:00:00Z,110.999,38.214,37.357,ok,demo-generator,69
SG-001,2026-03-01T17:15:00Z,111.309,38.676,37.299,ok,demo-generator,70
SG-001,2026-03-01T17:30:00Z,111.541,38.795,35.685,ok,demo-generator,71
SG-001,2026-03-01T17:45:00Z,111.233,36.018,34.765,ok,demo-generator,72
SG-001,2026-03-01T18:00:00Z,111.282,36.686,34.744,ok,demo-generator,73
SG-001,2026-03-01T18:15:00Z,111.665,35.979,33.814,ok,demo-generator,74
SG-001,2026-03-01T18:30:00Z,111.431,36.921,34.863,ok,demo-generator,75
SG-001,2026-03-01T18:45:00Z,111.657,36.222,33.884,ok,demo-generator,76
SG-001,2026-03-01T19:00:00Z,111.627,36.981,34.490,ok,demo-generator,77
SG-001,2026-03-01T19:15:00Z,111.839,35.726,33.817,ok,demo-generator,78
SG-001,2026-03-01T19:30:00Z,111.668,36.242,32.802,ok,demo-generator,79
SG-001,2026-03-01T19:45:00Z,111.457,36.553,32.129,ok,demo-generator,80
SG-001,2026-03-01T20:00:00Z,111.563,36.039,32.410,ok,demo-generator,81
SG-001,2026-03-01T20:15:00Z,111.802,38.387,33.599,ok,demo-generator,82
SG-001,2026-03-01T20:30:00Z,111.612,39.296,34.707,ok,demo-generator,83
SG-001,2026-03-01T20:45:00Z,112.009,38.245,32.739,ok,demo-generator,84
SG-001,2026-03-01T21:00:00Z,111.626,39.073,33.953,ok,demo-generator,85
SG-001,2026-03-01T21:15:00Z,111.897,39.709,34.363,ok,demo-generator,86
SG-001,2026-03-01T21:30:00Z,111.826,37.823,32.690,ok,demo-generator,87
SG-001,2026-03-01T21:45:00Z,111.383,41.768,33.617,ok,demo-generator,88
SG-001,2026-03-01T22:00:00Z,112.025,39.885,33.723,ok,demo-generator,89
SG-001,2026-03-01T22:15:00Z,111.537,40.863,34.976,ok,demo-generator,90
SG-001,2026-03-01T22:30:00Z,111.814,41.980,35.075,ok,demo-generator,91
SG-001,2026-03-01T22:45:00Z,111.700,42.563,35.559,ok,demo-generator,92
SG-001,2026-03-01T23:00:00Z,112.033,42.141,36.156,ok,demo-generator,93
SG-001,2026-03-01T23:15:00Z,112.295,42.128,36.236,ok,demo-generator,94
SG-001,2026-03-01T23:30:00Z,111.994,42.721,35.863,ok,demo-generator,95
SG-001,2026-03-01T23:45:00Z,112.319,40.893,36.685,ok,demo-generator,96
SG-001,2026-03-02T00:00:00Z,112.139,41.470,37.327,ok,demo-generator,97
SG-001,2026-03-02T00:15:00Z,112.265,43.205,36.134,ok,demo-generator,98
SG-001,2026-03-02T00:30:00Z,112.353,41.881,36.654,ok,demo-generator,99
SG-001,2026-03-02T00:45:00Z,111.859,43.779,37.438,ok,demo-generator,100
SG-001,2026-03-02T01:00:00Z,112.143,41.134,37.851,ok,demo-generator,101
SG-001,2026-03-02T01:15:00Z,112.450,41.893,37.649,ok,demo-generator,102
SG-001,2026-03-02T01:30:00Z,112.620,43.159,40.192,ok,demo-generator,103
SG-001,2026-03-02T01:45:00Z,112.147,42.933,39.519,ok,demo-generator,104
SG-001,2026-03-02T02:00:00Z,112.459,42.064,40.132,ok,demo-generator,105
SG-001,2026-03-02T02:15:00Z,112.332,43.755,40.270,ok,demo-generator,106
SG-001,2026-03-02T02:30:00Z,112.746,43.836,40.712,ok,demo-generator,107
SG-001,2026-03-02T02:45:00Z,112.811,42.820,42.258,ok,demo-generator,108
SG-001,2026-03-02T03:00:00Z,112.899,43.229,40.806,ok,demo-generator,109
SG-001,2026-03-02T03:15:00Z,112.620,44.030,43.675,ok,demo-generator,110
SG-001,2026-03-02T03:30:00Z,112.851,43.090,43.640,ok,demo-generator,111
SG-001,2026-03-02T03:45:00Z,112.731,42.321,42.346,ok,demo-generator,112
SG-001,2026-03-02T04:00:00Z,112.493,43.912,44.438,ok,demo-generator,113
SG-001,2026-03-02T04:15:00Z,112.339,43.304,43.851,ok,demo-generator,114
SG-001,2026-03-02T04:30:00Z,112.285,44.498,44.621,ok,demo-generator,115
SG-001,2026-03-02T04:45:00Z,112.197,47.026,45.715,ok,demo-generator,116
SG-001,2026-03-02T05:00:00Z,112.894,44.512,44.990,ok,demo-generator,117
SG-001,2026-03-02T05:15:00Z,112.380,46.327,47.927,ok,demo-generator,118
SG-001,2026-03-02T05:30:00Z,112.386,48.503,48.481,ok,demo-generator,119
SG-001,2026-03-02T05:45:00Z,112.178,49.194,48.811,ok,demo-generator,120
SG-001,2026-03-02T06:00:00Z,111.822,50.752,50.069,ok,demo-generator,121
SG-001,2026-03-02T06:15:00Z,111.735,50.910,50.128,ok,demo-generator,122
SG-001,2026-03-02T06:30:00Z,111.839,52.647,51.311,ok,demo-generator,123
SG-001,2026-03-02T06:45:00Z,111.636,51.625,49.999,ok,demo-generator,124
SG-001,2026-03-02T07:00:00Z,111.752,52.286,50.965,ok,demo-generator,125
SG-001,2026-03-02T07:15:00Z,111.137,55.897,52.994,ok,demo-generator,126
SG-001,2026-03-02T07:30:00Z,111.219,54.482,51.732,ok,demo-generator,127
SG-001,2026-03-02T07:45:00Z,111.362,57.901,52.604,ok,demo-generator,128
SG-001,2026-03-02T08:00:00Z,111.409,58.259,54.287,ok,demo-generator,129
SG-001,2026-03-02T08:15:00Z,110.920,59.671,54.670,ok,demo-generator,130
SG-001,2026-03-02T08:30:00Z,110.617,61.625,54.180,ok,demo-generator,131
SG-001,2026-03-02T08:45:00Z,110.991,61.557,55.734,ok,demo-generator,132
SG-001,2026-03-02T09:00:00Z,110.366,63.100,56.228,ok,demo-generator,133
SG-001,2026-03-02T09:15:00Z,110.666,62.431,54.131,ok,demo-generator,134
SG-001,2026-03-02T09:30:00Z,110.483,65.045,56.735,ok,demo-generator,135
SG-001,2026-03-02T09:45:00Z,110.558,63.501,55.630,ok,demo-generator,136
SG-001,2026-03-02T10:00:00Z,110.516,62.789,55.049,ok,demo-generator,137
SG-001,2026-03-02T10:15:00Z,109.787,65.831,55.476,ok,demo-generator,138
SG-001,2026-03-02T10:30:00Z,110.145,65.556,55.444,ok,demo-generator,139
SG-001,2026-03-02T10:45:00Z,109.862,63.578,54.539,ok,demo-generator,140
SG-001,2026-03-02T11:00:00Z,110.171,63.283,55.297,ok,demo-generator,141
SG-001,2026-03-02T11:15:00Z,110.012,65.633,54.274,ok,demo-generator,142
SG-001,2026-03-02T11:30:00Z,109.866,63.320,53.700,ok,demo-generator,143
SG-001,2026-03-02T11:45:00Z,109.656,63.141,54.012,ok,demo-generator,144
SG-001,2026-03-02T12:00:00Z,109.855,62.902,53.721,ok,demo-generator,145
SG-001,2026-03-02T12:15:00Z,109.586,62.522,53.395,ok,demo-generator,146
SG-001,2026-03-02T12:30:00Z,109.766,60.278,52.496,ok,demo-generator,147
SG-001,2026-03-02T12:45:00Z,110.247,58.570,51.199,ok,demo-generator,148
SG-001,2026-03-02T13:00:00Z,110.127,59.445,49.821,ok,demo-generator,149
SG-001,2026-03-02T13:15:00Z,110.130,55.797,48.648,ok,demo-generator,150
SG-001,2026-03-02T13:30:00Z,109.714,57.598,48.379,ok,demo-generator,151
SG-001,2026-03-02T13:45:00Z,110.199,55.497,47.885,ok,demo-generator,152
SG-001,2026-03-02T14:00:00Z,110.089,53.029,46.152,ok,demo-generator,153
SG-001,2026-03-02T14:15:00Z,110.547,51.277,46.364,ok,demo-generator,154
SG-001,2026-03-02T14:30:00Z,110.259,49.124,45.734,ok,demo-generator,155
SG-001,2026-03-02T14:45:00Z,110.558,48.585,44.288,ok,demo-generator,156
SG-001,2026-03-02T15:00:00Z,110.566,47.804,43.852,ok,demo-generator,157
SG-001,2026-03-02T15:15:00Z,110.921,44.920,43.004,ok,demo-generator,158
SG-001,2026-03-02T15:30:00Z,110.476,45.427,41.354,ok,demo-generator,159
SG-001,2026-03-02T15:45:00Z,111.257,42.219,39.445,ok,demo-generator,160
SG-001,2026-03-02T16:00:00Z,111.134,40.746,39.069,ok,demo-generator,161
SG-001,2026-03-02T16:15:00Z,111.446,39.967,38.035,ok,demo-generator,162
SG-001,2026-03-02T16:30:00Z,111.030,40.017,38.479,ok,demo-generator,163
SG-001,2026-03-02T16:45:00Z,111.071,38.669,37.192,ok,demo-generator,164
SG-001,2026-03-02T17:00:00Z,111.304,38.606,37.688,ok,demo-generator,165
SG-001,2026-03-02T17:15:00Z,111.412,38.763,37.635,ok,demo-generator,166
SG-001,2026-03-02T17:30:00Z,111.652,36.514,35.629,ok,demo-generator,167
SG-001,2026-03-02T17:45:00Z,111.100,38.240,36.087,ok,demo-generator,168
SG-001,2026-03-02T18:00:00Z,111.761,36.294,35.120,ok,demo-generator,169
SG-001,2026-03-02T18:15:00Z,111.796,37.579,34.982,ok,demo-generator,170
SG-001,2026-03-02T18:30:00Z,111.576,34.561,33.107,ok,demo-generator,171
SG-001,2026-03-02T18:45:00Z,111.767,36.681,33.050,ok,demo-generator,172
SG-001,2026-03-02T19:00:00Z,111.826,35.761,34.374,ok,demo-generator,173
SG-001,2026-03-02T19:15:00Z,111.242,37.295,33.347,ok,demo-generator,174
SG-001,2026-03-02T19:30:00Z,111.730,34.902,32.182,ok,demo-generator,175
SG-001,2026-03-02T19:45:00Z,111.505,38.081,32.947,ok,demo-generator,176
SG-001,2026-03-02T20:00:00Z,111.926,35.189,33.047,ok,demo-generator,177
SG-001,2026-03-02T20:15:00Z,111.848,38.188,33.547,ok,demo-generator,178
SG-001,2026-03-02T20:30:00Z,111.573,36.281,32.060,ok,demo-generator,179
SG-001,2026-03-02T20:45:00Z,111.652,36.268,32.558,ok,demo-generator,180
SG-001,2026-03-02T21:00:00Z,112.029,38.100,33.937,ok,demo-generator,181
SG-001,2026-03-02T21:15:00Z,111.985,38.319,33.407,ok,demo-generator,182
SG-001,2026-03-02T21:30:00Z,111.463,40.287,33.391,ok,demo-generator,183
SG-001,2026-03-02T21:45:00Z,112.170,38.357,33.533,ok,demo-generator,184
SG-001,2026-03-02T22:00:00Z,111.832,41.530,34.210,ok,demo-generator,185
SG-001,2026-03-02T22:15:00Z,111.974,41.083,34.896,ok,demo-generator,186
SG-001,2026-03-02T22:30:00Z,111.837,39.656,35.265,ok,demo-generator,187
SG-001,2026-03-02T22:45:00Z,112.073,41.250,35.769,ok,demo-generator,188
SG-001,2026-03-02T23:00:00Z,111.495,43.440,34.921,ok,demo-generator,189
SG-001,2026-03-02T23:15:00Z,111.876,40.649,34.887,ok,demo-generator,190
SG-001,2026-03-02T23:30:00Z,111.894,41.677,36.119,ok,demo-generator,191
SG-001,2026-03-02T23:45:00Z,112.217,43.815,37.638,ok,demo-generator,192
SG-002,2026-03-01T00:00:00Z,112.387,45.567,36.663,ok,demo-generator,1
SG-002,2026-03-01T00:15:00Z,112.538,43.579,37.012,ok,demo-generator,2
SG-002,2026-03-01T00:30:00Z,113.012,40.230,37.165,ok,demo-generator,3
SG-002,2026-03-01T00:45:00Z,112.621,40.969,36.750,ok,demo-generator,4
SG-002,2026-03-01T01:00:00Z,112.529,39.687,36.610,ok,demo-generator,5
SG-002,2026-03-01T01:15:00Z,113.238,37.507,36.042,ok,demo-generator,6
SG-002,2026-03-01T01:30:00Z,113.097,37.010,36.828,ok,demo-generator,7
SG-002,2026-03-01T01:45:00Z,113.313,34.404,37.014,ok,demo-generator,8
SG-002,2026-03-01T02:00:00Z,113.561,34.605,37.016,ok,demo-generator,9
SG-002,2026-03-01T02:15:00Z,113.131,34.255,37.619,ok,demo-generator,10
SG-002,2026-03-01T02:30:00Z,113.423,35.297,37.751,ok,demo-generator,11
SG-002,2026-03-01T02:45:00Z,113.675,32.399,38.231,ok,demo-generator,12
SG-002,2026-03-01T03:00:00Z,113.286,32.964,39.142,ok,demo-generator,13
SG-002,2026-03-01T03:15:00Z,113.486,31.837,39.075,ok,demo-generator,14
SG-002,2026-03-01T03:30:00Z,113.654,31.211,38.485,ok,demo-generator,15
SG-002,2026-03-01T03:45:00Z,113.212,32.245,39.758,ok,demo-generator,16
SG-002,2026-03-01T04:00:00Z,113.736,33.324,40.457,ok,demo-generator,17
SG-002,2026-03-01T04:15:00Z,113.564,33.363,41.023,ok,demo-generator,18
SG-002,2026-03-01T04:30:00Z,113.296,35.107,41.536,ok,demo-generator,19
SG-002,2026-03-01T04:45:00Z,113.530,33.463,42.130,ok,demo-generator,20
SG-002,2026-03-01T05:00:00Z,113.136,35.978,42.300,ok,demo-generator,21
SG-002,2026-03-01T05:15:00Z,113.100,34.301,43.290,ok,demo-generator,22
SG-002,2026-03-01T05:30:00Z,112.758,38.252,45.318,ok,demo-generator,23
SG-002,2026-03-01T05:45:00Z,112.896,37.945,44.922,ok,demo-generator,24
SG-002,2026-03-01T06:00:00Z,112.626,39.581,44.884,ok,demo-generator,25
SG-002,2026-03-01T06:15:00Z,112.919,39.247,46.785,ok,demo-generator,26
SG-002,2026-03-01T06:30:00Z,112.502,40.445,45.889,ok,demo-generator,27
SG-002,2026-03-01T06:45:00Z,112.496,42.301,48.194,ok,demo-generator,28
SG-002,2026-03-01T07:00:00Z,112.479,43.013,48.801,ok,demo-generator,29
SG-002,2026-03-01T07:15:00Z,112.322,45.002,49.176,ok,demo-generator,30
SG-002,2026-03-01T07:30:00Z,112.011,45.877,50.453,ok,demo-generator,31
SG-002,2026-03-01T07:45:00Z,111.809,48.194,50.103,ok,demo-generator,32
SG-002,2026-03-01T08:00:00Z,111.223,49.509,50.719,ok,demo-generator,33
SG-002,2026-03-01T08:15:00Z,111.387,49.450,51.612,ok,demo-generator,34
SG-002,2026-03-01T08:30:00Z,111.553,50.388,51.798,ok,demo-generator,35
SG-002,2026-03-01T08:45:00Z,111.217,51.514,51.669,ok,demo-generator,36
SG-002,2026-03-01T09:00:00Z,110.774,55.596,52.295,ok,demo-generator,37
SG-002,2026-03-01T09:15:00Z,110.614,55.139,52.638,ok,demo-generator,38
SG-002,2026-03-01T09:30:00Z,110.189,57.554,52.541,ok,demo-generator,39
SG-002,2026-03-01T09:45:00Z,110.591,55.924,52.325,ok,demo-generator,40
SG-002,2026-03-01T10:00:00Z,110.272,56.894,53.535,ok,demo-generator,41
SG-002,2026-03-01T10:15:00Z,110.466,56.801,52.702,ok,demo-generator,42
SG-002,2026-03-01T10:30:00Z,110.132,59.595,54.115,ok,demo-generator,43
SG-002,2026-03-01T10:45:00Z,110.208,59.035,53.106,ok,demo-generator,44
SG-002,2026-03-01T11:00:00Z,109.702,59.912,53.423,ok,demo-generator,45
SG-002,2026-03-01T11:15:00Z,109.698,61.143,54.204,ok,demo-generator,46
SG-002,2026-03-01T11:30:00Z,110.124,58.597,52.213,ok,demo-generator,47
SG-002,2026-03-01T11:45:00Z,110.012,61.052,52.122,ok,demo-generator,48
SG-002,2026-03-01T12:00:00Z,109.929,59.134,52.575,ok,demo-generator,49
SG-002,2026-03-01T12:15:00Z,109.752,61.185,52.576,ok,demo-generator,50
SG-002,2026-03-01T12:30:00Z,109.970,60.281,52.584,ok,demo-generator,51
SG-002,2026-03-01T12:45:00Z,110.030,57.572,51.443,ok,demo-generator,52
SG-002,2026-03-01T13:00:00Z,109.278,60.385,50.642,ok,demo-generator,53
SG-002,2026-03-01T13:15:00Z,109.350,59.728,50.920,ok,demo-generator,54
SG-002,2026-03-01T13:30:00Z,109.642,58.073,48.841,ok,demo-generator,55
SG-002,2026-03-01T13:45:00Z,109.456,57.348,49.406,ok,demo-generator,56
SG-002,2026-03-01T14:00:00Z,109.737,56.171,48.389,ok,demo-generator,57
SG-002,2026-03-01T14:15:00Z,109.863,58.024,48.486,ok,demo-generator,58
SG-002,2026-03-01T14:30:00Z,109.630,58.674,46.836,ok,demo-generator,59
SG-002,2026-03-01T14:45:00Z,109.717,58.306,46.176,ok,demo-generator,60
SG-002,2026-03-01T15:00:00Z,109.666,56.938,47.095,ok,demo-generator,61
SG-002,2026-03-01T15:15:00Z,109.668,54.948,46.030,ok,demo-generator,62
SG-002,2026-03-01T15:30:00Z,109.987,55.553,44.120,ok,demo-generator,63
SG-002,2026-03-01T15:45:00Z,109.776,56.643,44.362,ok,demo-generator,64
SG-002,2026-03-01T16:00:00Z,109.552,57.708,45.392,ok,demo-generator,65
SG-002,2026-03-01T16:15:00Z,110.133,56.816,43.312,ok,demo-generator,66
SG-002,2026-03-01T16:30:00Z,110.173,56.130,44.269,ok,demo-generator,67
SG-002,2026-03-01T16:45:00Z,109.944,56.810,44.183,ok,demo-generator,68
SG-002,2026-03-01T17:00:00Z,109.945,55.062,42.289,ok,demo-generator,69
SG-002,2026-03-01T17:15:00Z,110.188,58.149,42.078,ok,demo-generator,70
SG-002,2026-03-01T17:30:00Z,109.786,57.772,41.489,ok,demo-generator,71
SG-002,2026-03-01T17:45:00Z,110.289,56.992,40.878,ok,demo-generator,72
SG-002,2026-03-01T18:00:00Z,110.188,56.471,41.662,ok,demo-generator,73
SG-002,2026-03-01T18:15:00Z,110.123,56.094,39.592,ok,demo-generator,74
SG-002,2026-03-01T18:30:00Z,109.959,57.197,40.660,ok,demo-generator,75
SG-002,2026-03-01T18:45:00Z,109.948,59.410,41.481,ok,demo-generator,76
SG-002,2026-03-01T19:00:00Z,110.218,56.735,39.515,ok,demo-generator,77
SG-002,2026-03-01T19:15:00Z,110.552,57.609,39.946,ok,demo-generator,78
SG-002,2026-03-01T19:30:00Z,109.925,58.803,40.947,ok,demo-generator,79
SG-002,2026-03-01T19:45:00Z,110.306,57.110,39.997,ok,demo-generator,80
SG-002,2026-03-01T20:00:00Z,110.257,58.395,40.107,ok,demo-generator,81
SG-002,2026-03-01T20:15:00Z,110.475,58.053,38.883,ok,demo-generator,82
SG-002,2026-03-01T20:30:00Z,110.754,55.834,39.861,ok,demo-generator,83
SG-002,2026-03-01T20:45:00Z,110.516,56.552,38.347,ok,demo-generator,84
SG-002,2026-03-01T21:00:00Z,110.678,55.622,39.450,ok,demo-generator,85
SG-002,2026-03-01T21:15:00Z,111.026,54.539,37.765,ok,demo-generator,86
SG-002,2026-03-01T21:30:00Z,111.213,54.212,38.015,ok,demo-generator,87
SG-002,2026-03-01T21:45:00Z,110.852,54.923,39.229,ok,demo-generator,88
SG-002,2026-03-01T22:00:00Z,110.923,53.994,38.196,ok,demo-generator,89
SG-002,2026-03-01T22:15:00Z,111.416,51.377,38.187,ok,demo-generator,90
SG-002,2026-03-01T22:30:00Z,111.863,49.782,37.044,ok,demo-generator,91
SG-002,2026-03-01T22:45:00Z,111.658,48.910,37.101,ok,demo-generator,92
SG-002,2026-03-01T23:00:00Z,111.936,50.219,37.480,ok,demo-generator,93
SG-002,2026-03-01T23:15:00Z,112.401,46.125,36.178,ok,demo-generator,94
SG-002,2026-03-01T23:30:00Z,111.973,46.322,36.637,ok,demo-generator,95
SG-002,2026-03-01T23:45:00Z,111.878,46.262,37.929,ok,demo-generator,96
SG-002,2026-03-02T00:00:00Z,112.382,45.700,36.766,ok,demo-generator,97
SG-002,2026-03-02T00:15:00Z,112.356,41.926,37.680,ok,demo-generator,98
SG-002,2026-03-02T00:30:00Z,112.611,40.598,36.199,ok,demo-generator,99
SG-002,2026-03-02T00:45:00Z,112.767,41.074,37.253,ok,demo-generator,100
SG-002,2026-03-02T01:00:00Z,113.341,37.484,37.045,ok,demo-generator,101
SG-002,2026-03-02T01:15:00Z,112.754,37.575,36.033,ok,demo-generator,102
SG-002,2026-03-02T01:30:00Z,113.055,37.119,38.139,ok,demo-generator,103
SG-002,2026-03-02T01:45:00Z,113.610,35.619,38.003,ok,demo-generator,104
SG-002,2026-03-02T02:00:00Z,113.562,35.697,37.526,ok,demo-generator,105
SG-002,2026-03-02T02:15:00Z,113.123,34.818,37.805,ok,demo-generator,106
SG-002,2026-03-02T02:30:00Z,113.438,34.639,39.058,ok,demo-generator,107
SG-002,2026-03-02T02:45:00Z,113.524,33.636,39.356,ok,demo-generator,108
SG-002,2026-03-02T03:00:00Z,113.632,34.415,39.595,ok,demo-generator,109
SG-002,2026-03-02T03:15:00Z,113.682,33.645,39.700,ok,demo-generator,110
SG-002,2026-03-02T03:30:00Z,113.610,34.033,40.502,ok,demo-generator,111
SG-002,2026-03-02T03:45:00Z,113.166,33.482,39.832,ok,demo-generator,112
SG-002,2026-03-02T04:00:00Z,113.666,31.247,39.618,ok,demo-generator,113
SG-002,2026-03-02T04:15:00Z,113.707,32.630,41.207,ok,demo-generator,114
SG-002,2026-03-02T04:30:00Z,113.648,32.961,41.556,ok,demo-generator,115
SG-002,2026-03-02T04:45:00Z,113.185,35.383,41.778,ok,demo-generator,116
SG-002,2026-03-02T05:00:00Z,113.319,35.320,43.498,ok,demo-generator,117
SG-002,2026-03-02T05:15:00Z,113.053,37.062,42.977,ok,demo-generator,118
SG-002,2026-03-02T05:30:00Z,112.674,37.462,44.289,ok,demo-generator,119
SG-002,2026-03-02T05:45:00Z,112.961,38.912,45.293,ok,demo-generator,120
SG-002,2026-03-02T06:00:00Z,112.708,37.746,45.586,ok,demo-generator,121
SG-002,2026-03-02T06:15:00Z,112.745,38.978,45.107,ok,demo-generator,122
SG-002,2026-03-02T06:30:00Z,112.751,40.456,46.484,ok,demo-generator,123
SG-002,2026-03-02T06:45:00Z,112.538,42.750,48.718,ok,demo-generator,124
SG-002,2026-03-02T07:00:00Z,112.009,43.754,47.978,ok,demo-generator,125
SG-002,2026-03-02T07:15:00Z,112.240,45.451,49.115,ok,demo-generator,126
SG-002,2026-03-02T07:30:00Z,111.623,47.095,48.923,ok,demo-generator,127
SG-002,2026-03-02T07:45:00Z,111.379,49.500,50.829,ok,demo-generator,128
SG-002,2026-03-02T08:00:00Z,111.629,50.283,52.147,ok,demo-generator,129
SG-002,2026-03-02T08:15:00Z,111.641,49.524,52.078,ok,demo-generator,130
SG-002,2026-03-02T08:30:00Z,110.992,50.545,51.988,ok,demo-generator,131
SG-002,2026-03-02T08:45:00Z,110.879,53.463,53.233,ok,demo-generator,132
SG-002,2026-03-02T09:00:00Z,111.137,53.618,53.178,ok,demo-generator,133
SG-002,2026-03-02T09:15:00Z,110.581,54.889,52.912,ok,demo-generator,134
SG-002,2026-03-02T09:30:00Z,110.750,54.822,51.890,ok,demo-generator,135
SG-002,2026-03-02T09:45:00Z,110.301,58.432,53.459,ok,demo-generator,136
SG-002,2026-03-02T10:00:00Z,110.523,58.321,54.149,ok,demo-generator,137
SG-002,2026-03-02T10:15:00Z,110.366,59.130,54.505,ok,demo-generator,138
SG-002,2026-03-02T10:30:00Z,110.372,57.492,53.263,ok,demo-generator,139
SG-002,2026-03-02T10:45:00Z,110.070,58.949,52.292,ok,demo-generator,140
SG-002,2026-03-02T11:00:00Z,109.955,57.955,53.579,ok,demo-generator,141
SG-002,2026-03-02T11:15:00Z,110.066,60.309,53.734,ok,demo-generator,142
SG-002,2026-03-02T11:30:00Z,110.209,58.049,51.710,ok,demo-generator,143
SG-002,2026-03-02T11:45:00Z,109.981,59.878,53.685,ok,demo-generator,144
SG-002,2026-03-02T12:00:00Z,109.428,60.409,52.343,ok,demo-generator,145
SG-002,2026-03-02T12:15:00Z,109.375,60.943,52.251,ok,demo-generator,146
SG-002,2026-03-02T12:30:00Z,109.721,57.914,51.044,ok,demo-generator,147
SG-002,2026-03-02T12:45:00Z,109.555,58.990,50.944,ok,demo-generator,148
SG-002,2026-03-02T13:00:00Z,109.879,59.918,51.768,ok,demo-generator,149
SG-002,2026-03-02T13:15:00Z,109.676,59.560,50.051,ok,demo-generator,150
SG-002,2026-03-02T13:30:00Z,109.897,58.893,50.608,ok,demo-generator,151
SG-002,2026-03-02T13:45:00Z,109.938,59.549,48.799,ok,demo-generator,152
SG-002,2026-03-02T14:00:00Z,109.671,58.087,48.678,ok,demo-generator,153
SG-002,2026-03-02T14:15:00Z,110.047,57.886,47.334,ok,demo-generator,154
SG-002,2026-03-02T14:30:00Z,109.581,56.283,46.241,ok,demo-generator,155
SG-002,2026-03-02T14:45:00Z,110.078,55.450,46.452,ok,demo-generator,156
SG-002,2026-03-02T15:00:00Z,109.367,58.459,47.173,ok,demo-generator,157
SG-002,2026-03-02T15:15:00Z,109.606,55.565,46.348,ok,demo-generator,158
SG-002,2026-03-02T15:30:00Z,110.017,57.878,46.353,ok,demo-generator,159
SG-002,2026-03-02T15:45:00Z,109.510,56.616,44.783,ok,demo-generator,160
SG-002,2026-03-02T16:00:00Z,109.866,55.214,44.593,ok,demo-generator,161
SG-002,2026-03-02T16:15:00Z,109.981,56.537,43.237,ok,demo-generator,162
SG-002,2026-03-02T16:30:00Z,110.019,57.205,42.680,ok,demo-generator,163
SG-002,2026-03-02T16:45:00Z,109.836,57.419,43.848,ok,demo-generator,164
SG-002,2026-03-02T17:00:00Z,110.238,56.813,42.842,ok,demo-generator,165
SG-002,2026-03-02T17:15:00Z,110.305,56.400,42.849,ok,demo-generator,166
SG-002,2026-03-02T17:30:00Z,109.932,57.237,41.590,ok,demo-generator,167
SG-002,2026-03-02T17:45:00Z,110.334,55.964,40.261,ok,demo-generator,168
SG-002,2026-03-02T18:00:00Z,109.979,58.072,42.670,ok,demo-generator,169
SG-002,2026-03-02T18:15:00Z,110.318,56.940,40.945,ok,demo-generator,170
SG-002,2026-03-02T18:30:00Z,110.252,58.296,41.495,ok,demo-generator,171
SG-002,2026-03-02T18:45:00Z,110.162,56.351,39.475,ok,demo-generator,172
SG-002,2026-03-02T19:00:00Z,109.886,58.235,40.137,ok,demo-generator,173
SG-002,2026-03-02T19:15:00Z,110.200,59.061,39.703,ok,demo-generator,174
SG-002,2026-03-02T19:30:00Z,110.494,57.860,40.168,ok,demo-generator,175
SG-002,2026-03-02T19:45:00Z,110.690,56.358,38.584,ok,demo-generator,176
SG-002,2026-03-02T20:00:00Z,110.385,58.780,40.086,ok,demo-generator,177
SG-002,2026-03-02T20:15:00Z,110.458,57.539,39.325,ok,demo-generator,178
SG-002,2026-03-02T20:30:00Z,110.255,57.327,38.475,ok,demo-generator,179
SG-002,2026-03-02T20:45:00Z,110.340,56.868,38.623,ok,demo-generator,180
SG-002,2026-03-02T21:00:00Z,110.547,55.774,39.316,ok,demo-generator,181
SG-002,2026-03-02T21:15:00Z,110.610,55.272,37.682,ok,demo-generator,182
SG-002,2026-03-02T21:30:00Z,110.721,55.168,38.246,ok,demo-generator,183
SG-002,2026-03-02T21:45:00Z,111.196,53.844,37.894,ok,demo-generator,184
SG-002,2026-03-02T22:00:00Z,111.073,53.679,37.978,ok,demo-generator,185
SG-002,2026-03-02T22:15:00Z,111.340,51.367,37.213,ok,demo-generator,186
SG-002,2026-03-02T22:30:00Z,111.212,51.107,38.474,ok,demo-generator,187
SG-002,2026-03-02T22:45:00Z,111.606,50.961,37.115,ok,demo-generator,188
SG-002,2026-03-02T23:00:00Z,111.320,50.682,37.036,ok,demo-generator,189
SG-002,2026-03-02T23:15:00Z,112.039,49.324,38.523,ok,demo-generator,190
SG-002,2026-03-02T23:30:00Z,112.081,46.404,37.641,ok,demo-generator,191
SG-002,2026-03-02T23:45:00Z,112.090,45.875,37.426,ok,demo-generator,192
SG-003,2026-03-01T00:00:00Z,111.615,50.097,38.591,ok,demo-generator,1
SG-003,2026-03-01T00:15:00Z,111.643,50.276,39.621,ok,demo-generator,2
SG-003,2026-03-01T00:30:00Z,111.687,50.440,40.652,ok,demo-generator,3
SG-003,2026-03-01T00:45:00Z,112.025,47.855,38.323,ok,demo-generator,4
SG-003,2026-03-01T01:00:00Z,112.270,45.570,38.239,ok,demo-generator,5
SG-003,2026-03-01T01:15:00Z,112.284,46.348,39.519,ok,demo-generator,6
SG-003,2026-03-01T01:30:00Z,112.215,45.685,40.263,ok,demo-generator,7
SG-003,2026-03-01T01:45:00Z,112.286,44.365,39.901,ok,demo-generator,8
SG-003,2026-03-01T02:00:00Z,112.306,43.123,40.466,ok,demo-generator,9
SG-003,2026-03-01T02:15:00Z,112.217,44.442,40.583,ok,demo-generator,10
SG-003,2026-03-01T02:30:00Z,112.458,44.342,40.327,ok,demo-generator,11
SG-003,2026-03-01T02:45:00Z,112.826,43.930,41.925,ok,demo-generator,12
SG-003,2026-03-01T03:00:00Z,112.774,42.550,42.730,ok,demo-generator,13
SG-003,2026-03-01T03:15:00Z,112.872,44.378,41.673,ok,demo-generator,14
SG-003,2026-03-01T03:30:00Z,112.871,42.818,43.787,ok,demo-generator,15
SG-003,2026-03-01T03:45:00Z,112.518,44.362,43.132,ok,demo-generator,16
SG-003,2026-03-01T04:00:00Z,112.877,42.605,43.032,ok,demo-generator,17
SG-003,2026-03-01T04:15:00Z,112.282,45.903,44.200,ok,demo-generator,18
SG-003,2026-03-01T04:30:00Z,112.629,45.357,45.834,ok,demo-generator,19
SG-003,2026-03-01T04:45:00Z,112.451,44.479,45.576,ok,demo-generator,20
SG-003,2026-03-01T05:00:00Z,112.586,45.444,47.070,ok,demo-generator,21
SG-003,2026-03-01T05:15:00Z,111.819,48.975,47.268,ok,demo-generator,22
SG-003,2026-03-01T05:30:00Z,111.900,48.300,48.844,ok,demo-generator,23
SG-003,2026-03-01T05:45:00Z,111.933,50.860,48.280,ok,demo-generator,24
SG-003,2026-03-01T06:00:00Z,112.182,50.342,49.427,ok,demo-generator,25
SG-003,2026-03-01T06:15:00Z,111.721,54.323,50.211,ok,demo-generator,26
SG-003,2026-03-01T06:30:00Z,111.265,55.645,50.430,ok,demo-generator,27
SG-003,2026-03-01T06:45:00Z,111.345,55.567,50.663,ok,demo-generator,28
SG-003,2026-03-01T07:00:00Z,111.286,58.561,53.833,ok,demo-generator,29
SG-003,2026-03-01T07:15:00Z,111.122,59.395,54.213,ok,demo-generator,30
SG-003,2026-03-01T07:30:00Z,110.784,61.668,55.412,ok,demo-generator,31
SG-003,2026-03-01T07:45:00Z,110.350,63.155,55.245,ok,demo-generator,32
SG-003,2026-03-01T08:00:00Z,110.353,64.751,56.326,ok,demo-generator,33
SG-003,2026-03-01T08:15:00Z,110.535,63.888,56.043,ok,demo-generator,34
SG-003,2026-03-01T08:30:00Z,109.966,67.583,55.623,ok,demo-generator,35
SG-003,2026-03-01T08:45:00Z,109.923,66.659,56.550,ok,demo-generator,36
SG-003,2026-03-01T09:00:00Z,109.977,69.107,57.951,ok,demo-generator,37
SG-003,2026-03-01T09:15:00Z,109.955,69.167,56.895,ok,demo-generator,38
SG-003,2026-03-01T09:30:00Z,109.773,71.997,57.403,ok,demo-generator,39
SG-003,2026-03-01T09:45:00Z,109.653,71.836,57.220,ok,demo-generator,40
SG-003,2026-03-01T10:00:00Z,108.961,73.454,58.363,ok,demo-generator,41
SG-003,2026-03-01T10:15:00Z,109.124,74.348,58.316,ok,demo-generator,42
SG-003,2026-03-01T10:30:00Z,109.362,73.388,57.537,ok,demo-generator,43
SG-003,2026-03-01T10:45:00Z,109.001,74.116,58.238,ok,demo-generator,44
SG-003,2026-03-01T11:00:00Z,109.120,75.419,57.711,ok,demo-generator,45
SG-003,2026-03-01T11:15:00Z,109.105,74.538,57.520,ok,demo-generator,46
SG-003,2026-03-01T11:30:00Z,108.858,74.515,57.078,ok,demo-generator,47
SG-003,2026-03-01T11:45:00Z,108.530,73.243,57.288,ok,demo-generator,48
SG-003,2026-03-01T12:00:00Z,109.162,71.826,56.892,ok,demo-generator,49
SG-003,2026-03-01T12:15:00Z,108.786,72.743,56.530,ok,demo-generator,50
SG-003,2026-03-01T12:30:00Z,108.680,71.424,54.301,ok,demo-generator,51
SG-003,2026-03-01T12:45:00Z,108.757,71.925,54.882,ok,demo-generator,52
SG-003,2026-03-01T13:00:00Z,109.027,70.570,53.245,ok,demo-generator,53
SG-003,2026-03-01T13:15:00Z,108.594,70.006,52.878,ok,demo-generator,54
SG-003,2026-03-01T13:30:00Z,108.960,69.197,52.684,ok,demo-generator,55
SG-003,2026-03-01T13:45:00Z,108.903,69.282,53.162,ok,demo-generator,56
SG-003,2026-03-01T14:00:00Z,108.834,68.100,51.249,ok,demo-generator,57
SG-003,2026-03-01T14:15:00Z,109.000,68.233,50.555,ok,demo-generator,58
SG-003,2026-03-01T14:30:00Z,109.059,65.080,50.717,ok,demo-generator,59
SG-003,2026-03-01T14:45:00Z,109.481,64.678,49.862,ok,demo-generator,60
SG-003,2026-03-01T15:00:00Z,109.034,63.607,47.999,ok,demo-generator,61
SG-003,2026-03-01T15:15:00Z,109.306,64.649,48.050,ok,demo-generator,62
SG-003,2026-03-01T15:30:00Z,109.019,63.310,47.851,ok,demo-generator,63
SG-003,2026-03-01T15:45:00Z,109.377,64.703,46.359,ok,demo-generator,64
SG-003,2026-03-01T16:00:00Z,109.345,62.072,46.742,ok,demo-generator,65
SG-003,2026-03-01T16:15:00Z,109.573,63.115,45.765,ok,demo-generator,66
SG-003,2026-03-01T16:30:00Z,109.683,62.424,45.776,ok,demo-generator,67
SG-003,2026-03-01T16:45:00Z,109.589,60.546,44.289,ok,demo-generator,68
SG-003,2026-03-01T17:00:00Z,109.142,61.256,43.524,ok,demo-generator,69
SG-003,2026-03-01T17:15:00Z,109.676,61.231,44.169,ok,demo-generator,70
SG-003,2026-03-01T17:30:00Z,109.703,60.539,42.069,ok,demo-generator,71
SG-003,2026-03-01T17:45:00Z,109.487,58.644,42.140,ok,demo-generator,72
SG-003,2026-03-01T18:00:00Z,109.795,59.342,42.658,ok,demo-generator,73
SG-003,2026-03-01T18:15:00Z,109.941,60.619,42.676,ok,demo-generator,74
SG-003,2026-03-01T18:30:00Z,109.806,58.265,42.098,ok,demo-generator,75
SG-003,2026-03-01T18:45:00Z,109.643,57.936,39.619,ok,demo-generator,76
SG-003,2026-03-01T19:00:00Z,110.256,58.649,40.390,ok,demo-generator,77
SG-003,2026-03-01T19:15:00Z,110.137,57.859,39.981,ok,demo-generator,78
SG-003,2026-03-01T19:30:00Z,109.925,57.593,40.891,ok,demo-generator,79
SG-003,2026-03-01T19:45:00Z,110.396,59.373,40.250,ok,demo-generator,80
SG-003,2026-03-01T20:00:00Z,110.244,60.553,41.427,ok,demo-generator,81
SG-003,2026-03-01T20:15:00Z,110.226,60.051,40.910,ok,demo-generator,82
SG-003,2026-03-01T20:30:00Z,110.022,59.986,39.708,ok,demo-generator,83
SG-003,2026-03-01T20:45:00Z,110.379,58.447,39.908,ok,demo-generator,84
SG-003,2026-03-01T21:00:00Z,110.122,57.974,39.827,ok,demo-generator,85
SG-003,2026-03-01T21:15:00Z,110.623,58.717,39.612,ok,demo-generator,86
SG-003,2026-03-01T21:30:00Z,110.396,56.936,38.718,ok,demo-generator,87
SG-003,2026-03-01T21:45:00Z,110.585,56.746,39.661,ok,demo-generator,88
SG-003,2026-03-01T22:00:00Z,110.778,55.048,39.252,ok,demo-generator,89
SG-003,2026-03-01T22:15:00Z,110.862,55.278,38.434,ok,demo-generator,90
SG-003,2026-03-01T22:30:00Z,110.936,56.108,38.858,ok,demo-generator,91
SG-003,2026-03-01T22:45:00Z,111.120,54.111,38.685,ok,demo-generator,92
SG-003,2026-03-01T23:00:00Z,111.284,53.425,38.265,ok,demo-generator,93
SG-003,2026-03-01T23:15:00Z,111.493,51.786,37.762,ok,demo-generator,94
SG-003,2026-03-01T23:30:00Z,111.734,51.690,37.855,ok,demo-generator,95
SG-003,2026-03-01T23:45:00Z,111.488,50.096,38.235,ok,demo-generator,96
SG-003,2026-03-02T00:00:00Z,112.021,48.989,39.005,ok,demo-generator,97
SG-003,2026-03-02T00:15:00Z,111.717,47.998,39.285,ok,demo-generator,98
SG-003,2026-03-02T00:30:00Z,112.188,48.679,38.838,ok,demo-generator,99
SG-003,2026-03-02T00:45:00Z,112.105,49.255,39.074,ok,demo-generator,100
SG-003,2026-03-02T01:00:00Z,111.725,48.606,39.131,ok,demo-generator,101
SG-003,2026-03-02T01:15:00Z,112.343,45.702,39.591,ok,demo-generator,102
SG-003,2026-03-02T01:30:00Z,112.181,47.567,40.660,ok,demo-generator,103
SG-003,2026-03-02T01:45:00Z,112.515,45.829,40.597,ok,demo-generator,104
SG-003,2026-03-02T02:00:00Z,112.366,45.083,39.985,ok,demo-generator,105
SG-003,2026-03-02T02:15:00Z,112.618,45.478,40.450,ok,demo-generator,106
SG-003,2026-03-02T02:30:00Z,112.572,43.727,41.364,ok,demo-generator,107
SG-003,2026-03-02T02:45:00Z,112.899,43.596,42.064,ok,demo-generator,108
SG-003,2026-03-02T03:00:00Z,112.917,42.994,41.811,ok,demo-generator,109
SG-003,2026-03-02T03:15:00Z,112.723,45.014,42.168,ok,demo-generator,110
SG-003,2026-03-02T03:30:00Z,112.561,42.974,43.267,ok,demo-generator,111
SG-003,2026-03-02T03:45:00Z,112.667,42.608,43.763,ok,demo-generator,112
SG-003,2026-03-02T04:00:00Z,112.810,44.576,44.794,ok,demo-generator,113
SG-003,2026-03-02T04:15:00Z,112.448,43.970,44.724,ok,demo-generator,114
SG-003,2026-03-02T04:30:00Z,112.016,46.896,46.041,ok,demo-generator,115
SG-003,2026-03-02T04:45:00Z,112.204,44.846,45.535,ok,demo-generator,116
SG-003,2026-03-02T05:00:00Z,112.136,47.148,46.051,ok,demo-generator,117
SG-003,2026-03-02T05:15:00Z,111.861,48.409,48.377,ok,demo-generator,118
SG-003,2026-03-02T05:30:00Z,111.829,49.120,47.790,ok,demo-generator,119
SG-003,2026-03-02T05:45:00Z,111.944,48.667,49.277,ok,demo-generator,120
SG-003,2026-03-02T06:00:00Z,111.960,52.222,49.399,ok,demo-generator,121
SG-003,2026-03-02T06:15:00Z,111.512,52.761,49.623,ok,demo-generator,122
SG-003,2026-03-02T06:30:00Z,111.271,55.257,51.887,ok,demo-generator,123
SG-003,2026-03-02T06:45:00Z,111.551,55.039,51.940,ok,demo-generator,124
SG-003,2026-03-02T07:00:00Z,110.980,59.033,52.762,ok,demo-generator,125
SG-003,2026-03-02T07:15:00Z,110.822,57.042,52.656,ok,demo-generator,126
SG-003,2026-03-02T07:30:00Z,110.732,59.481,54.479,ok,demo-generator,127
SG-003,2026-03-02T07:45:00Z,110.962,62.318,54.386,ok,demo-generator,128
SG-003,2026-03-02T08:00:00Z,110.558,64.141,56.001,ok,demo-generator,129
SG-003,2026-03-02T08:15:00Z,110.241,65.821,56.002,ok,demo-generator,130
SG-003,2026-03-02T08:30:00Z,110.136,65.597,56.050,ok,demo-generator,131
SG-003,2026-03-02T08:45:00Z,110.103,67.359,56.031,ok,demo-generator,132
SG-003,2026-03-02T09:00:00Z,109.901,69.061,56.300,ok,demo-generator,133
SG-003,2026-03-02T09:15:00Z,109.847,69.046,58.101,ok,demo-generator,134
SG-003,2026-03-02T09:30:00Z,109.672,70.778,57.150,ok,demo-generator,135
SG-003,2026-03-02T09:45:00Z,109.346,70.900,57.697,ok,demo-generator,136
SG-003,2026-03-02T10:00:00Z,109.643,70.847,57.458,ok,demo-generator,137
SG-003,2026-03-02T10:15:00Z,109.321,71.149,56.582,ok,demo-generator,138
SG-003,2026-03-02T10:30:00Z,108.950,73.986,58.203,ok,demo-generator,139
SG-003,2026-03-02T10:45:00Z,108.752,72.995,58.089,ok,demo-generator,140
SG-003,2026-03-02T11:00:00Z,109.165,73.178,57.770,ok,demo-generator,141
SG-003,2026-03-02T11:15:00Z,108.697,74.215,57.388,ok,demo-generator,142
SG-003,2026-03-02T11:30:00Z,108.836,73.053,57.102,ok,demo-generator,143
SG-003,2026-03-02T11:45:00Z,108.702,73.266,57.043,ok,demo-generator,144
SG-003,2026-03-02T12:00:00Z,108.783,72.687,57.225,ok,demo-generator,145
SG-003,2026-03-02T12:15:00Z,108.992,72.837,56.403,ok,demo-generator,146
SG-003,2026-03-02T12:30:00Z,108.461,72.325,55.913,ok,demo-generator,147
SG-003,2026-03-02T12:45:00Z,108.564,72.731,55.432,ok,demo-generator,148
SG-003,2026-03-02T13:00:00Z,108.854,71.734,53.830,ok,demo-generator,149
SG-003,2026-03-02T13:15:00Z,108.688,71.746,54.369,ok,demo-generator,150
SG-003,2026-03-02T13:30:00Z,108.816,69.251,53.921,ok,demo-generator,151
SG-003,2026-03-02T13:45:00Z,109.006,67.635,51.580,ok,demo-generator,152
SG-003,2026-03-02T14:00:00Z,109.107,67.554,51.702,ok,demo-generator,153
SG-003,2026-03-02T14:15:00Z,108.834,66.669,49.813,ok,demo-generator,154
SG-003,2026-03-02T14:30:00Z,108.548,68.313,50.014,ok,demo-generator,155
SG-003,2026-03-02T14:45:00Z,109.258,66.697,49.081,ok,demo-generator,156
SG-003,2026-03-02T15:00:00Z,108.958,65.871,49.141,ok,demo-generator,157
SG-003,2026-03-02T15:15:00Z,109.567,63.452,47.556,ok,demo-generator,158
SG-003,2026-03-02T15:30:00Z,109.149,64.882,47.784,ok,demo-generator,159
SG-003,2026-03-02T15:45:00Z,109.444,63.568,47.373,ok,demo-generator,160
SG-003,2026-03-02T16:00:00Z,109.091,61.297,46.213,ok,demo-generator,161
SG-003,2026-03-02T16:15:00Z,109.494,60.217,45.995,ok,demo-generator,162
SG-003,2026-03-02T16:30:00Z,109.360,60.222,45.098,ok,demo-generator,163
SG-003,2026-03-02T16:45:00Z,109.410,60.689,44.876,ok,demo-generator,164
SG-003,2026-03-02T17:00:00Z,109.686,59.512,43.635,ok,demo-generator,165
SG-003,2026-03-02T17:15:00Z,109.493,60.247,43.814,ok,demo-generator,166
SG-003,2026-03-02T17:30:00Z,109.771,58.518,42.721,ok,demo-generator,167
SG-003,2026-03-02T17:45:00Z,109.576,60.376,41.764,ok,demo-generator,168
SG-003,2026-03-02T18:00:00Z,110.043,60.069,41.276,ok,demo-generator,169
SG-003,2026-03-02T18:15:00Z,110.090,59.260,41.624,ok,demo-generator,170
SG-003,2026-03-02T18:30:00Z,110.215,57.625,40.435,ok,demo-generator,171
SG-003,2026-03-02T18:45:00Z,110.021,59.529,40.919,ok,demo-generator,172
SG-003,2026-03-02T19:00:00Z,110.156,58.196,41.092,ok,demo-generator,173
SG-003,2026-03-02T19:15:00Z,109.827,58.246,39.971,ok,demo-generator,174
SG-003,2026-03-02T19:30:00Z,109.835,59.561,40.589,ok,demo-generator,175
SG-003,2026-03-02T19:45:00Z,109.981,60.064,41.138,ok,demo-generator,176
SG-003,2026-03-02T20:00:00Z,110.570,58.006,38.970,ok,demo-generator,177
SG-003,2026-03-02T20:15:00Z,110.387,60.232,39.507,ok,demo-generator,178
SG-003,2026-03-02T20:30:00Z,109.990,60.033,40.446,ok,demo-generator,179
SG-003,2026-03-02T20:45:00Z,110.684,56.655,38.176,ok,demo-generator,180
SG-003,2026-03-02T21:00:00Z,110.279,59.431,39.162,ok,demo-generator,181
SG-003,2026-03-02T21:15:00Z,110.716,58.322,39.045,ok,demo-generator,182
SG-003,2026-03-02T21:30:00Z,110.428,58.290,38.917,ok,demo-generator,183
SG-003,2026-03-02T21:45:00Z,110.467,56.495,39.304,ok,demo-generator,184
SG-003,2026-03-02T22:00:00Z,110.570,57.203,39.574,ok,demo-generator,185
SG-003,2026-03-02T22:15:00Z,110.960,57.158,40.371,ok,demo-generator,186
SG-003,2026-03-02T22:30:00Z,110.941,54.902,38.399,ok,demo-generator,187
SG-003,2026-03-02T22:45:00Z,110.980,54.214,39.202,ok,demo-generator,188
SG-003,2026-03-02T23:00:00Z,111.573,53.734,39.690,ok,demo-generator,189
SG-003,2026-03-02T23:15:00Z,111.325,54.409,39.579,ok,demo-generator,190
SG-003,2026-03-02T23:30:00Z,111.630,50.995,38.928,ok,demo-generator,191
SG-003,2026-03-02T23:45:00Z,111.770,49.712,38.166,ok,demo-generator,192
SG-004,2026-03-01T00:00:00Z,110.185,60.680,41.511,ok,demo-generator,1
SG-004,2026-03-01T00:15:00Z,110.521,64.217,44.476,ok,demo-generator,2
SG-004,2026-03-01T00:30:00Z,110.290,61.971,42.718,ok,demo-generator,3
SG-004,2026-03-01T00:45:00Z,110.174,64.463,44.337,ok,demo-generator,4
SG-004,2026-03-01T01:00:00Z,110.931,61.970,43.110,ok,demo-generator,5
SG-004,2026-03-01T01:15:00Z,110.839,62.824,44.346,ok,demo-generator,6
SG-004,2026-03-01T01:30:00Z,110.575,64.129,45.227,ok,demo-generator,7
SG-004,2026-03-01T01:45:00Z,110.291,64.576,45.181,ok,demo-generator,8
SG-004,2026-03-01T02:00:00Z,110.608,65.190,46.745,ok,demo-generator,9
SG-004,2026-03-01T02:15:00Z,110.204,65.716,48.452,ok,demo-generator,10
SG-004,2026-03-01T02:30:00Z,110.496,64.623,47.719,ok,demo-generator,11
SG-004,2026-03-01T02:45:00Z,110.463,65.661,48.335,ok,demo-generator,12
SG-004,2026-03-01T03:00:00Z,111.098,64.004,48.416,ok,demo-generator,13
SG-004,2026-03-01T03:15:00Z,110.527,64.758,48.479,ok,demo-generator,14
SG-004,2026-03-01T03:30:00Z,110.951,62.852,49.340,ok,demo-generator,15
SG-004,2026-03-01T03:45:00Z,111.028,63.283,49.930,ok,demo-generator,16
SG-004,2026-03-01T04:00:00Z,110.849,65.693,51.361,ok,demo-generator,17
SG-004,2026-03-01T04:15:00Z,110.801,64.452,50.488,ok,demo-generator,18
SG-004,2026-03-01T04:30:00Z,110.621,63.682,51.511,ok,demo-generator,19
SG-004,2026-03-01T04:45:00Z,110.989,64.368,51.841,ok,demo-generator,20
SG-004,2026-03-01T05:00:00Z,110.677,67.143,52.206,ok,demo-generator,21
SG-004,2026-03-01T05:15:00Z,111.007,64.898,52.673,ok,demo-generator,22
SG-004,2026-03-01T05:30:00Z,111.121,66.022,52.821,ok,demo-generator,23
SG-004,2026-03-01T05:45:00Z,111.041,65.567,53.436,ok,demo-generator,24
SG-004,2026-03-01T06:00:00Z,110.572,68.527,55.161,ok,demo-generator,25
SG-004,2026-03-01T06:15:00Z,110.496,69.743,54.974,ok,demo-generator,26
SG-004,2026-03-01T06:30:00Z,110.573,70.163,55.313,ok,demo-generator,27
SG-004,2026-03-01T06:45:00Z,110.352,68.568,56.045,ok,demo-generator,28
SG-004,2026-03-01T07:00:00Z,110.433,70.077,57.580,ok,demo-generator,29
SG-004,2026-03-01T07:15:00Z,110.621,70.708,56.044,ok,demo-generator,30
SG-004,2026-03-01T07:30:00Z,110.217,72.915,57.263,ok,demo-generator,31
SG-004,2026-03-01T07:45:00Z,110.430,72.081,56.687,ok,demo-generator,32
SG-004,2026-03-01T08:00:00Z,110.116,73.990,58.783,ok,demo-generator,33
SG-004,2026-03-01T08:15:00Z,109.898,74.767,58.779,ok,demo-generator,34
SG-004,2026-03-01T08:30:00Z,109.538,74.872,59.878,ok,demo-generator,35
SG-004,2026-03-01T08:45:00Z,109.859,77.174,59.802,ok,demo-generator,36
SG-004,2026-03-01T09:00:00Z,109.299,75.996,59.740,ok,demo-generator,37
SG-004,2026-03-01T09:15:00Z,109.397,75.394,58.850,ok,demo-generator,38
SG-004,2026-03-01T09:30:00Z,109.023,78.380,59.347,ok,demo-generator,39
SG-004,2026-03-01T09:45:00Z,109.506,77.719,58.716,ok,demo-generator,40
SG-004,2026-03-01T10:00:00Z,109.601,76.224,59.321,ok,demo-generator,41
SG-004,2026-03-01T10:15:00Z,108.993,76.385,58.399,ok,demo-generator,42
SG-004,2026-03-01T10:30:00Z,108.959,79.056,59.269,ok,demo-generator,43
SG-004,2026-03-01T10:45:00Z,109.334,76.046,59.560,ok,demo-generator,44
SG-004,2026-03-01T11:00:00Z,109.355,77.163,58.875,ok,demo-generator,45
SG-004,2026-03-01T11:15:00Z,109.331,74.843,57.570,ok,demo-generator,46
SG-004,2026-03-01T11:30:00Z,108.746,75.677,58.903,ok,demo-generator,47
SG-004,2026-03-01T11:45:00Z,108.729,76.888,58.130,ok,demo-generator,48
SG-004,2026-03-01T12:00:00Z,109.223,72.707,56.111,ok,demo-generator,49
SG-004,2026-03-01T12:15:00Z,109.301,73.740,55.229,ok,demo-generator,50
SG-004,2026-03-01T12:30:00Z,108.759,72.828,56.040,ok,demo-generator,51
SG-004,2026-03-01T12:45:00Z,109.250,71.698,55.013,ok,demo-generator,52
SG-004,2026-03-01T13:00:00Z,108.907,71.114,54.249,ok,demo-generator,53
SG-004,2026-03-01T13:15:00Z,109.033,70.080,53.489,ok,demo-generator,54
SG-004,2026-03-01T13:30:00Z,109.509,67.713,52.471,ok,demo-generator,55
SG-004,2026-03-01T13:45:00Z,109.275,65.715,51.143,ok,demo-generator,56
SG-004,2026-03-01T14:00:00Z,109.376,63.023,51.064,ok,demo-generator,57
SG-004,2026-03-01T14:15:00Z,109.446,61.657,50.106,ok,demo-generator,58
SG-004,2026-03-01T14:30:00Z,109.917,60.309,47.696,ok,demo-generator,59
SG-004,2026-03-01T14:45:00Z,110.049,59.762,46.676,ok,demo-generator,60
SG-004,2026-03-01T15:00:00Z,109.638,60.235,47.672,ok,demo-generator,61
SG-004,2026-03-01T15:15:00Z,109.814,56.239,44.717,ok,demo-generator,62
SG-004,2026-03-01T15:30:00Z,110.236,56.746,45.419,ok,demo-generator,63
SG-004,2026-03-01T15:45:00Z,110.435,53.126,42.890,ok,demo-generator,64
SG-004,2026-03-01T16:00:00Z,109.949,52.725,44.271,ok,demo-generator,65
SG-004,2026-03-01T16:15:00Z,110.343,51.835,41.502,ok,demo-generator,66
SG-004,2026-03-01T16:30:00Z,110.602,50.734,40.989,ok,demo-generator,67
SG-004,2026-03-01T16:45:00Z,110.674,49.363,41.332,ok,demo-generator,68
SG-004,2026-03-01T17:00:00Z,110.627,47.901,39.957,ok,demo-generator,69
SG-004,2026-03-01T17:15:00Z,110.316,47.254,39.098,ok,demo-generator,70
SG-004,2026-03-01T17:30:00Z,110.093,49.538,39.850,ok,demo-generator,71
SG-004,2026-03-01T17:45:00Z,110.726,47.197,39.300,ok,demo-generator,72
SG-004,2026-03-01T18:00:00Z,110.675,48.820,37.734,ok,demo-generator,73
SG-004,2026-03-01T18:15:00Z,110.539,48.200,39.298,ok,demo-generator,74
SG-004,2026-03-01T18:30:00Z,110.613,46.594,36.822,ok,demo-generator,75
SG-004,2026-03-01T18:45:00Z,110.482,46.452,36.797,ok,demo-generator,76
SG-004,2026-03-01T19:00:00Z,110.813,48.401,36.621,ok,demo-generator,77
SG-004,2026-03-01T19:15:00Z,110.344,48.280,36.844,ok,demo-generator,78
SG-004,2026-03-01T19:30:00Z,110.520,49.802,37.212,ok,demo-generator,79
SG-004,2026-03-01T19:45:00Z,110.822,48.815,36.892,ok,demo-generator,80
SG-004,2026-03-01T20:00:00Z,111.025,48.217,36.048,ok,demo-generator,81
SG-004,2026-03-01T20:15:00Z,110.718,49.904,37.605,ok,demo-generator,82
SG-004,2026-03-01T20:30:00Z,110.215,51.244,38.053,ok,demo-generator,83
SG-004,2026-03-01T20:45:00Z,110.253,53.006,37.588,ok,demo-generator,84
SG-004,2026-03-01T21:00:00Z,110.312,50.979,36.569,ok,demo-generator,85
SG-004,2026-03-01T21:15:00Z,110.592,51.929,38.026,ok,demo-generator,86
SG-004,2026-03-01T21:30:00Z,110.823,53.209,38.060,ok,demo-generator,87
SG-004,2026-03-01T21:45:00Z,110.739,55.285,38.067,ok,demo-generator,88
SG-004,2026-03-01T22:00:00Z,110.509,56.536,38.333,ok,demo-generator,89
SG-004,2026-03-01T22:15:00Z,110.549,57.947,38.655,ok,demo-generator,90
SG-004,2026-03-01T22:30:00Z,110.755,56.387,40.112,ok,demo-generator,91
SG-004,2026-03-01T22:45:00Z,110.355,60.448,40.076,ok,demo-generator,92
SG-004,2026-03-01T23:00:00Z,110.104,61.092,40.959,ok,demo-generator,93
SG-004,2026-03-01T23:15:00Z,110.307,60.551,42.181,ok,demo-generator,94
SG-004,2026-03-01T23:30:00Z,110.567,62.470,42.940,ok,demo-generator,95
SG-004,2026-03-01T23:45:00Z,110.136,62.842,42.236,ok,demo-generator,96
SG-004,2026-03-02T00:00:00Z,110.292,62.855,42.155,ok,demo-generator,97
SG-004,2026-03-02T00:15:00Z,110.515,62.995,42.238,ok,demo-generator,98
SG-004,2026-03-02T00:30:00Z,110.217,63.249,44.479,ok,demo-generator,99
SG-004,2026-03-02T00:45:00Z,110.583,64.560,43.666,ok,demo-generator,100
SG-004,2026-03-02T01:00:00Z,110.461,64.830,45.633,ok,demo-generator,101
SG-004,2026-03-02T01:15:00Z,110.492,64.969,45.633,ok,demo-generator,102
SG-004,2026-03-02T01:30:00Z,110.356,63.554,45.029,ok,demo-generator,103
SG-004,2026-03-02T01:45:00Z,110.352,64.621,46.026,ok,demo-generator,104
SG-004,2026-03-02T02:00:00Z,110.924,63.327,45.845,ok,demo-generator,105
SG-004,2026-03-02T02:15:00Z,110.655,63.558,47.482,ok,demo-generator,106
SG-004,2026-03-02T02:30:00Z,110.466,63.376,46.168,ok,demo-generator,107
SG-004,2026-03-02T02:45:00Z,110.577,65.425,49.299,ok,demo-generator,108
SG-004,2026-03-02T03:00:00Z,110.787,65.222,49.250,ok,demo-generator,109
SG-004,2026-03-02T03:15:00Z,111.093,64.019,49.279,ok,demo-generator,110
SG-004,2026-03-02T03:30:00Z,110.634,65.040,49.721,ok,demo-generator,111
SG-004,2026-03-02T03:45:00Z,110.693,63.697,50.592,ok,demo-generator,112
SG-004,2026-03-02T04:00:00Z,111.054,64.476,51.271,ok,demo-generator,113
SG-004,2026-03-02T04:15:00Z,111.126,64.878,51.035,ok,demo-generator,114
SG-004,2026-03-02T04:30:00Z,110.443,66.031,51.577,ok,demo-generator,115
SG-004,2026-03-02T04:45:00Z,110.886,64.731,51.704,ok,demo-generator,116
SG-004,2026-03-02T05:00:00Z,111.021,65.006,52.546,ok,demo-generator,117
SG-004,2026-03-02T05:15:00Z,110.668,68.073,53.407,ok,demo-generator,118
SG-004,2026-03-02T05:30:00Z,110.863,68.236,53.204,ok,demo-generator,119
SG-004,2026-03-02T05:45:00Z,110.914,66.147,53.887,ok,demo-generator,120
SG-004,2026-03-02T06:00:00Z,110.902,67.546,53.909,ok,demo-generator,121
SG-004,2026-03-02T06:15:00Z,110.255,70.245,55.358,ok,demo-generator,122
SG-004,2026-03-02T06:30:00Z,110.235,68.851,55.617,ok,demo-generator,123
SG-004,2026-03-02T06:45:00Z,110.386,68.390,54.685,ok,demo-generator,124
SG-004,2026-03-02T07:00:00Z,110.407,71.032,56.036,ok,demo-generator,125
SG-004,2026-03-02T07:15:00Z,109.820,72.428,57.608,ok,demo-generator,126
SG-004,2026-03-02T07:30:00Z,109.959,72.622,58.164,ok,demo-generator,127
SG-004,2026-03-02T07:45:00Z,110.429,71.470,57.442,ok,demo-generator,128
SG-004,2026-03-02T08:00:00Z,109.840,72.742,57.617,ok,demo-generator,129
SG-004,2026-03-02T08:15:00Z,109.853,74.921,58.068,ok,demo-generator,130
SG-004,2026-03-02T08:30:00Z,109.733,75.169,58.456,ok,demo-generator,131
SG-004,2026-03-02T08:45:00Z,109.897,74.255,58.611,ok,demo-generator,132
SG-004,2026-03-02T09:00:00Z,109.480,76.885,60.420,ok,demo-generator,133
SG-004,2026-03-02T09:15:00Z,109.561,77.132,58.656,ok,demo-generator,134
SG-004,2026-03-02T09:30:00Z,109.637,78.296,61.081,ok,demo-generator,135
SG-004,2026-03-02T09:45:00Z,109.065,78.479,60.027,ok,demo-generator,136
SG-004,2026-03-02T10:00:00Z,109.478,78.720,59.413,ok,demo-generator,137
SG-004,2026-03-02T10:15:00Z,109.035,75.898,59.738,ok,demo-generator,138
SG-004,2026-03-02T10:30:00Z,109.219,77.160,59.693,ok,demo-generator,139
SG-004,2026-03-02T10:45:00Z,109.412,76.221,58.819,ok,demo-generator,140
SG-004,2026-03-02T11:00:00Z,108.867,78.078,58.594,ok,demo-generator,141
SG-004,2026-03-02T11:15:00Z,108.893,76.058,58.468,ok,demo-generator,142
SG-004,2026-03-02T11:30:00Z,109.017,75.221,56.759,ok,demo-generator,143
SG-004,2026-03-02T11:45:00Z,109.166,74.944,57.424,ok,demo-generator,144
SG-004,2026-03-02T12:00:00Z,109.357,73.721,56.188,ok,demo-generator,145
SG-004,2026-03-02T12:15:00Z,109.482,72.327,54.822,ok,demo-generator,146
SG-004,2026-03-02T12:30:00Z,108.944,73.535,56.276,ok,demo-generator,147
SG-004,2026-03-02T12:45:00Z,108.905,72.861,56.206,ok,demo-generator,148
SG-004,2026-03-02T13:00:00Z,109.208,70.699,54.156,ok,demo-generator,149
SG-004,2026-03-02T13:15:00Z,108.932,70.308,53.180,ok,demo-generator,150
SG-004,2026-03-02T13:30:00Z,109.099,68.600,52.477,ok,demo-generator,151
SG-004,2026-03-02T13:45:00Z,109.676,65.078,51.462,ok,demo-generator,152
SG-004,2026-03-02T14:00:00Z,109.511,65.960,51.596,ok,demo-generator,153
SG-004,2026-03-02T14:15:00Z,109.802,62.905,48.559,ok,demo-generator,154
SG-004,2026-03-02T14:30:00Z,109.682,59.994,47.872,ok,demo-generator,155
SG-004,2026-03-02T14:45:00Z,109.889,60.030,48.822,ok,demo-generator,156
SG-004,2026-03-02T15:00:00Z,109.682,60.194,47.643,ok,demo-generator,157
SG-004,2026-03-02T15:15:00Z,110.146,57.829,45.141,ok,demo-generator,158
SG-004,2026-03-02T15:30:00Z,110.282,55.267,45.969,ok,demo-generator,159
SG-004,2026-03-02T15:45:00Z,110.365,54.165,44.127,ok,demo-generator,160
SG-004,2026-03-02T16:00:00Z,110.516,51.740,42.361,ok,demo-generator,161
SG-004,2026-03-02T16:15:00Z,110.028,52.787,43.443,ok,demo-generator,162
SG-004,2026-03-02T16:30:00Z,110.508,51.116,41.748,ok,demo-generator,163
SG-004,2026-03-02T16:45:00Z,110.055,49.937,41.852,ok,demo-generator,164
SG-004,2026-03-02T17:00:00Z,110.188,48.800,40.522,ok,demo-generator,165
SG-004,2026-03-02T17:15:00Z,110.390,49.609,39.552,ok,demo-generator,166
SG-004,2026-03-02T17:30:00Z,110.416,48.603,38.949,ok,demo-generator,167
SG-004,2026-03-02T17:45:00Z,110.318,48.434,38.834,ok,demo-generator,168
SG-004,2026-03-02T18:00:00Z,110.792,46.255,37.269,ok,demo-generator,169
SG-004,2026-03-02T18:15:00Z,110.138,48.803,37.401,ok,demo-generator,170
SG-004,2026-03-02T18:30:00Z,110.600,47.479,36.950,ok,demo-generator,171
SG-004,2026-03-02T18:45:00Z,110.823,46.862,37.491,ok,demo-generator,172
SG-004,2026-03-02T19:00:00Z,110.586,48.748,37.909,ok,demo-generator,173
SG-004,2026-03-02T19:15:00Z,110.879,48.721,36.913,ok,demo-generator,174
SG-004,2026-03-02T19:30:00Z,110.648,48.540,35.978,ok,demo-generator,175
SG-004,2026-03-02T19:45:00Z,110.501,49.958,38.229,ok,demo-generator,176
SG-004,2026-03-02T20:00:00Z,110.447,47.771,36.451,ok,demo-generator,177
SG-004,2026-03-02T20:15:00Z,110.487,50.785,38.323,ok,demo-generator,178
SG-004,2026-03-02T20:30:00Z,110.774,49.438,36.635,ok,demo-generator,179
SG-004,2026-03-02T20:45:00Z,110.621,50.396,36.549,ok,demo-generator,180
SG-004,2026-03-02T21:00:00Z,110.536,54.143,37.662,ok,demo-generator,181
SG-004,2026-03-02T21:15:00Z,110.489,53.293,36.922,ok,demo-generator,182
SG-004,2026-03-02T21:30:00Z,110.581,53.119,37.120,ok,demo-generator,183
SG-004,2026-03-02T21:45:00Z,110.581,56.232,37.868,ok,demo-generator,184
SG-004,2026-03-02T22:00:00Z,110.644,54.737,39.385,ok,demo-generator,185
SG-004,2026-03-02T22:15:00Z,110.210,58.806,40.770,ok,demo-generator,186
SG-004,2026-03-02T22:30:00Z,110.323,59.681,40.808,ok,demo-generator,187
SG-004,2026-03-02T22:45:00Z,110.450,58.964,40.889,ok,demo-generator,188
SG-004,2026-03-02T23:00:00Z,110.609,59.898,40.502,ok,demo-generator,189
SG-004,2026-03-02T23:15:00Z,110.696,59.231,40.237,ok,demo-generator,190
SG-004,2026-03-02T23:30:00Z,110.162,62.563,41.659,ok,demo-generator,191
SG-004,2026-03-02T23:45:00Z,110.241,61.720,41.316,ok,demo-generator,192
SG-005,2026-03-01T00:00:00Z,109.867,69.530,45.155,ok,demo-generator,1
SG-005,2026-03-01T00:15:00Z,109.586,71.002,45.464,ok,demo-generator,2
SG-005,2026-03-01T00:30:00Z,109.670,68.865,45.615,ok,demo-generator,3
SG-005,2026-03-01T00:45:00Z,110.087,69.523,45.519,ok,demo-generator,4
SG-005,2026-03-01T01:00:00Z,109.369,72.298,47.228,ok,demo-generator,5
SG-005,2026-03-01T01:15:00Z,110.003,70.476,47.234,ok,demo-generator,6
SG-005,2026-03-01T01:30:00Z,109.997,69.783,46.631,ok,demo-generator,7
SG-005,2026-03-01T01:45:00Z,109.699,71.060,47.823,ok,demo-generator,8
SG-005,2026-03-01T02:00:00Z,109.894,71.957,49.932,ok,demo-generator,9
SG-005,2026-03-01T02:15:00Z,110.285,71.861,49.540,ok,demo-generator,10
SG-005,2026-03-01T02:30:00Z,109.615,73.459,50.290,ok,demo-generator,11
SG-005,2026-03-01T02:45:00Z,109.630,73.236,50.239,ok,demo-generator,12
SG-005,2026-03-01T03:00:00Z,110.223,72.975,50.888,ok,demo-generator,13
SG-005,2026-03-01T03:15:00Z,109.899,72.270,51.670,ok,demo-generator,14
SG-005,2026-03-01T03:30:00Z,110.541,71.167,52.374,ok,demo-generator,15
SG-005,2026-03-01T03:45:00Z,110.139,71.315,52.718,ok,demo-generator,16
SG-005,2026-03-01T04:00:00Z,110.165,71.451,51.880,ok,demo-generator,17
SG-005,2026-03-01T04:15:00Z,109.836,72.857,53.299,ok,demo-generator,18
SG-005,2026-03-01T04:30:00Z,110.070,71.494,53.362,ok,demo-generator,19
SG-005,2026-03-01T04:45:00Z,110.301,70.504,53.191,ok,demo-generator,20
SG-005,2026-03-01T05:00:00Z,110.301,71.983,53.986,ok,demo-generator,21
SG-005,2026-03-01T05:15:00Z,110.030,71.385,54.343,ok,demo-generator,22
SG-005,2026-03-01T05:30:00Z,110.112,70.314,55.132,ok,demo-generator,23
SG-005,2026-03-01T05:45:00Z,110.334,71.120,54.439,ok,demo-generator,24
SG-005,2026-03-01T06:00:00Z,110.434,70.382,55.164,ok,demo-generator,25
SG-005,2026-03-01T06:15:00Z,110.423,71.575,55.958,ok,demo-generator,26
SG-005,2026-03-01T06:30:00Z,110.479,73.604,56.147,ok,demo-generator,27
SG-005,2026-03-01T06:45:00Z,109.953,71.964,56.050,ok,demo-generator,28
SG-005,2026-03-01T07:00:00Z,110.511,72.780,58.272,ok,demo-generator,29
SG-005,2026-03-01T07:15:00Z,110.318,72.155,58.372,ok,demo-generator,30
SG-005,2026-03-01T07:30:00Z,109.827,73.404,58.457,ok,demo-generator,31
SG-005,2026-03-01T07:45:00Z,109.917,74.333,58.308,ok,demo-generator,32
SG-005,2026-03-01T08:00:00Z,110.281,73.736,59.373,ok,demo-generator,33
SG-005,2026-03-01T08:15:00Z,109.720,75.808,59.630,ok,demo-generator,34
SG-005,2026-03-01T08:30:00Z,109.552,77.059,59.035,ok,demo-generator,35
SG-005,2026-03-01T08:45:00Z,109.331,76.971,59.636,ok,demo-generator,36
SG-005,2026-03-01T09:00:00Z,109.317,76.857,60.609,ok,demo-generator,37
SG-005,2026-03-01T09:15:00Z,109.411,77.308,59.636,ok,demo-generator,38
SG-005,2026-03-01T09:30:00Z,109.772,77.691,59.982,ok,demo-generator,39
SG-005,2026-03-01T09:45:00Z,109.038,78.426,59.228,ok,demo-generator,40
SG-005,2026-03-01T10:00:00Z,109.470,77.806,58.792,ok,demo-generator,41
SG-005,2026-03-01T10:15:00Z,109.047,77.024,59.697,ok,demo-generator,42
SG-005,2026-03-01T10:30:00Z,109.233,77.039,60.049,ok,demo-generator,43
SG-005,2026-03-01T10:45:00Z,109.657,75.309,58.147,ok,demo-generator,44
SG-005,2026-03-01T11:00:00Z,109.175,76.627,58.034,ok,demo-generator,45
SG-005,2026-03-01T11:15:00Z,109.568,74.764,57.688,ok,demo-generator,46
SG-005,2026-03-01T11:30:00Z,109.380,73.348,57.466,ok,demo-generator,47
SG-005,2026-03-01T11:45:00Z,108.906,75.726,56.469,ok,demo-generator,48
SG-005,2026-03-01T12:00:00Z,108.864,74.432,56.391,ok,demo-generator,49
SG-005,2026-03-01T12:15:00Z,108.930,72.657,56.993,ok,demo-generator,50
SG-005,2026-03-01T12:30:00Z,108.942,73.276,55.427,ok,demo-generator,51
SG-005,2026-03-01T12:45:00Z,109.530,71.903,53.901,ok,demo-generator,52
SG-005,2026-03-01T13:00:00Z,109.292,70.330,53.506,ok,demo-generator,53
SG-005,2026-03-01T13:15:00Z,109.629,66.838,52.869,ok,demo-generator,54
SG-005,2026-03-01T13:30:00Z,109.513,67.232,52.822,ok,demo-generator,55
SG-005,2026-03-01T13:45:00Z,109.716,66.243,51.687,ok,demo-generator,56
SG-005,2026-03-01T14:00:00Z,109.598,62.589,50.307,ok,demo-generator,57
SG-005,2026-03-01T14:15:00Z,109.615,62.179,48.648,ok,demo-generator,58
SG-005,2026-03-01T14:30:00Z,109.505,62.374,49.433,ok,demo-generator,59
SG-005,2026-03-01T14:45:00Z,109.841,61.467,48.362,ok,demo-generator,60
SG-005,2026-03-01T15:00:00Z,109.506,58.870,46.640,ok,demo-generator,61
SG-005,2026-03-01T15:15:00Z,109.893,56.173,45.876,ok,demo-generator,62
SG-005,2026-03-01T15:30:00Z,110.189,56.750,44.722,ok,demo-generator,63
SG-005,2026-03-01T15:45:00Z,109.874,55.807,44.768,ok,demo-generator,64
SG-005,2026-03-01T16:00:00Z,110.137,53.680,42.556,ok,demo-generator,65
SG-005,2026-03-01T16:15:00Z,110.056,51.343,43.208,ok,demo-generator,66
SG-005,2026-03-01T16:30:00Z,110.070,50.125,42.398,ok,demo-generator,67
SG-005,2026-03-01T16:45:00Z,110.579,49.161,41.158,ok,demo-generator,68
SG-005,2026-03-01T17:00:00Z,110.384,48.333,40.521,ok,demo-generator,69
SG-005,2026-03-01T17:15:00Z,110.563,49.146,40.819,ok,demo-generator,70
SG-005,2026-03-01T17:30:00Z,110.280,47.319,38.108,ok,demo-generator,71
SG-005,2026-03-01T17:45:00Z,110.534,49.482,38.780,ok,demo-generator,72
SG-005,2026-03-01T18:00:00Z,110.772,48.809,38.077,ok,demo-generator,73
SG-005,2026-03-01T18:15:00Z,110.657,47.994,37.458,ok,demo-generator,74
SG-005,2026-03-01T18:30:00Z,110.324,47.797,38.743,ok,demo-generator,75
SG-005,2026-03-01T18:45:00Z,110.086,50.057,37.963,ok,demo-generator,76
SG-005,2026-03-01T19:00:00Z,110.654,48.725,36.943,ok,demo-generator,77
SG-005,2026-03-01T19:15:00Z,110.231,50.920,38.664,ok,demo-generator,78
SG-005,2026-03-01T19:30:00Z,110.438,49.814,37.917,ok,demo-generator,79
SG-005,2026-03-01T19:45:00Z,110.723,49.948,37.802,ok,demo-generator,80
SG-005,2026-03-01T20:00:00Z,110.493,53.146,38.280,ok,demo-generator,81
SG-005,2026-03-01T20:15:00Z,110.202,54.318,37.809,ok,demo-generator,82
SG-005,2026-03-01T20:30:00Z,110.268,52.416,38.286,ok,demo-generator,83
SG-005,2026-03-01T20:45:00Z,110.008,54.381,38.810,ok,demo-generator,84
SG-005,2026-03-01T21:00:00Z,110.267,56.017,38.417,ok,demo-generator,85
SG-005,2026-03-01T21:15:00Z,110.012,55.680,39.650,ok,demo-generator,86
SG-005,2026-03-01T21:30:00Z,109.923,57.594,39.787,ok,demo-generator,87
SG-005,2026-03-01T21:45:00Z,109.670,60.455,40.080,ok,demo-generator,88
SG-005,2026-03-01T22:00:00Z,109.881,59.348,39.702,ok,demo-generator,89
SG-005,2026-03-01T22:15:00Z,109.665,62.809,42.206,ok,demo-generator,90
SG-005,2026-03-01T22:30:00Z,110.261,61.531,40.185,ok,demo-generator,91
SG-005,2026-03-01T22:45:00Z,110.000,63.806,42.368,ok,demo-generator,92
SG-005,2026-03-01T23:00:00Z,109.778,64.878,41.666,ok,demo-generator,93
SG-005,2026-03-01T23:15:00Z,109.953,64.994,43.117,ok,demo-generator,94
SG-005,2026-03-01T23:30:00Z,109.818,66.527,42.668,ok,demo-generator,95
SG-005,2026-03-01T23:45:00Z,109.787,66.721,44.615,ok,demo-generator,96
SG-005,2026-03-02T00:00:00Z,109.624,69.355,45.159,estimated,demo-generator,97
SG-005,2026-03-02T00:15:00Z,109.973,70.278,46.335,ok,demo-generator,98
SG-005,2026-03-02T00:30:00Z,109.624,69.679,46.732,ok,demo-generator,99
SG-005,2026-03-02T00:45:00Z,109.985,70.101,47.297,ok,demo-generator,100
SG-005,2026-03-02T01:00:00Z,109.669,72.149,48.269,ok,demo-generator,101
SG-005,2026-03-02T01:15:00Z,110.023,70.687,47.798,ok,demo-generator,102
SG-005,2026-03-02T01:30:00Z,110.263,70.550,49.001,estimated,demo-generator,103
SG-005,2026-03-02T01:45:00Z,109.959,71.420,48.752,ok,demo-generator,104
SG-005,2026-03-02T02:00:00Z,109.894,72.180,49.931,ok,demo-generator,105
SG-005,2026-03-02T02:15:00Z,110.053,73.939,51.382,ok,demo-generator,106
SG-005,2026-03-02T02:30:00Z,109.990,73.916,51.875,ok,demo-generator,107
SG-005,2026-03-02T02:45:00Z,110.518,70.926,51.431,ok,demo-generator,108
SG-005,2026-03-02T03:00:00Z,110.017,71.889,51.295,estimated,demo-generator,109
SG-005,2026-03-02T03:15:00Z,110.050,73.776,52.390,ok,demo-generator,110
SG-005,2026-03-02T03:30:00Z,109.753,73.945,54.887,ok,demo-generator,111
SG-005,2026-03-02T03:45:00Z,110.260,70.982,53.029,ok,demo-generator,112
SG-005,2026-03-02T04:00:00Z,109.976,71.979,55.379,ok,demo-generator,113
SG-005,2026-03-02T04:15:00Z,110.202,72.546,55.793,ok,demo-generator,114
SG-005,2026-03-02T04:30:00Z,110.120,70.527,54.347,estimated,demo-generator,115
SG-005,2026-03-02T04:45:00Z,110.381,71.838,56.192,ok,demo-generator,116
SG-005,2026-03-02T05:00:00Z,110.515,71.990,56.197,ok,demo-generator,117
SG-005,2026-03-02T05:15:00Z,110.771,70.782,58.101,ok,demo-generator,118
SG-005,2026-03-02T05:30:00Z,110.335,74.397,59.571,ok,demo-generator,119
SG-005,2026-03-02T05:45:00Z,110.349,74.209,60.227,ok,demo-generator,120
SG-005,2026-03-02T06:00:00Z,110.594,73.402,60.403,estimated,demo-generator,121
SG-005,2026-03-02T06:15:00Z,110.351,71.751,58.239,ok,demo-generator,122
SG-005,2026-03-02T06:30:00Z,110.317,72.633,59.783,ok,demo-generator,123
SG-005,2026-03-02T06:45:00Z,109.994,72.974,60.008,ok,demo-generator,124
SG-005,2026-03-02T07:00:00Z,110.531,74.170,61.944,ok,demo-generator,125
SG-005,2026-03-02T07:15:00Z,109.808,75.388,61.525,ok,demo-generator,126
SG-005,2026-03-02T07:30:00Z,110.052,75.855,61.753,estimated,demo-generator,127
SG-005,2026-03-02T07:45:00Z,109.998,74.970,61.677,ok,demo-generator,128
SG-005,2026-03-02T08:00:00Z,109.773,77.927,62.886,ok,demo-generator,129
SG-005,2026-03-02T08:15:00Z,109.956,76.004,62.795,ok,demo-generator,130
SG-005,2026-03-02T08:30:00Z,109.520,78.687,63.331,ok,demo-generator,131
SG-005,2026-03-02T08:45:00Z,109.862,75.922,64.424,ok,demo-generator,132
SG-005,2026-03-02T09:00:00Z,109.835,76.283,64.976,estimated,demo-generator,133
SG-005,2026-03-02T09:15:00Z,109.351,79.019,65.668,ok,demo-generator,134
SG-005,2026-03-02T09:30:00Z,109.430,76.869,64.843,ok,demo-generator,135
SG-005,2026-03-02T09:45:00Z,109.687,79.412,65.465,ok,demo-generator,136
SG-005,2026-03-02T10:00:00Z,109.294,79.153,64.649,ok,demo-generator,137
SG-005,2026-03-02T10:15:00Z,109.078,78.946,64.960,ok,demo-generator,138
SG-005,2026-03-02T10:30:00Z,109.174,80.167,65.472,estimated,demo-generator,139
SG-005,2026-03-02T10:45:00Z,109.221,77.821,63.971,ok,demo-generator,140
SG-005,2026-03-02T11:00:00Z,109.044,79.670,65.117,ok,demo-generator,141
SG-005,2026-03-02T11:15:00Z,109.453,78.043,63.537,ok,demo-generator,142
SG-005,2026-03-02T11:30:00Z,109.114,76.201,63.600,ok,demo-generator,143
SG-005,2026-03-02T11:45:00Z,109.044,76.850,63.909,ok,demo-generator,144
SG-005,2026-03-02T12:00:00Z,109.402,74.196,62.225,estimated,demo-generator,145
SG-005,2026-03-02T12:15:00Z,109.274,75.833,63.598,ok,demo-generator,146
SG-005,2026-03-02T12:30:00Z,109.479,75.209,63.403,ok,demo-generator,147
SG-005,2026-03-02T12:45:00Z,109.496,73.120,61.932,ok,demo-generator,148
SG-005,2026-03-02T13:00:00Z,109.271,72.483,62.026,ok,demo-generator,149
SG-005,2026-03-02T13:15:00Z,109.520,71.499,59.721,ok,demo-generator,150
SG-005,2026-03-02T13:30:00Z,109.608,69.565,58.699,estimated,demo-generator,151
SG-005,2026-03-02T13:45:00Z,109.661,68.574,58.142,ok,demo-generator,152
SG-005,2026-03-02T14:00:00Z,109.536,65.735,57.830,ok,demo-generator,153
SG-005,2026-03-02T14:15:00Z,109.681,65.329,58.292,ok,demo-generator,154
SG-005,2026-03-02T14:30:00Z,109.607,63.276,56.675,ok,demo-generator,155
SG-005,2026-03-02T14:45:00Z,109.763,62.073,54.954,ok,demo-generator,156
SG-005,2026-03-02T15:00:00Z,109.810,62.692,54.612,estimated,demo-generator,157
SG-005,2026-03-02T15:15:00Z,109.683,61.722,54.404,ok,demo-generator,158
SG-005,2026-03-02T15:30:00Z,110.163,59.586,53.321,ok,demo-generator,159
SG-005,2026-03-02T15:45:00Z,109.878,59.154,52.559,ok,demo-generator,160
SG-005,2026-03-02T16:00:00Z,110.397,54.971,52.286,ok,demo-generator,161
SG-005,2026-03-02T16:15:00Z,110.266,54.884,50.693,ok,demo-generator,162
SG-005,2026-03-02T16:30:00Z,110.056,55.440,50.659,estimated,demo-generator,163
SG-005,2026-03-02T16:45:00Z,110.650,54.234,50.020,ok,demo-generator,164
SG-005,2026-03-02T17:00:00Z,110.469,51.593,50.123,ok,demo-generator,165
SG-005,2026-03-02T17:15:00Z,110.299,51.562,48.915,ok,demo-generator,166
SG-005,2026-03-02T17:30:00Z,110.111,52.550,48.388,ok,demo-generator,167
SG-005,2026-03-02T17:45:00Z,110.561,53.719,49.667,ok,demo-generator,168
SG-005,2026-03-02T18:00:00Z,110.527,52.290,49.842,estimated,demo-generator,169
SG-005,2026-03-02T18:15:00Z,110.311,53.421,49.754,ok,demo-generator,170
SG-005,2026-03-02T18:30:00Z,110.927,50.973,48.806,ok,demo-generator,171
SG-005,2026-03-02T18:45:00Z,110.437,54.065,48.413,ok,demo-generator,172
SG-005,2026-03-02T19:00:00Z,110.272,53.733,48.802,ok,demo-generator,173
SG-005,2026-03-02T19:15:00Z,110.369,52.780,48.118,ok,demo-generator,174
SG-005,2026-03-02T19:30:00Z,110.565,52.812,47.137,estimated,demo-generator,175
SG-005,2026-03-02T19:45:00Z,110.184,54.917,48.517,ok,demo-generator,176
SG-005,2026-03-02T20:00:00Z,110.235,55.651,49.833,ok,demo-generator,177
SG-005,2026-03-02T20:15:00Z,110.716,55.435,48.041,ok,demo-generator,178
SG-005,2026-03-02T20:30:00Z,110.352,57.251,48.682,ok,demo-generator,179
SG-005,2026-03-02T20:45:00Z,110.316,60.835,49.950,ok,demo-generator,180
SG-005,2026-03-02T21:00:00Z,109.996,60.808,49.755,estimated,demo-generator,181
SG-005,2026-03-02T21:15:00Z,110.557,60.030,50.701,ok,demo-generator,182
SG-005,2026-03-02T21:30:00Z,109.871,62.662,50.794,ok,demo-generator,183
SG-005,2026-03-02T21:45:00Z,110.161,65.207,52.882,ok,demo-generator,184
SG-005,2026-03-02T22:00:00Z,110.116,63.889,51.953,ok,demo-generator,185
SG-005,2026-03-02T22:15:00Z,110.325,65.227,52.959,ok,demo-generator,186
SG-005,2026-03-02T22:30:00Z,109.783,68.170,53.733,estimated,demo-generator,187
SG-005,2026-03-02T22:45:00Z,110.077,69.275,53.906,ok,demo-generator,188
SG-005,2026-03-02T23:00:00Z,109.898,71.361,54.954,ok,demo-generator,189
SG-005,2026-03-02T23:15:00Z,109.698,70.377,56.359,ok,demo-generator,190
SG-005,2026-03-02T23:30:00Z,109.569,70.641,55.549,ok,demo-generator,191
SG-005,2026-03-02T23:45:00Z,109.960,73.968,58.449,ok,demo-generator,192
SG-006,2026-03-01T00:00:00Z,110.883,61.441,43.212,ok,demo-generator,1
SG-006,2026-03-01T00:15:00Z,110.545,62.008,42.989,ok,demo-generator,2
SG-006,2026-03-01T00:30:00Z,111.071,58.827,43.324,ok,demo-generator,3
SG-006,2026-03-01T00:45:00Z,111.261,58.572,43.305,ok,demo-generator,4
SG-006,2026-03-01T01:00:00Z,111.244,58.904,43.771,ok,demo-generator,5
SG-006,2026-03-01T01:15:00Z,111.484,57.155,43.412,ok,demo-generator,6
SG-006,2026-03-01T01:30:00Z,111.301,57.179,43.898,ok,demo-generator,7
SG-006,2026-03-01T01:45:00Z,111.336,57.885,43.925,ok,demo-generator,8
SG-006,2026-03-01T02:00:00Z,111.638,56.441,44.209,ok,demo-generator,9
SG-006,2026-03-01T02:15:00Z,111.857,55.930,45.176,ok,demo-generator,10
SG-006,2026-03-01T02:30:00Z,111.673,56.063,43.890,ok,demo-generator,11
SG-006,2026-03-01T02:45:00Z,111.572,53.726,45.029,ok,demo-generator,12
SG-006,2026-03-01T03:00:00Z,111.898,56.510,45.714,ok,demo-generator,13
SG-006,2026-03-01T03:15:00Z,111.796,56.579,47.297,ok,demo-generator,14
SG-006,2026-03-01T03:30:00Z,111.870,54.083,47.194,ok,demo-generator,15
SG-006,2026-03-01T03:45:00Z,111.868,54.706,45.932,ok,demo-generator,16
SG-006,2026-03-01T04:00:00Z,111.484,54.879,47.825,ok,demo-generator,17
SG-006,2026-03-01T04:15:00Z,111.491,55.669,49.030,ok,demo-generator,18
SG-006,2026-03-01T04:30:00Z,111.717,57.704,49.482,ok,demo-generator,19
SG-006,2026-03-01T04:45:00Z,111.732,57.328,48.958,ok,demo-generator,20
SG-006,2026-03-01T05:00:00Z,111.707,58.080,49.131,ok,demo-generator,21
SG-006,2026-03-01T05:15:00Z,111.150,58.126,50.844,ok,demo-generator,22
SG-006,2026-03-01T05:30:00Z,110.808,61.864,51.330,ok,demo-generator,23
SG-006,2026-03-01T05:45:00Z,111.356,61.751,51.399,ok,demo-generator,24
SG-006,2026-03-01T06:00:00Z,110.641,62.323,53.378,ok,demo-generator,25
SG-006,2026-03-01T06:15:00Z,110.965,65.379,53.457,ok,demo-generator,26
SG-006,2026-03-01T06:30:00Z,110.297,65.813,54.300,ok,demo-generator,27
SG-006,2026-03-01T06:45:00Z,110.117,67.155,55.849,ok,demo-generator,28
SG-006,2026-03-01T07:00:00Z,110.376,68.503,56.505,ok,demo-generator,29
SG-006,2026-03-01T07:15:00Z,110.197,70.077,56.400,ok,demo-generator,30
SG-006,2026-03-01T07:30:00Z,110.197,70.555,57.900,ok,demo-generator,31
SG-006,2026-03-01T07:45:00Z,109.705,73.583,58.956,ok,demo-generator,32
SG-006,2026-03-01T08:00:00Z,109.498,75.893,58.261,ok,demo-generator,33
SG-006,2026-03-01T08:15:00Z,109.613,75.525,59.625,ok,demo-generator,34
SG-006,2026-03-01T08:30:00Z,109.292,77.424,58.797,ok,demo-generator,35
SG-006,2026-03-01T08:45:00Z,108.742,79.171,59.412,ok,demo-generator,36
SG-006,2026-03-01T09:00:00Z,108.794,81.624,60.462,ok,demo-generator,37
SG-006,2026-03-01T09:15:00Z,108.483,80.428,61.522,ok,demo-generator,38
SG-006,2026-03-01T09:30:00Z,108.564,83.055,61.867,ok,demo-generator,39
SG-006,2026-03-01T09:45:00Z,108.271,81.648,60.117,ok,demo-generator,40
SG-006,2026-03-01T10:00:00Z,108.451,83.265,62.263,ok,demo-generator,41
SG-006,2026-03-01T10:15:00Z,108.233,85.882,62.257,ok,demo-generator,42
SG-006,2026-03-01T10:30:00Z,108.461,84.990,61.734,ok,demo-generator,43
SG-006,2026-03-01T10:45:00Z,107.762,84.970,60.953,ok,demo-generator,44
SG-006,2026-03-01T11:00:00Z,107.934,83.831,60.657,ok,demo-generator,45
SG-006,2026-03-01T11:15:00Z,108.107,83.663,61.205,ok,demo-generator,46
SG-006,2026-03-01T11:30:00Z,108.110,85.294,59.960,ok,demo-generator,47
SG-006,2026-03-01T11:45:00Z,107.729,83.723,59.328,ok,demo-generator,48
SG-006,2026-03-01T12:00:00Z,107.824,84.842,61.000,ok,demo-generator,49
SG-006,2026-03-01T12:15:00Z,107.609,84.392,59.527,ok,demo-generator,50
SG-006,2026-03-01T12:30:00Z,107.893,82.463,59.352,ok,demo-generator,51
SG-006,2026-03-01T12:45:00Z,107.945,82.876,57.421,ok,demo-generator,52
SG-006,2026-03-01T13:00:00Z,107.849,83.117,58.516,ok,demo-generator,53
SG-006,2026-03-01T13:15:00Z,108.119,81.223,56.603,ok,demo-generator,54
SG-006,2026-03-01T13:30:00Z,108.079,79.782,55.552,ok,demo-generator,55
SG-006,2026-03-01T13:45:00Z,108.163,81.785,57.432,ok,demo-generator,56
SG-006,2026-03-01T14:00:00Z,107.915,79.854,55.199,ok,demo-generator,57
SG-006,2026-03-01T14:15:00Z,107.877,78.495,53.453,ok,demo-generator,58
SG-006,2026-03-01T14:30:00Z,108.243,78.366,52.942,ok,demo-generator,59
SG-006,2026-03-01T14:45:00Z,108.440,75.853,52.965,ok,demo-generator,60
SG-006,2026-03-01T15:00:00Z,107.962,75.951,53.150,ok,demo-generator,61
SG-006,2026-03-01T15:15:00Z,108.149,74.512,52.090,ok,demo-generator,62
SG-006,2026-03-01T15:30:00Z,108.694,73.302,49.467,ok,demo-generator,63
SG-006,2026-03-01T15:45:00Z,108.237,73.384,50.851,ok,demo-generator,64
SG-006,2026-03-01T16:00:00Z,108.183,72.591,49.832,ok,demo-generator,65
SG-006,2026-03-01T16:15:00Z,108.079,74.085,49.876,ok,demo-generator,66
SG-006,2026-03-01T16:30:00Z,108.852,72.540,49.121,ok,demo-generator,67
SG-006,2026-03-01T16:45:00Z,108.590,70.708,48.162,ok,demo-generator,68
SG-006,2026-03-01T17:00:00Z,108.567,72.323,48.230,ok,demo-generator,69
SG-006,2026-03-01T17:15:00Z,108.989,69.858,46.425,ok,demo-generator,70
SG-006,2026-03-01T17:30:00Z,108.841,72.124,46.215,ok,demo-generator,71
SG-006,2026-03-01T17:45:00Z,108.689,69.927,46.402,ok,demo-generator,72
SG-006,2026-03-01T18:00:00Z,108.490,70.538,44.869,ok,demo-generator,73
SG-006,2026-03-01T18:15:00Z,108.997,70.343,45.053,ok,demo-generator,74
SG-006,2026-03-01T18:30:00Z,108.472,72.065,46.341,ok,demo-generator,75
SG-006,2026-03-01T18:45:00Z,109.209,69.678,44.143,ok,demo-generator,76
SG-006,2026-03-01T19:00:00Z,108.964,69.758,43.775,ok,demo-generator,77
SG-006,2026-03-01T19:15:00Z,109.369,68.698,43.997,ok,demo-generator,78
SG-006,2026-03-01T19:30:00Z,109.386,69.845,42.607,ok,demo-generator,79
SG-006,2026-03-01T19:45:00Z,109.067,71.664,42.980,ok,demo-generator,80
SG-006,2026-03-01T20:00:00Z,109.160,71.785,44.838,ok,demo-generator,81
SG-006,2026-03-01T20:15:00Z,109.483,68.333,43.673,ok,demo-generator,82
SG-006,2026-03-01T20:30:00Z,109.564,68.526,42.628,ok,demo-generator,83
SG-006,2026-03-01T20:45:00Z,109.310,68.551,42.696,ok,demo-generator,84
SG-006,2026-03-01T21:00:00Z,109.164,70.349,43.471,ok,demo-generator,85
SG-006,2026-03-01T21:15:00Z,109.801,70.131,43.923,ok,demo-generator,86
SG-006,2026-03-01T21:30:00Z,109.574,67.188,41.765,ok,demo-generator,87
SG-006,2026-03-01T21:45:00Z,109.784,69.348,43.975,ok,demo-generator,88
SG-006,2026-03-01T22:00:00Z,109.747,68.858,42.124,ok,demo-generator,89
SG-006,2026-03-01T22:15:00Z,109.644,67.648,43.196,ok,demo-generator,90
SG-006,2026-03-01T22:30:00Z,109.913,67.752,43.832,ok,demo-generator,91
SG-006,2026-03-01T22:45:00Z,110.084,65.665,42.758,ok,demo-generator,92
SG-006,2026-03-01T23:00:00Z,110.597,63.937,42.711,ok,demo-generator,93
SG-006,2026-03-01T23:15:00Z,110.192,65.020,43.608,ok,demo-generator,94
SG-006,2026-03-01T23:30:00Z,110.628,62.461,41.921,ok,demo-generator,95
SG-006,2026-03-01T23:45:00Z,110.670,63.756,43.465,ok,demo-generator,96
SG-006,2026-03-02T00:00:00Z,110.866,63.313,42.128,ok,demo-generator,97
SG-006,2026-03-02T00:15:00Z,111.138,59.559,42.363,ok,demo-generator,98
SG-006,2026-03-02T00:30:00Z,111.130,58.741,42.338,ok,demo-generator,99
SG-006,2026-03-02T00:45:00Z,110.851,60.586,42.365,ok,demo-generator,100
SG-006,2026-03-02T01:00:00Z,111.017,58.755,43.200,ok,demo-generator,101
SG-006,2026-03-02T01:15:00Z,110.999,59.383,43.188,ok,demo-generator,102
SG-006,2026-03-02T01:30:00Z,111.144,57.601,43.052,ok,demo-generator,103
SG-006,2026-03-02T01:45:00Z,111.374,55.912,43.147,ok,demo-generator,104
SG-006,2026-03-02T02:00:00Z,111.844,54.619,42.736,ok,demo-generator,105
SG-006,2026-03-02T02:15:00Z,111.729,57.423,44.383,ok,demo-generator,106
SG-006,2026-03-02T02:30:00Z,111.766,56.688,44.273,ok,demo-generator,107
SG-006,2026-03-02T02:45:00Z,111.781,54.129,45.697,ok,demo-generator,108
SG-006,2026-03-02T03:00:00Z,111.589,54.683,44.638,ok,demo-generator,109
SG-006,2026-03-02T03:15:00Z,111.283,56.032,46.176,ok,demo-generator,110
SG-006,2026-03-02T03:30:00Z,111.516,56.982,46.709,ok,demo-generator,111
SG-006,2026-03-02T03:45:00Z,111.621,56.438,48.065,ok,demo-generator,112
SG-006,2026-03-02T04:00:00Z,111.880,54.740,46.535,ok,demo-generator,113
SG-006,2026-03-02T04:15:00Z,111.338,56.608,48.646,ok,demo-generator,114
SG-006,2026-03-02T04:30:00Z,111.833,55.864,49.359,ok,demo-generator,115
SG-006,2026-03-02T04:45:00Z,111.656,57.538,50.423,ok,demo-generator,116
SG-006,2026-03-02T05:00:00Z,111.415,58.283,49.634,ok,demo-generator,117
SG-006,2026-03-02T05:15:00Z,111.139,60.843,52.012,ok,demo-generator,118
SG-006,2026-03-02T05:30:00Z,111.173,61.001,52.743,ok,demo-generator,119
SG-006,2026-03-02T05:45:00Z,110.659,63.440,53.299,ok,demo-generator,120
SG-006,2026-03-02T06:00:00Z,110.953,63.820,52.706,ok,demo-generator,121
SG-006,2026-03-02T06:15:00Z,110.834,66.087,54.557,ok,demo-generator,122
SG-006,2026-03-02T06:30:00Z,110.307,66.960,55.415,ok,demo-generator,123
SG-006,2026-03-02T06:45:00Z,110.004,69.161,55.078,ok,demo-generator,124
SG-006,2026-03-02T07:00:00Z,110.222,70.458,56.955,ok,demo-generator,125
SG-006,2026-03-02T07:15:00Z,110.290,70.714,56.980,ok,demo-generator,126
SG-006,2026-03-02T07:30:00Z,110.168,72.054,56.474,ok,demo-generator,127
SG-006,2026-03-02T07:45:00Z,109.687,72.365,57.954,ok,demo-generator,128
SG-006,2026-03-02T08:00:00Z,109.345,74.488,57.977,ok,demo-generator,129
SG-006,2026-03-02T08:15:00Z,109.296,77.636,58.951,ok,demo-generator,130
SG-006,2026-03-02T08:30:00Z,109.261,76.059,59.157,ok,demo-generator,131
SG-006,2026-03-02T08:45:00Z,108.768,80.460,60.786,ok,demo-generator,132
SG-006,2026-03-02T09:00:00Z,109.165,79.483,59.818,ok,demo-generator,133
SG-006,2026-03-02T09:15:00Z,108.625,80.168,60.707,ok,demo-generator,134
SG-006,2026-03-02T09:30:00Z,108.367,82.587,60.855,ok,demo-generator,135
SG-006,2026-03-02T09:45:00Z,108.796,82.113,61.037,ok,demo-generator,136
SG-006,2026-03-02T10:00:00Z,108.650,82.429,61.407,ok,demo-generator,137
SG-006,2026-03-02T10:15:00Z,108.391,83.936,61.194,ok,demo-generator,138
SG-006,2026-03-02T10:30:00Z,108.344,84.694,62.553,ok,demo-generator,139
SG-006,2026-03-02T10:45:00Z,108.348,85.909,62.595,ok,demo-generator,140
SG-006,2026-03-02T11:00:00Z,107.812,84.125,61.260,ok,demo-generator,141
SG-006,2026-03-02T11:15:00Z,108.114,85.514,62.228,ok,demo-generator,142
SG-006,2026-03-02T11:30:00Z,107.714,83.901,60.935,ok,demo-generator,143
SG-006,2026-03-02T11:45:00Z,107.785,86.339,61.373,ok,demo-generator,144
SG-006,2026-03-02T12:00:00Z,107.831,86.218,59.710,ok,demo-generator,145
SG-006,2026-03-02T12:15:00Z,107.600,85.589,60.248,ok,demo-generator,146
SG-006,2026-03-02T12:30:00Z,107.838,85.062,58.370,ok,demo-generator,147
SG-006,2026-03-02T12:45:00Z,107.964,83.989,58.878,ok,demo-generator,148
SG-006,2026-03-02T13:00:00Z,108.192,81.364,58.422,ok,demo-generator,149
SG-006,2026-03-02T13:15:00Z,107.907,83.201,57.201,ok,demo-generator,150
SG-006,2026-03-02T13:30:00Z,107.750,80.264,57.141,ok,demo-generator,151
SG-006,2026-03-02T13:45:00Z,107.827,79.600,56.780,ok,demo-generator,152
SG-006,2026-03-02T14:00:00Z,107.812,79.373,54.613,ok,demo-generator,153
SG-006,2026-03-02T14:15:00Z,107.707,79.949,55.775,ok,demo-generator,154
SG-006,2026-03-02T14:30:00Z,107.703,78.606,54.027,ok,demo-generator,155
SG-006,2026-03-02T14:45:00Z,108.188,77.587,52.337,ok,demo-generator,156
SG-006,2026-03-02T15:00:00Z,108.047,77.579,51.930,ok,demo-generator,157
SG-006,2026-03-02T15:15:00Z,108.462,74.620,51.941,ok,demo-generator,158
SG-006,2026-03-02T15:30:00Z,108.111,74.013,51.796,ok,demo-generator,159
SG-006,2026-03-02T15:45:00Z,108.374,75.632,51.656,ok,demo-generator,160
SG-006,2026-03-02T16:00:00Z,108.498,72.086,48.361,ok,demo-generator,161
SG-006,2026-03-02T16:15:00Z,108.437,73.474,48.104,ok,demo-generator,162
SG-006,2026-03-02T16:30:00Z,108.416,74.031,49.976,ok,demo-generator,163
SG-006,2026-03-02T16:45:00Z,108.405,72.126,47.828,ok,demo-generator,164
SG-006,2026-03-02T17:00:00Z,108.746,71.500,47.052,ok,demo-generator,165
SG-006,2026-03-02T17:15:00Z,108.757,69.687,45.544,ok,demo-generator,166
SG-006,2026-03-02T17:30:00Z,108.824,72.861,46.363,ok,demo-generator,167
SG-006,2026-03-02T17:45:00Z,108.604,71.909,47.267,ok,demo-generator,168
SG-006,2026-03-02T18:00:00Z,108.672,69.546,45.407,ok,demo-generator,169
SG-006,2026-03-02T18:15:00Z,109.046,71.137,45.095,ok,demo-generator,170
SG-006,2026-03-02T18:30:00Z,108.679,71.812,46.047,ok,demo-generator,171
SG-006,2026-03-02T18:45:00Z,109.153,69.695,43.944,ok,demo-generator,172
SG-006,2026-03-02T19:00:00Z,109.154,69.169,43.992,ok,demo-generator,173
SG-006,2026-03-02T19:15:00Z,108.831,69.675,44.620,ok,demo-generator,174
SG-006,2026-03-02T19:30:00Z,109.089,70.617,44.714,ok,demo-generator,175
SG-006,2026-03-02T19:45:00Z,108.847,70.518,44.519,ok,demo-generator,176
SG-006,2026-03-02T20:00:00Z,109.147,70.298,42.935,ok,demo-generator,177
SG-006,2026-03-02T20:15:00Z,109.562,69.055,42.028,ok,demo-generator,178
SG-006,2026-03-02T20:30:00Z,109.384,71.355,43.779,ok,demo-generator,179
SG-006,2026-03-02T20:45:00Z,109.140,68.979,42.593,ok,demo-generator,180
SG-006,2026-03-02T21:00:00Z,109.496,69.697,42.626,ok,demo-generator,181
SG-006,2026-03-02T21:15:00Z,109.380,70.499,43.610,ok,demo-generator,182
SG-006,2026-03-02T21:30:00Z,109.851,67.855,41.398,ok,demo-generator,183
SG-006,2026-03-02T21:45:00Z,109.452,69.377,42.694,ok,demo-generator,184
SG-006,2026-03-02T22:00:00Z,109.670,69.336,43.192,ok,demo-generator,185
SG-006,2026-03-02T22:15:00Z,110.089,67.331,42.685,ok,demo-generator,186
SG-006,2026-03-02T22:30:00Z,109.847,68.069,41.918,ok,demo-generator,187
SG-006,2026-03-02T22:45:00Z,110.262,65.125,41.574,ok,demo-generator,188
SG-006,2026-03-02T23:00:00Z,110.508,65.362,42.111,ok,demo-generator,189
SG-006,2026-03-02T23:15:00Z,110.576,65.694,42.420,ok,demo-generator,190
SG-006,2026-03-02T23:30:00Z,110.684,64.353,42.706,ok,demo-generator,191
SG-006,2026-03-02T23:45:00Z,110.465,61.815,42.610,ok,demo-generator,192
WG-001,2026-03-01T00:00:00Z,224.496,44.707,35.772,ok,demo-generator,1
WG-001,2026-03-01T00:15:00Z,224.742,43.871,34.933,ok,demo-generator,2
WG-001,2026-03-01T00:30:00Z,225.915,39.613,33.544,ok,demo-generator,3
WG-001,2026-03-01T00:45:00Z,225.942,37.837,33.960,ok,demo-generator,4
WG-001,2026-03-01T01:00:00Z,226.089,37.767,34.771,ok,demo-generator,5
WG-001,2026-03-01T01:15:00Z,226.149,36.146,34.135,ok,demo-generator,6
WG-001,2026-03-01T01:30:00Z,226.198,37.008,35.512,ok,demo-generator,7
WG-001,2026-03-01T01:45:00Z,226.954,33.280,34.303,ok,demo-generator,8
WG-001,2026-03-01T02:00:00Z,226.946,33.453,34.749,ok,demo-generator,9
WG-001,2026-03-01T02:15:00Z,227.131,32.633,36.481,ok,demo-generator,10
WG-001,2026-03-01T02:30:00Z,227.367,30.215,35.213,ok,demo-generator,11
WG-001,2026-03-01T02:45:00Z,227.463,31.820,36.165,ok,demo-generator,12
WG-001,2026-03-01T03:00:00Z,227.144,30.910,35.657,ok,demo-generator,13
WG-001,2026-03-01T03:15:00Z,227.616,28.663,35.071,ok,demo-generator,14
WG-001,2026-03-01T03:30:00Z,227.983,27.923,37.069,ok,demo-generator,15
WG-001,2026-03-01T03:45:00Z,227.769,28.007,37.388,ok,demo-generator,16
WG-001,2026-03-01T04:00:00Z,227.206,30.585,37.024,ok,demo-generator,17
WG-001,2026-03-01T04:15:00Z,227.041,29.985,38.803,ok,demo-generator,18
WG-001,2026-03-01T04:30:00Z,227.317,28.497,38.354,ok,demo-generator,19
WG-001,2026-03-01T04:45:00Z,226.977,30.531,39.351,ok,demo-generator,20
WG-001,2026-03-01T05:00:00Z,227.249,31.154,38.874,ok,demo-generator,21
WG-001,2026-03-01T05:15:00Z,226.747,31.591,39.482,ok,demo-generator,22
WG-001,2026-03-01T05:30:00Z,226.925,30.230,41.250,ok,demo-generator,23
WG-001,2026-03-01T05:45:00Z,226.471,33.611,41.210,ok,demo-generator,24
WG-001,2026-03-01T06:00:00Z,226.558,32.198,42.807,ok,demo-generator,25
WG-001,2026-03-01T06:15:00Z,226.239,34.630,42.397,ok,demo-generator,26
WG-001,2026-03-01T06:30:00Z,225.859,35.103,42.567,ok,demo-generator,27
WG-001,2026-03-01T06:45:00Z,224.886,37.854,43.491,ok,demo-generator,28
WG-001,2026-03-01T07:00:00Z,225.268,35.687,44.728,ok,demo-generator,29
WG-001,2026-03-01T07:15:00Z,224.875,37.894,44.653,ok,demo-generator,30
WG-001,2026-03-01T07:30:00Z,225.037,38.180,44.874,ok,demo-generator,31
WG-001,2026-03-01T07:45:00Z,224.706,39.874,46.358,ok,demo-generator,32
WG-001,2026-03-01T08:00:00Z,223.866,41.697,45.863,ok,demo-generator,33
WG-001,2026-03-01T08:15:00Z,223.832,41.132,47.087,ok,demo-generator,34
WG-001,2026-03-01T08:30:00Z,223.440,42.162,47.303,ok,demo-generator,35
WG-001,2026-03-01T08:45:00Z,223.611,43.778,46.748,ok,demo-generator,36
WG-001,2026-03-01T09:00:00Z,223.249,43.405,48.257,ok,demo-generator,37
WG-001,2026-03-01T09:15:00Z,222.905,45.324,47.123,ok,demo-generator,38
WG-001,2026-03-01T09:30:00Z,222.161,46.387,48.731,ok,demo-generator,39
WG-001,2026-03-01T09:45:00Z,221.978,48.089,48.579,ok,demo-generator,40
WG-001,2026-03-01T10:00:00Z,222.146,45.877,48.597,ok,demo-generator,41
WG-001,2026-03-01T10:15:00Z,221.742,47.156,47.643,ok,demo-generator,42
WG-001,2026-03-01T10:30:00Z,221.834,48.543,49.027,ok,demo-generator,43
WG-001,2026-03-01T10:45:00Z,221.444,48.298,48.195,ok,demo-generator,44
WG-001,2026-03-01T11:00:00Z,221.934,47.556,47.881,ok,demo-generator,45
WG-001,2026-03-01T11:15:00Z,221.429,47.690,46.716,ok,demo-generator,46
WG-001,2026-03-01T11:30:00Z,221.143,49.877,48.528,ok,demo-generator,47
WG-001,2026-03-01T11:45:00Z,221.104,48.606,47.642,ok,demo-generator,48
WG-001,2026-03-01T12:00:00Z,221.531,47.631,47.248,ok,demo-generator,49
WG-001,2026-03-01T12:15:00Z,220.585,50.287,46.799,ok,demo-generator,50
WG-001,2026-03-01T12:30:00Z,221.397,47.589,45.220,ok,demo-generator,51
WG-001,2026-03-01T12:45:00Z,220.561,49.991,46.406,ok,demo-generator,52
WG-001,2026-03-01T13:00:00Z,221.206,47.144,45.221,ok,demo-generator,53
WG-001,2026-03-01T13:15:00Z,220.717,48.250,45.418,ok,demo-generator,54
WG-001,2026-03-01T13:30:00Z,220.745,49.745,45.594,ok,demo-generator,55
WG-001,2026-03-01T13:45:00Z,221.260,48.575,45.352,ok,demo-generator,56
WG-001,2026-03-01T14:00:00Z,221.075,49.778,44.591,ok,demo-generator,57
WG-001,2026-03-01T14:15:00Z,220.909,49.140,43.109,ok,demo-generator,58
WG-001,2026-03-01T14:30:00Z,220.567,49.967,43.974,ok,demo-generator,59
WG-001,2026-03-01T14:45:00Z,221.082,49.409,41.979,ok,demo-generator,60
WG-001,2026-03-01T15:00:00Z,220.467,51.144,42.099,ok,demo-generator,61
WG-001,2026-03-01T15:15:00Z,220.410,52.096,43.422,ok,demo-generator,62
WG-001,2026-03-01T15:30:00Z,221.159,49.339,41.205,ok,demo-generator,63
WG-001,2026-03-01T15:45:00Z,220.265,51.836,40.475,ok,demo-generator,64
WG-001,2026-03-01T16:00:00Z,220.439,52.253,40.894,ok,demo-generator,65
WG-001,2026-03-01T16:15:00Z,220.804,52.671,40.400,ok,demo-generator,66
WG-001,2026-03-01T16:30:00Z,220.277,53.197,40.543,ok,demo-generator,67
WG-001,2026-03-01T16:45:00Z,220.859,52.850,40.650,ok,demo-generator,68
WG-001,2026-03-01T17:00:00Z,220.654,53.309,39.185,ok,demo-generator,69
WG-001,2026-03-01T17:15:00Z,220.138,55.839,39.951,ok,demo-generator,70
WG-001,2026-03-01T17:30:00Z,220.843,53.967,40.156,ok,demo-generator,71
WG-001,2026-03-01T17:45:00Z,220.266,56.482,39.421,ok,demo-generator,72
WG-001,2026-03-01T18:00:00Z,219.791,58.663,40.246,ok,demo-generator,73
WG-001,2026-03-01T18:15:00Z,220.522,58.464,38.756,ok,demo-generator,74
WG-001,2026-03-01T18:30:00Z,219.922,59.031,39.266,ok,demo-generator,75
WG-001,2026-03-01T18:45:00Z,220.495,57.264,38.114,ok,demo-generator,76
WG-001,2026-03-01T19:00:00Z,220.159,58.784,39.218,ok,demo-generator,77
WG-001,2026-03-01T19:15:00Z,220.387,58.492,38.575,ok,demo-generator,78
WG-001,2026-03-01T19:30:00Z,220.227,60.551,38.967,ok,demo-generator,79
WG-001,2026-03-01T19:45:00Z,221.019,58.877,38.738,ok,demo-generator,80
WG-001,2026-03-01T20:00:00Z,220.482,59.248,38.953,ok,demo-generator,81
WG-001,2026-03-01T20:15:00Z,220.990,60.436,37.480,ok,demo-generator,82
WG-001,2026-03-01T20:30:00Z,221.355,56.944,38.055,ok,demo-generator,83
WG-001,2026-03-01T20:45:00Z,221.162,59.347,37.091,ok,demo-generator,84
WG-001,2026-03-01T21:00:00Z,221.145,59.305,37.670,ok,demo-generator,85
WG-001,2026-03-01T21:15:00Z,222.003,56.584,38.063,ok,demo-generator,86
WG-001,2026-03-01T21:30:00Z,222.134,56.596,36.191,ok,demo-generator,87
WG-001,2026-03-01T21:45:00Z,222.605,55.114,36.925,ok,demo-generator,88
WG-001,2026-03-01T22:00:00Z,221.968,55.967,36.438,ok,demo-generator,89
WG-001,2026-03-01T22:15:00Z,223.110,53.558,36.659,ok,demo-generator,90
WG-001,2026-03-01T22:30:00Z,223.167,52.517,36.942,ok,demo-generator,91
WG-001,2026-03-01T22:45:00Z,223.296,52.296,37.107,ok,demo-generator,92
WG-001,2026-03-01T23:00:00Z,223.741,51.329,37.364,ok,demo-generator,93
WG-001,2026-03-01T23:15:00Z,223.770,49.608,36.157,ok,demo-generator,94
WG-001,2026-03-01T23:30:00Z,224.578,46.347,34.483,ok,demo-generator,95
WG-001,2026-03-01T23:45:00Z,224.712,44.099,34.256,ok,demo-generator,96
WG-001,2026-03-02T00:00:00Z,225.053,42.197,34.219,ok,demo-generator,97
WG-001,2026-03-02T00:15:00Z,225.453,42.805,34.171,ok,demo-generator,98
WG-001,2026-03-02T00:30:00Z,225.100,42.158,35.949,ok,demo-generator,99
WG-001,2026-03-02T00:45:00Z,225.960,38.843,35.854,ok,demo-generator,100
WG-001,2026-03-02T01:00:00Z,225.824,38.554,34.083,ok,demo-generator,101
WG-001,2026-03-02T01:15:00Z,226.231,36.915,35.579,ok,demo-generator,102
WG-001,2026-03-02T01:30:00Z,226.217,36.071,35.742,ok,demo-generator,103
WG-001,2026-03-02T01:45:00Z,226.986,33.072,35.335,ok,demo-generator,104
WG-001,2026-03-02T02:00:00Z,227.041,32.444,35.304,ok,demo-generator,105
WG-001,2026-03-02T02:15:00Z,227.529,32.093,35.443,ok,demo-generator,106
WG-001,2026-03-02T02:30:00Z,227.302,31.132,35.059,ok,demo-generator,107
WG-001,2026-03-02T02:45:00Z,227.756,29.883,35.621,ok,demo-generator,108
WG-001,2026-03-02T03:00:00Z,227.667,28.765,34.648,ok,demo-generator,109
WG-001,2026-03-02T03:15:00Z,227.152,31.500,37.301,ok,demo-generator,110
WG-001,2026-03-02T03:30:00Z,227.550,30.991,36.547,ok,demo-generator,111
WG-001,2026-03-02T03:45:00Z,227.404,30.637,37.743,ok,demo-generator,112
WG-001,2026-03-02T04:00:00Z,227.009,30.425,37.596,ok,demo-generator,113
WG-001,2026-03-02T04:15:00Z,227.213,29.489,38.040,ok,demo-generator,114
WG-001,2026-03-02T04:30:00Z,227.356,28.125,37.945,ok,demo-generator,115
WG-001,2026-03-02T04:45:00Z,226.972,30.124,38.510,ok,demo-generator,116
WG-001,2026-03-02T05:00:00Z,227.108,30.708,39.444,ok,demo-generator,117
WG-001,2026-03-02T05:15:00Z,226.563,32.360,41.618,ok,demo-generator,118
WG-001,2026-03-02T05:30:00Z,226.176,32.885,41.186,ok,demo-generator,119
WG-001,2026-03-02T05:45:00Z,226.903,30.955,40.783,ok,demo-generator,120
WG-001,2026-03-02T06:00:00Z,226.355,33.084,42.225,ok,demo-generator,121
WG-001,2026-03-02T06:15:00Z,225.867,34.237,41.889,ok,demo-generator,122
WG-001,2026-03-02T06:30:00Z,225.324,35.870,44.207,ok,demo-generator,123
WG-001,2026-03-02T06:45:00Z,225.149,36.014,43.697,ok,demo-generator,124
WG-001,2026-03-02T07:00:00Z,225.103,35.804,43.696,ok,demo-generator,125
WG-001,2026-03-02T07:15:00Z,224.834,37.017,45.622,ok,demo-generator,126
WG-001,2026-03-02T07:30:00Z,224.364,40.610,46.823,ok,demo-generator,127
WG-001,2026-03-02T07:45:00Z,224.433,41.398,46.209,ok,demo-generator,128
WG-001,2026-03-02T08:00:00Z,224.006,40.137,45.945,ok,demo-generator,129
WG-001,2026-03-02T08:15:00Z,223.404,43.719,46.975,ok,demo-generator,130
WG-001,2026-03-02T08:30:00Z,223.487,41.612,46.887,ok,demo-generator,131
WG-001,2026-03-02T08:45:00Z,223.378,44.308,47.710,ok,demo-generator,132
WG-001,2026-03-02T09:00:00Z,222.948,44.241,47.071,ok,demo-generator,133
WG-001,2026-03-02T09:15:00Z,223.109,44.239,47.604,ok,demo-generator,134
WG-001,2026-03-02T09:30:00Z,223.028,44.939,47.858,ok,demo-generator,135
WG-001,2026-03-02T09:45:00Z,222.304,46.238,49.251,ok,demo-generator,136
WG-001,2026-03-02T10:00:00Z,222.549,46.725,47.553,ok,demo-generator,137
WG-001,2026-03-02T10:15:00Z,221.587,48.664,49.637,ok,demo-generator,138
WG-001,2026-03-02T10:30:00Z,221.926,46.664,48.300,ok,demo-generator,139
WG-001,2026-03-02T10:45:00Z,221.286,48.718,47.827,ok,demo-generator,140
WG-001,2026-03-02T11:00:00Z,221.130,49.343,47.687,ok,demo-generator,141
WG-001,2026-03-02T11:15:00Z,222.063,46.837,47.328,ok,demo-generator,142
WG-001,2026-03-02T11:30:00Z,221.657,47.607,46.741,ok,demo-generator,143
WG-001,2026-03-02T11:45:00Z,221.516,47.899,46.686,ok,demo-generator,144
WG-001,2026-03-02T12:00:00Z,221.311,50.261,46.654,ok,demo-generator,145
WG-001,2026-03-02T12:15:00Z,221.552,47.783,46.491,ok,demo-generator,146
WG-001,2026-03-02T12:30:00Z,220.916,49.849,46.540,ok,demo-generator,147
WG-001,2026-03-02T12:45:00Z,220.546,49.770,46.643,ok,demo-generator,148
WG-001,2026-03-02T13:00:00Z,221.026,50.431,45.111,ok,demo-generator,149
WG-001,2026-03-02T13:15:00Z,220.849,47.950,44.731,ok,demo-generator,150
WG-001,2026-03-02T13:30:00Z,220.740,48.029,44.712,ok,demo-generator,151
WG-001,2026-03-02T13:45:00Z,220.671,50.533,45.189,ok,demo-generator,152
WG-001,2026-03-02T14:00:00Z,220.704,49.244,44.376,ok,demo-generator,153
WG-001,2026-03-02T14:15:00Z,221.164,48.451,43.787,ok,demo-generator,154
WG-001,2026-03-02T14:30:00Z,220.370,50.452,44.387,ok,demo-generator,155
WG-001,2026-03-02T14:45:00Z,220.373,50.511,43.820,ok,demo-generator,156
WG-001,2026-03-02T15:00:00Z,220.845,51.078,42.279,ok,demo-generator,157
WG-001,2026-03-02T15:15:00Z,220.684,48.926,41.054,ok,demo-generator,158
WG-001,2026-03-02T15:30:00Z,220.328,52.706,41.257,ok,demo-generator,159
WG-001,2026-03-02T15:45:00Z,220.656,53.249,41.389,ok,demo-generator,160
WG-001,2026-03-02T16:00:00Z,220.610,52.921,41.870,ok,demo-generator,161
WG-001,2026-03-02T16:15:00Z,220.523,51.900,41.458,ok,demo-generator,162
WG-001,2026-03-02T16:30:00Z,220.940,52.045,39.710,ok,demo-generator,163
WG-001,2026-03-02T16:45:00Z,220.763,53.917,39.727,ok,demo-generator,164
WG-001,2026-03-02T17:00:00Z,220.244,56.210,39.954,ok,demo-generator,165
WG-001,2026-03-02T17:15:00Z,220.335,56.553,39.968,ok,demo-generator,166
WG-001,2026-03-02T17:30:00Z,220.065,56.858,40.325,ok,demo-generator,167
WG-001,2026-03-02T17:45:00Z,220.582,56.953,40.172,ok,demo-generator,168
WG-001,2026-03-02T18:00:00Z,220.277,57.673,38.895,ok,demo-generator,169
WG-001,2026-03-02T18:15:00Z,220.166,57.032,38.638,ok,demo-generator,170
WG-001,2026-03-02T18:30:00Z,220.862,57.083,38.745,ok,demo-generator,171
WG-001,2026-03-02T18:45:00Z,220.951,56.639,37.411,ok,demo-generator,172
WG-001,2026-03-02T19:00:00Z,220.398,57.602,37.440,ok,demo-generator,173
WG-001,2026-03-02T19:15:00Z,220.246,59.867,37.856,ok,demo-generator,174
WG-001,2026-03-02T19:30:00Z,221.139,57.735,37.660,ok,demo-generator,175
WG-001,2026-03-02T19:45:00Z,220.791,57.450,38.034,ok,demo-generator,176
WG-001,2026-03-02T20:00:00Z,220.874,59.200,38.598,ok,demo-generator,177
WG-001,2026-03-02T20:15:00Z,220.910,59.850,37.988,ok,demo-generator,178
WG-001,2026-03-02T20:30:00Z,221.405,58.386,36.753,ok,demo-generator,179
WG-001,2026-03-02T20:45:00Z,221.889,56.708,37.718,ok,demo-generator,180
WG-001,2026-03-02T21:00:00Z,221.374,58.687,36.982,ok,demo-generator,181
WG-001,2026-03-02T21:15:00Z,221.586,58.455,37.756,ok,demo-generator,182
WG-001,2026-03-02T21:30:00Z,221.977,57.685,37.113,ok,demo-generator,183
WG-001,2026-03-02T21:45:00Z,222.751,54.374,37.324,ok,demo-generator,184
WG-001,2026-03-02T22:00:00Z,223.047,53.258,37.359,ok,demo-generator,185
WG-001,2026-03-02T22:15:00Z,222.882,52.647,35.456,ok,demo-generator,186
WG-001,2026-03-02T22:30:00Z,223.218,51.424,36.495,ok,demo-generator,187
WG-001,2026-03-02T22:45:00Z,223.004,51.233,35.922,ok,demo-generator,188
WG-001,2026-03-02T23:00:00Z,223.930,50.029,36.559,ok,demo-generator,189
WG-001,2026-03-02T23:15:00Z,223.900,47.832,36.472,ok,demo-generator,190
WG-001,2026-03-02T23:30:00Z,224.039,47.926,36.406,ok,demo-generator,191
WG-001,2026-03-02T23:45:00Z,224.684,44.645,36.171,ok,demo-generator,192
WG-002,2026-03-01T00:00:00Z,222.605,51.591,37.605,ok,demo-generator,1
WG-002,2026-03-01T00:15:00Z,222.255,51.563,38.783,ok,demo-generator,2
WG-002,2026-03-01T00:30:00Z,222.008,54.823,38.682,ok,demo-generator,3
WG-002,2026-03-01T00:45:00Z,222.574,53.214,38.895,ok,demo-generator,4
WG-002,2026-03-01T01:00:00Z,222.257,55.327,40.131,ok,demo-generator,5
WG-002,2026-03-01T01:15:00Z,222.895,54.060,39.432,ok,demo-generator,6
WG-002,2026-03-01T01:30:00Z,222.314,55.471,40.813,ok,demo-generator,7
WG-002,2026-03-01T01:45:00Z,222.527,56.025,41.737,ok,demo-generator,8
WG-002,2026-03-01T02:00:00Z,222.862,53.254,41.426,ok,demo-generator,9
WG-002,2026-03-01T02:15:00Z,222.961,53.370,41.474,ok,demo-generator,10
WG-002,2026-03-01T02:30:00Z,222.640,54.744,42.811,ok,demo-generator,11
WG-002,2026-03-01T02:45:00Z,223.236,55.403,43.577,ok,demo-generator,12
WG-002,2026-03-01T03:00:00Z,223.249,54.327,43.493,ok,demo-generator,13
WG-002,2026-03-01T03:15:00Z,223.058,54.547,43.739,ok,demo-generator,14
WG-002,2026-03-01T03:30:00Z,223.438,54.865,45.347,ok,demo-generator,15
WG-002,2026-03-01T03:45:00Z,223.207,55.053,44.722,ok,demo-generator,16
WG-002,2026-03-01T04:00:00Z,223.498,54.546,45.036,ok,demo-generator,17
WG-002,2026-03-01T04:15:00Z,223.213,55.914,45.274,ok,demo-generator,18
WG-002,2026-03-01T04:30:00Z,223.509,53.689,45.821,ok,demo-generator,19
WG-002,2026-03-01T04:45:00Z,222.766,56.874,47.768,ok,demo-generator,20
WG-002,2026-03-01T05:00:00Z,223.133,55.421,47.090,ok,demo-generator,21
WG-002,2026-03-01T05:15:00Z,223.194,55.958,48.119,ok,demo-generator,22
WG-002,2026-03-01T05:30:00Z,223.370,55.997,49.013,ok,demo-generator,23
WG-002,2026-03-01T05:45:00Z,223.602,55.602,49.586,ok,demo-generator,24
WG-002,2026-03-01T06:00:00Z,222.786,57.360,48.632,ok,demo-generator,25
WG-002,2026-03-01T06:15:00Z,222.912,56.685,50.426,ok,demo-generator,26
WG-002,2026-03-01T06:30:00Z,222.845,58.245,51.296,ok,demo-generator,27
WG-002,2026-03-01T06:45:00Z,222.500,58.501,51.146,ok,demo-generator,28
WG-002,2026-03-01T07:00:00Z,222.107,61.739,52.964,ok,demo-generator,29
WG-002,2026-03-01T07:15:00Z,221.968,61.527,51.273,ok,demo-generator,30
WG-002,2026-03-01T07:30:00Z,221.745,61.489,51.424,ok,demo-generator,31
WG-002,2026-03-01T07:45:00Z,222.050,60.793,52.457,ok,demo-generator,32
WG-002,2026-03-01T08:00:00Z,221.377,63.654,53.768,ok,demo-generator,33
WG-002,2026-03-01T08:15:00Z,221.423,64.355,52.922,ok,demo-generator,34
WG-002,2026-03-01T08:30:00Z,221.594,63.070,54.207,ok,demo-generator,35
WG-002,2026-03-01T08:45:00Z,221.649,63.533,53.122,ok,demo-generator,36
WG-002,2026-03-01T09:00:00Z,221.362,63.527,54.761,ok,demo-generator,37
WG-002,2026-03-01T09:15:00Z,221.163,63.590,54.498,ok,demo-generator,38
WG-002,2026-03-01T09:30:00Z,220.357,66.342,54.565,ok,demo-generator,39
WG-002,2026-03-01T09:45:00Z,220.290,65.935,55.295,ok,demo-generator,40
WG-002,2026-03-01T10:00:00Z,220.556,65.943,54.614,ok,demo-generator,41
WG-002,2026-03-01T10:15:00Z,220.027,67.041,54.855,ok,demo-generator,42
WG-002,2026-03-01T10:30:00Z,220.204,67.642,55.354,ok,demo-generator,43
WG-002,2026-03-01T10:45:00Z,220.455,64.597,53.946,ok,demo-generator,44
WG-002,2026-03-01T11:00:00Z,220.367,65.953,52.520,ok,demo-generator,45
WG-002,2026-03-01T11:15:00Z,220.391,63.626,53.167,ok,demo-generator,46
WG-002,2026-03-01T11:30:00Z,220.291,64.358,51.748,ok,demo-generator,47
WG-002,2026-03-01T11:45:00Z,219.561,65.371,51.638,ok,demo-generator,48
WG-002,2026-03-01T12:00:00Z,219.753,63.670,51.265,ok,demo-generator,49
WG-002,2026-03-01T12:15:00Z,220.553,60.350,50.646,ok,demo-generator,50
WG-002,2026-03-01T12:30:00Z,220.327,60.728,50.749,ok,demo-generator,51
WG-002,2026-03-01T12:45:00Z,219.687,61.562,49.799,ok,demo-generator,52
WG-002,2026-03-01T13:00:00Z,220.848,57.469,48.232,ok,demo-generator,53
WG-002,2026-03-01T13:15:00Z,220.689,57.687,48.917,ok,demo-generator,54
WG-002,2026-03-01T13:30:00Z,220.614,55.827,47.004,ok,demo-generator,55
WG-002,2026-03-01T13:45:00Z,221.115,53.329,45.982,ok,demo-generator,56
WG-002,2026-03-01T14:00:00Z,220.836,53.523,44.679,ok,demo-generator,57
WG-002,2026-03-01T14:15:00Z,220.931,51.923,44.488,ok,demo-generator,58
WG-002,2026-03-01T14:30:00Z,221.251,48.972,43.512,ok,demo-generator,59
WG-002,2026-03-01T14:45:00Z,221.123,50.185,42.625,ok,demo-generator,60
WG-002,2026-03-01T15:00:00Z,221.463,46.750,41.527,ok,demo-generator,61
WG-002,2026-03-01T15:15:00Z,221.344,46.327,40.299,ok,demo-generator,62
WG-002,2026-03-01T15:30:00Z,222.143,44.254,38.869,ok,demo-generator,63
WG-002,2026-03-01T15:45:00Z,222.270,42.207,38.419,ok,demo-generator,64
WG-002,2026-03-01T16:00:00Z,222.178,40.494,38.345,ok,demo-generator,65
WG-002,2026-03-01T16:15:00Z,222.186,41.924,38.253,ok,demo-generator,66
WG-002,2026-03-01T16:30:00Z,222.680,39.526,36.058,ok,demo-generator,67
WG-002,2026-03-01T16:45:00Z,222.251,39.982,35.153,ok,demo-generator,68
WG-002,2026-03-01T17:00:00Z,222.705,38.330,34.544,ok,demo-generator,69
WG-002,2026-03-01T17:15:00Z,222.816,38.749,35.255,ok,demo-generator,70
WG-002,2026-03-01T17:30:00Z,222.876,36.784,34.188,degraded,demo-generator,71
WG-002,2026-03-01T17:45:00Z,222.378,36.310,33.564,degraded,demo-generator,72
WG-002,2026-03-01T18:00:00Z,222.076,36.808,34.093,degraded,demo-generator,73
WG-002,2026-03-01T18:15:00Z,223.707,35.678,33.162,degraded,demo-generator,74
WG-002,2026-03-01T18:30:00Z,221.765,36.209,32.753,degraded,demo-generator,75
WG-002,2026-03-01T18:45:00Z,223.218,34.785,31.183,degraded,demo-generator,76
WG-002,2026-03-01T19:00:00Z,224.157,35.245,31.219,degraded,demo-generator,77
WG-002,2026-03-01T19:15:00Z,223.828,36.787,32.795,degraded,demo-generator,78
WG-002,2026-03-01T19:30:00Z,222.383,36.786,31.547,degraded,demo-generator,79
WG-002,2026-03-01T19:45:00Z,223.742,36.600,30.955,degraded,demo-generator,80
WG-002,2026-03-01T20:00:00Z,222.383,39.345,32.498,degraded,demo-generator,81
WG-002,2026-03-01T20:15:00Z,223.554,39.709,31.974,degraded,demo-generator,82
WG-002,2026-03-01T20:30:00Z,223.972,38.604,31.899,degraded,demo-generator,83
WG-002,2026-03-01T20:45:00Z,222.098,41.873,33.596,degraded,demo-generator,84
WG-002,2026-03-01T21:00:00Z,223.512,43.677,32.604,degraded,demo-generator,85
WG-002,2026-03-01T21:15:00Z,222.041,41.672,32.540,degraded,demo-generator,86
WG-002,2026-03-01T21:30:00Z,222.759,44.150,32.967,degraded,demo-generator,87
WG-002,2026-03-01T21:45:00Z,223.765,45.246,33.532,degraded,demo-generator,88
WG-002,2026-03-01T22:00:00Z,221.655,46.924,35.051,degraded,demo-generator,89
WG-002,2026-03-01T22:15:00Z,221.753,45.451,34.626,degraded,demo-generator,90
WG-002,2026-03-01T22:30:00Z,223.286,48.280,35.376,degraded,demo-generator,91
WG-002,2026-03-01T22:45:00Z,223.834,48.026,34.156,degraded,demo-generator,92
WG-002,2026-03-01T23:00:00Z,222.059,49.433,36.581,ok,demo-generator,93
WG-002,2026-03-01T23:15:00Z,222.621,50.505,35.737,ok,demo-generator,94
WG-002,2026-03-01T23:30:00Z,222.837,49.495,37.420,ok,demo-generator,95
WG-002,2026-03-01T23:45:00Z,222.421,51.197,37.862,ok,demo-generator,96
WG-002,2026-03-02T00:00:00Z,222.410,52.489,37.237,ok,demo-generator,97
WG-002,2026-03-02T00:15:00Z,222.320,53.763,39.579,ok,demo-generator,98
WG-002,2026-03-02T00:30:00Z,222.424,54.635,39.514,ok,demo-generator,99
WG-002,2026-03-02T00:45:00Z,222.544,52.580,39.125,ok,demo-generator,100
WG-002,2026-03-02T01:00:00Z,222.526,54.526,40.032,ok,demo-generator,101
WG-002,2026-03-02T01:15:00Z,222.531,54.338,40.333,ok,demo-generator,102
WG-002,2026-03-02T01:30:00Z,222.870,53.954,40.187,ok,demo-generator,103
WG-002,2026-03-02T01:45:00Z,222.409,56.079,41.754,ok,demo-generator,104
WG-002,2026-03-02T02:00:00Z,222.579,55.667,41.432,ok,demo-generator,105
WG-002,2026-03-02T02:15:00Z,222.962,55.251,42.323,ok,demo-generator,106
WG-002,2026-03-02T02:30:00Z,222.567,55.251,41.786,ok,demo-generator,107
WG-002,2026-03-02T02:45:00Z,223.284,54.653,42.846,ok,demo-generator,108
WG-002,2026-03-02T03:00:00Z,223.630,53.267,42.290,ok,demo-generator,109
WG-002,2026-03-02T03:15:00Z,223.445,53.399,43.602,ok,demo-generator,110
WG-002,2026-03-02T03:30:00Z,223.310,53.764,45.087,ok,demo-generator,111
WG-002,2026-03-02T03:45:00Z,223.087,54.386,43.934,ok,demo-generator,112
WG-002,2026-03-02T04:00:00Z,223.015,55.534,45.217,ok,demo-generator,113
WG-002,2026-03-02T04:15:00Z,222.923,56.717,46.049,ok,demo-generator,114
WG-002,2026-03-02T04:30:00Z,223.834,54.170,47.309,ok,demo-generator,115
WG-002,2026-03-02T04:45:00Z,223.368,56.146,48.071,ok,demo-generator,116
WG-002,2026-03-02T05:00:00Z,223.508,54.558,47.883,ok,demo-generator,117
WG-002,2026-03-02T05:15:00Z,223.493,54.969,47.288,ok,demo-generator,118
WG-002,2026-03-02T05:30:00Z,223.535,55.475,48.551,ok,demo-generator,119
WG-002,2026-03-02T05:45:00Z,223.100,56.042,49.344,ok,demo-generator,120
WG-002,2026-03-02T06:00:00Z,223.049,57.584,50.514,ok,demo-generator,121
WG-002,2026-03-02T06:15:00Z,222.953,56.760,50.582,ok,demo-generator,122
WG-002,2026-03-02T06:30:00Z,222.610,58.338,49.866,ok,demo-generator,123
WG-002,2026-03-02T06:45:00Z,222.991,57.991,51.786,ok,demo-generator,124
WG-002,2026-03-02T07:00:00Z,222.546,61.432,51.230,ok,demo-generator,125
WG-002,2026-03-02T07:15:00Z,222.366,60.963,52.469,ok,demo-generator,126
WG-002,2026-03-02T07:30:00Z,222.000,59.925,52.369,ok,demo-generator,127
WG-002,2026-03-02T07:45:00Z,221.965,60.316,51.432,ok,demo-generator,128
WG-002,2026-03-02T08:00:00Z,221.678,63.971,53.740,ok,demo-generator,129
WG-002,2026-03-02T08:15:00Z,221.470,64.510,53.267,ok,demo-generator,130
WG-002,2026-03-02T08:30:00Z,221.601,63.109,52.566,ok,demo-generator,131
WG-002,2026-03-02T08:45:00Z,221.021,64.914,53.046,ok,demo-generator,132
WG-002,2026-03-02T09:00:00Z,221.437,63.999,52.900,ok,demo-generator,133
WG-002,2026-03-02T09:15:00Z,221.218,65.048,53.925,ok,demo-generator,134
WG-002,2026-03-02T09:30:00Z,220.440,67.183,54.145,ok,demo-generator,135
WG-002,2026-03-02T09:45:00Z,220.549,64.867,53.622,ok,demo-generator,136
WG-002,2026-03-02T10:00:00Z,220.367,65.744,55.169,ok,demo-generator,137
WG-002,2026-03-02T10:15:00Z,220.935,64.541,53.025,ok,demo-generator,138
WG-002,2026-03-02T10:30:00Z,220.528,65.488,54.426,ok,demo-generator,139
WG-002,2026-03-02T10:45:00Z,220.172,66.631,52.964,ok,demo-generator,140
WG-002,2026-03-02T11:00:00Z,220.164,65.731,52.717,ok,demo-generator,141
WG-002,2026-03-02T11:15:00Z,220.371,63.574,53.180,ok,demo-generator,142
WG-002,2026-03-02T11:30:00Z,220.356,63.635,51.926,ok,demo-generator,143
WG-002,2026-03-02T11:45:00Z,220.388,63.614,51.397,ok,demo-generator,144
WG-002,2026-03-02T12:00:00Z,220.167,63.498,51.180,ok,demo-generator,145
WG-002,2026-03-02T12:15:00Z,219.993,61.932,51.573,ok,demo-generator,146
WG-002,2026-03-02T12:30:00Z,220.560,59.543,49.074,ok,demo-generator,147
WG-002,2026-03-02T12:45:00Z,219.971,61.274,50.054,ok,demo-generator,148
WG-002,2026-03-02T13:00:00Z,220.704,57.884,49.001,ok,demo-generator,149
WG-002,2026-03-02T13:15:00Z,220.606,57.527,47.380,ok,demo-generator,150
WG-002,2026-03-02T13:30:00Z,220.300,55.960,46.473,ok,demo-generator,151
WG-002,2026-03-02T13:45:00Z,220.251,55.760,46.344,ok,demo-generator,152
WG-002,2026-03-02T14:00:00Z,220.903,53.458,44.467,ok,demo-generator,153
WG-002,2026-03-02T14:15:00Z,220.811,52.851,43.619,ok,demo-generator,154
WG-002,2026-03-02T14:30:00Z,221.309,49.221,42.860,ok,demo-generator,155
WG-002,2026-03-02T14:45:00Z,221.406,48.348,42.604,ok,demo-generator,156
WG-002,2026-03-02T15:00:00Z,221.185,47.482,41.981,ok,demo-generator,157
WG-002,2026-03-02T15:15:00Z,222.073,44.391,39.118,ok,demo-generator,158
WG-002,2026-03-02T15:30:00Z,222.080,43.148,40.048,ok,demo-generator,159
WG-002,2026-03-02T15:45:00Z,222.140,41.947,39.029,ok,demo-generator,160
WG-002,2026-03-02T16:00:00Z,222.372,42.512,37.609,ok,demo-generator,161
WG-002,2026-03-02T16:15:00Z,222.205,41.844,38.291,ok,demo-generator,162
WG-002,2026-03-02T16:30:00Z,222.252,40.241,37.059,ok,demo-generator,163
WG-002,2026-03-02T16:45:00Z,222.573,37.549,35.397,ok,demo-generator,164
WG-002,2026-03-02T17:00:00Z,222.564,39.658,34.980,ok,demo-generator,165
WG-002,2026-03-02T17:15:00Z,222.414,38.221,34.249,ok,demo-generator,166
WG-002,2026-03-02T17:30:00Z,222.975,37.227,33.717,ok,demo-generator,167
WG-002,2026-03-02T17:45:00Z,223.162,36.981,33.005,ok,demo-generator,168
WG-002,2026-03-02T18:00:00Z,223.071,37.488,34.030,ok,demo-generator,169
WG-002,2026-03-02T18:15:00Z,223.468,34.685,31.147,ok,demo-generator,170
WG-002,2026-03-02T18:30:00Z,222.811,36.088,31.761,ok,demo-generator,171
WG-002,2026-03-02T18:45:00Z,222.583,37.768,33.136,ok,demo-generator,172
WG-002,2026-03-02T19:00:00Z,222.760,37.191,33.134,ok,demo-generator,173
WG-002,2026-03-02T19:15:00Z,223.191,37.663,31.808,ok,demo-generator,174
WG-002,2026-03-02T19:30:00Z,223.261,35.597,31.349,ok,demo-generator,175
WG-002,2026-03-02T19:45:00Z,222.869,37.467,32.201,ok,demo-generator,176
WG-002,2026-03-02T20:00:00Z,223.049,37.395,31.822,ok,demo-generator,177
WG-002,2026-03-02T20:15:00Z,222.620,40.023,32.921,ok,demo-generator,178
WG-002,2026-03-02T20:30:00Z,222.903,41.722,32.358,ok,demo-generator,179
WG-002,2026-03-02T20:45:00Z,223.027,39.761,31.548,ok,demo-generator,180
WG-002,2026-03-02T21:00:00Z,222.938,41.535,33.253,ok,demo-generator,181
WG-002,2026-03-02T21:15:00Z,222.768,44.280,33.230,ok,demo-generator,182
WG-002,2026-03-02T21:30:00Z,222.741,43.427,33.535,ok,demo-generator,183
WG-002,2026-03-02T21:45:00Z,222.752,43.878,34.190,ok,demo-generator,184
WG-002,2026-03-02T22:00:00Z,222.937,44.548,32.883,ok,demo-generator,185
WG-002,2026-03-02T22:15:00Z,222.487,45.598,33.717,ok,demo-generator,186
WG-002,2026-03-02T22:30:00Z,222.061,49.319,36.074,ok,demo-generator,187
WG-002,2026-03-02T22:45:00Z,222.785,48.154,35.459,ok,demo-generator,188
WG-002,2026-03-02T23:00:00Z,222.490,49.028,36.408,ok,demo-generator,189
WG-002,2026-03-02T23:15:00Z,222.383,49.793,35.867,ok,demo-generator,190
WG-002,2026-03-02T23:30:00Z,222.214,52.712,37.790,ok,demo-generator,191
WG-002,2026-03-02T23:45:00Z,222.447,51.259,37.315,ok,demo-generator,192
WG-003,2026-03-01T00:00:00Z,222.971,49.522,36.639,ok,demo-generator,1
WG-003,2026-03-01T00:15:00Z,223.481,49.600,37.245,ok,demo-generator,2
WG-003,2026-03-01T00:30:00Z,223.511,49.298,37.172,ok,demo-generator,3
WG-003,2026-03-01T00:45:00Z,223.421,49.886,39.133,ok,demo-generator,4
WG-003,2026-03-01T01:00:00Z,223.652,48.043,37.929,ok,demo-generator,5
WG-003,2026-03-01T01:15:00Z,223.342,50.305,39.986,ok,demo-generator,6
WG-003,2026-03-01T01:30:00Z,224.088,48.409,39.624,ok,demo-generator,7
WG-003,2026-03-01T01:45:00Z,224.015,47.060,39.789,ok,demo-generator,8
WG-003,2026-03-01T02:00:00Z,223.935,49.999,41.257,ok,demo-generator,9
WG-003,2026-03-01T02:15:00Z,224.098,49.398,41.260,ok,demo-generator,10
WG-003,2026-03-01T02:30:00Z,224.080,49.825,40.477,ok,demo-generator,11
WG-003,2026-03-01T02:45:00Z,223.807,49.712,42.463,ok,demo-generator,12
WG-003,2026-03-01T03:00:00Z,223.737,50.110,42.490,ok,demo-generator,13
WG-003,2026-03-01T03:15:00Z,224.353,47.250,41.605,ok,demo-generator,14
WG-003,2026-03-01T03:30:00Z,224.470,47.664,42.899,ok,demo-generator,15
WG-003,2026-03-01T03:45:00Z,224.138,50.814,43.611,ok,demo-generator,16
WG-003,2026-03-01T04:00:00Z,224.422,49.594,43.833,ok,demo-generator,17
WG-003,2026-03-01T04:15:00Z,224.202,50.909,45.046,ok,demo-generator,18
WG-003,2026-03-01T04:30:00Z,224.254,49.033,44.682,ok,demo-generator,19
WG-003,2026-03-01T04:45:00Z,223.679,51.625,44.876,ok,demo-generator,20
WG-003,2026-03-01T05:00:00Z,223.638,52.976,45.661,ok,demo-generator,21
WG-003,2026-03-01T05:15:00Z,223.912,53.647,47.472,ok,demo-generator,22
WG-003,2026-03-01T05:30:00Z,223.401,53.693,47.400,ok,demo-generator,23
WG-003,2026-03-01T05:45:00Z,223.044,55.963,47.824,ok,demo-generator,24
WG-003,2026-03-01T06:00:00Z,223.070,55.098,48.007,ok,demo-generator,25
WG-003,2026-03-01T06:15:00Z,222.841,58.744,50.588,ok,demo-generator,26
WG-003,2026-03-01T06:30:00Z,222.481,58.789,51.444,ok,demo-generator,27
WG-003,2026-03-01T06:45:00Z,222.640,59.095,51.314,ok,demo-generator,28
WG-003,2026-03-01T07:00:00Z,222.199,59.288,52.201,ok,demo-generator,29
WG-003,2026-03-01T07:15:00Z,222.287,61.179,52.795,ok,demo-generator,30
WG-003,2026-03-01T07:30:00Z,221.294,64.397,52.945,ok,demo-generator,31
WG-003,2026-03-01T07:45:00Z,221.392,65.609,52.917,ok,demo-generator,32
WG-003,2026-03-01T08:00:00Z,221.276,65.030,52.885,ok,demo-generator,33
WG-003,2026-03-01T08:15:00Z,220.800,67.767,55.077,ok,demo-generator,34
WG-003,2026-03-01T08:30:00Z,220.238,67.718,55.306,ok,demo-generator,35
WG-003,2026-03-01T08:45:00Z,220.092,69.166,54.879,ok,demo-generator,36
WG-003,2026-03-01T09:00:00Z,219.638,69.925,56.724,ok,demo-generator,37
WG-003,2026-03-01T09:15:00Z,220.178,69.367,54.828,ok,demo-generator,38
WG-003,2026-03-01T09:30:00Z,219.547,72.079,56.403,ok,demo-generator,39
WG-003,2026-03-01T09:45:00Z,219.723,71.099,54.916,ok,demo-generator,40
WG-003,2026-03-01T10:00:00Z,219.144,70.869,55.914,ok,demo-generator,41
WG-003,2026-03-01T10:15:00Z,218.598,73.128,56.698,ok,demo-generator,42
WG-003,2026-03-01T10:30:00Z,218.847,72.484,56.702,ok,demo-generator,43
WG-003,2026-03-01T10:45:00Z,219.015,71.196,55.946,ok,demo-generator,44
WG-003,2026-03-01T11:00:00Z,218.486,72.872,55.038,ok,demo-generator,45
WG-003,2026-03-01T11:15:00Z,218.664,71.615,55.050,ok,demo-generator,46
WG-003,2026-03-01T11:30:00Z,218.685,71.791,54.892,ok,demo-generator,47
WG-003,2026-03-01T11:45:00Z,218.604,72.077,54.420,ok,demo-generator,48
WG-003,2026-03-01T12:00:00Z,218.373,72.105,53.655,ok,demo-generator,49
WG-003,2026-03-01T12:15:00Z,218.247,70.781,53.511,ok,demo-generator,50
WG-003,2026-03-01T12:30:00Z,218.148,69.452,53.674,ok,demo-generator,51
WG-003,2026-03-01T12:45:00Z,218.571,66.327,51.309,ok,demo-generator,52
WG-003,2026-03-01T13:00:00Z,218.406,68.328,51.992,ok,demo-generator,53
WG-003,2026-03-01T13:15:00Z,218.807,63.836,49.709,ok,demo-generator,54
WG-003,2026-03-01T13:30:00Z,219.163,63.906,49.683,ok,demo-generator,55
WG-003,2026-03-01T13:45:00Z,219.145,63.815,48.249,ok,demo-generator,56
WG-003,2026-03-01T14:00:00Z,218.798,63.362,47.502,ok,demo-generator,57
WG-003,2026-03-01T14:15:00Z,219.774,59.467,45.883,ok,demo-generator,58
WG-003,2026-03-01T14:30:00Z,219.633,58.761,45.666,ok,demo-generator,59
WG-003,2026-03-01T14:45:00Z,219.595,57.090,45.992,ok,demo-generator,60
WG-003,2026-03-01T15:00:00Z,219.460,56.941,44.888,ok,demo-generator,61
WG-003,2026-03-01T15:15:00Z,220.340,54.305,44.079,ok,demo-generator,62
WG-003,2026-03-01T15:30:00Z,220.146,51.878,41.630,ok,demo-generator,63
WG-003,2026-03-01T15:45:00Z,220.362,52.626,41.382,ok,demo-generator,64
WG-003,2026-03-01T16:00:00Z,220.593,49.710,40.914,ok,demo-generator,65
WG-003,2026-03-01T16:15:00Z,221.106,48.467,39.538,ok,demo-generator,66
WG-003,2026-03-01T16:30:00Z,221.033,48.193,39.174,ok,demo-generator,67
WG-003,2026-03-01T16:45:00Z,220.537,49.253,38.102,ok,demo-generator,68
WG-003,2026-03-01T17:00:00Z,220.987,47.060,37.722,ok,demo-generator,69
WG-003,2026-03-01T17:15:00Z,221.493,45.742,37.953,ok,demo-generator,70
WG-003,2026-03-01T17:30:00Z,220.882,47.573,37.894,ok,demo-generator,71
WG-003,2026-03-01T17:45:00Z,222.091,43.904,36.831,ok,demo-generator,72
WG-003,2026-03-01T18:00:00Z,221.466,45.446,35.965,ok,demo-generator,73
WG-003,2026-03-01T18:15:00Z,222.030,43.651,34.672,ok,demo-generator,74
WG-003,2026-03-01T18:30:00Z,222.376,43.147,34.328,ok,demo-generator,75
WG-003,2026-03-01T18:45:00Z,221.849,43.468,34.441,ok,demo-generator,76
WG-003,2026-03-01T19:00:00Z,221.545,45.210,34.505,ok,demo-generator,77
WG-003,2026-03-01T19:15:00Z,221.716,45.476,35.421,ok,demo-generator,78
WG-003,2026-03-01T19:30:00Z,221.685,45.376,34.768,ok,demo-generator,79
WG-003,2026-03-01T19:45:00Z,222.237,45.285,34.400,ok,demo-generator,80
WG-003,2026-03-01T20:00:00Z,221.848,46.907,33.355,ok,demo-generator,81
WG-003,2026-03-01T20:15:00Z,222.581,44.441,32.738,ok,demo-generator,82
WG-003,2026-03-01T20:30:00Z,221.789,47.105,34.051,ok,demo-generator,83
WG-003,2026-03-01T20:45:00Z,222.221,45.540,33.274,ok,demo-generator,84
WG-003,2026-03-01T21:00:00Z,222.647,46.187,33.124,ok,demo-generator,85
WG-003,2026-03-01T21:15:00Z,222.676,46.847,34.679,ok,demo-generator,86
WG-003,2026-03-01T21:30:00Z,222.523,46.813,33.755,ok,demo-generator,87
WG-003,2026-03-01T21:45:00Z,222.329,47.874,34.835,ok,demo-generator,88
WG-003,2026-03-01T22:00:00Z,222.060,49.754,35.270,ok,demo-generator,89
WG-003,2026-03-01T22:15:00Z,222.805,47.451,34.011,ok,demo-generator,90
WG-003,2026-03-01T22:30:00Z,222.289,49.879,34.623,ok,demo-generator,91
WG-003,2026-03-01T22:45:00Z,222.788,50.580,34.899,ok,demo-generator,92
WG-003,2026-03-01T23:00:00Z,222.696,48.146,35.431,ok,demo-generator,93
WG-003,2026-03-01T23:15:00Z,222.823,50.834,37.265,ok,demo-generator,94
WG-003,2026-03-01T23:30:00Z,223.233,48.384,36.359,ok,demo-generator,95
WG-003,2026-03-01T23:45:00Z,222.961,50.758,37.073,ok,demo-generator,96
WG-003,2026-03-02T00:00:00Z,223.606,48.609,35.689,ok,demo-generator,97
WG-003,2026-03-02T00:15:00Z,223.225,49.394,36.831,ok,demo-generator,98
WG-003,2026-03-02T00:30:00Z,223.194,49.658,38.724,ok,demo-generator,99
WG-003,2026-03-02T00:45:00Z,224.042,48.094,38.108,ok,demo-generator,100
WG-003,2026-03-02T01:00:00Z,223.405,49.420,38.874,ok,demo-generator,101
WG-003,2026-03-02T01:15:00Z,223.383,49.519,37.817,ok,demo-generator,102
WG-003,2026-03-02T01:30:00Z,223.874,49.492,39.529,ok,demo-generator,103
WG-003,2026-03-02T01:45:00Z,223.696,50.188,40.032,ok,demo-generator,104
WG-003,2026-03-02T02:00:00Z,224.478,48.258,39.820,ok,demo-generator,105
WG-003,2026-03-02T02:15:00Z,223.801,49.336,41.164,ok,demo-generator,106
WG-003,2026-03-02T02:30:00Z,224.481,47.866,39.703,ok,demo-generator,107
WG-003,2026-03-02T02:45:00Z,223.892,50.328,40.927,ok,demo-generator,108
WG-003,2026-03-02T03:00:00Z,223.927,48.881,42.407,ok,demo-generator,109
WG-003,2026-03-02T03:15:00Z,224.430,48.629,43.331,ok,demo-generator,110
WG-003,2026-03-02T03:30:00Z,224.204,49.779,43.877,ok,demo-generator,111
WG-003,2026-03-02T03:45:00Z,224.175,49.886,43.807,ok,demo-generator,112
WG-003,2026-03-02T04:00:00Z,224.652,49.216,43.974,ok,demo-generator,113
WG-003,2026-03-02T04:15:00Z,223.809,51.114,44.350,ok,demo-generator,114
WG-003,2026-03-02T04:30:00Z,224.322,50.617,44.818,ok,demo-generator,115
WG-003,2026-03-02T04:45:00Z,224.114,51.353,45.435,ok,demo-generator,116
WG-003,2026-03-02T05:00:00Z,223.925,52.363,46.181,ok,demo-generator,117
WG-003,2026-03-02T05:15:00Z,223.951,51.932,47.056,ok,demo-generator,118
WG-003,2026-03-02T05:30:00Z,223.795,54.396,47.154,ok,demo-generator,119
WG-003,2026-03-02T05:45:00Z,223.036,56.654,48.056,ok,demo-generator,120
WG-003,2026-03-02T06:00:00Z,222.632,57.199,50.603,ok,demo-generator,121
WG-003,2026-03-02T06:15:00Z,222.902,55.373,48.498,ok,demo-generator,122
WG-003,2026-03-02T06:30:00Z,223.158,56.909,51.168,ok,demo-generator,123
WG-003,2026-03-02T06:45:00Z,222.092,60.062,51.859,ok,demo-generator,124
WG-003,2026-03-02T07:00:00Z,222.111,61.787,51.818,ok,demo-generator,125
WG-003,2026-03-02T07:15:00Z,222.048,61.410,52.559,ok,demo-generator,126
WG-003,2026-03-02T07:30:00Z,221.371,64.265,52.589,ok,demo-generator,127
WG-003,2026-03-02T07:45:00Z,221.189,65.439,54.378,ok,demo-generator,128
WG-003,2026-03-02T08:00:00Z,221.343,64.798,53.060,ok,demo-generator,129
WG-003,2026-03-02T08:15:00Z,220.994,65.825,53.793,ok,demo-generator,130
WG-003,2026-03-02T08:30:00Z,220.587,67.679,55.448,ok,demo-generator,131
WG-003,2026-03-02T08:45:00Z,220.391,67.315,55.500,ok,demo-generator,132
WG-003,2026-03-02T09:00:00Z,219.623,70.380,55.775,ok,demo-generator,133
WG-003,2026-03-02T09:15:00Z,219.678,69.156,56.447,ok,demo-generator,134
WG-003,2026-03-02T09:30:00Z,219.580,69.873,55.400,ok,demo-generator,135
WG-003,2026-03-02T09:45:00Z,219.142,71.280,55.273,ok,demo-generator,136
WG-003,2026-03-02T10:00:00Z,218.954,71.170,56.552,ok,demo-generator,137
WG-003,2026-03-02T10:15:00Z,219.093,72.916,56.909,ok,demo-generator,138
WG-003,2026-03-02T10:30:00Z,218.714,73.211,55.720,ok,demo-generator,139
WG-003,2026-03-02T10:45:00Z,219.015,71.375,54.357,ok,demo-generator,140
WG-003,2026-03-02T11:00:00Z,219.135,70.704,54.143,ok,demo-generator,141
WG-003,2026-03-02T11:15:00Z,218.696,71.043,54.166,ok,demo-generator,142
WG-003,2026-03-02T11:30:00Z,218.170,72.823,55.288,ok,demo-generator,143
WG-003,2026-03-02T11:45:00Z,218.237,72.024,54.518,ok,demo-generator,144
WG-003,2026-03-02T12:00:00Z,218.440,70.734,52.854,ok,demo-generator,145
WG-003,2026-03-02T12:15:00Z,218.497,69.602,53.087,ok,demo-generator,146
WG-003,2026-03-02T12:30:00Z,218.195,70.283,52.907,ok,demo-generator,147
WG-003,2026-03-02T12:45:00Z,218.174,68.994,51.974,ok,demo-generator,148
WG-003,2026-03-02T13:00:00Z,218.736,67.045,51.011,ok,demo-generator,149
WG-003,2026-03-02T13:15:00Z,218.819,65.453,50.452,ok,demo-generator,150
WG-003,2026-03-02T13:30:00Z,218.649,64.050,49.152,ok,demo-generator,151
WG-003,2026-03-02T13:45:00Z,219.044,63.554,49.665,ok,demo-generator,152
WG-003,2026-03-02T14:00:00Z,219.383,61.171,47.680,ok,demo-generator,153
WG-003,2026-03-02T14:15:00Z,219.415,60.887,47.026,ok,demo-generator,154
WG-003,2026-03-02T14:30:00Z,219.714,58.083,45.236,ok,demo-generator,155
WG-003,2026-03-02T14:45:00Z,219.343,58.767,44.533,ok,demo-generator,156
WG-003,2026-03-02T15:00:00Z,219.920,54.898,43.451,ok,demo-generator,157
WG-003,2026-03-02T15:15:00Z,220.441,53.909,43.983,ok,demo-generator,158
WG-003,2026-03-02T15:30:00Z,220.274,53.457,41.661,ok,demo-generator,159
WG-003,2026-03-02T15:45:00Z,220.037,53.900,41.789,ok,demo-generator,160
WG-003,2026-03-02T16:00:00Z,220.504,51.003,39.896,ok,demo-generator,161
WG-003,2026-03-02T16:15:00Z,220.458,50.086,39.466,ok,demo-generator,162
WG-003,2026-03-02T16:30:00Z,220.606,49.952,39.001,ok,demo-generator,163
WG-003,2026-03-02T16:45:00Z,220.891,49.430,39.416,ok,demo-generator,164
WG-003,2026-03-02T17:00:00Z,221.112,47.234,38.084,ok,demo-generator,165
WG-003,2026-03-02T17:15:00Z,221.248,46.167,36.580,ok,demo-generator,166
WG-003,2026-03-02T17:30:00Z,221.516,45.743,37.283,ok,demo-generator,167
WG-003,2026-03-02T17:45:00Z,221.295,46.637,36.074,ok,demo-generator,168
WG-003,2026-03-02T18:00:00Z,221.694,43.632,35.925,ok,demo-generator,169
WG-003,2026-03-02T18:15:00Z,221.605,43.910,34.309,ok,demo-generator,170
WG-003,2026-03-02T18:30:00Z,222.227,42.918,35.495,ok,demo-generator,171
WG-003,2026-03-02T18:45:00Z,222.246,43.545,33.643,ok,demo-generator,172
WG-003,2026-03-02T19:00:00Z,222.524,42.843,34.871,ok,demo-generator,173
WG-003,2026-03-02T19:15:00Z,222.024,43.358,33.846,ok,demo-generator,174
WG-003,2026-03-02T19:30:00Z,222.347,44.878,35.062,ok,demo-generator,175
WG-003,2026-03-02T19:45:00Z,222.426,44.305,34.244,ok,demo-generator,176
WG-003,2026-03-02T20:00:00Z,222.167,45.710,33.715,ok,demo-generator,177
WG-003,2026-03-02T20:15:00Z,222.295,45.561,33.607,ok,demo-generator,178
WG-003,2026-03-02T20:30:00Z,221.837,47.710,34.878,ok,demo-generator,179
WG-003,2026-03-02T20:45:00Z,221.956,46.373,34.753,ok,demo-generator,180
WG-003,2026-03-02T21:00:00Z,221.863,47.370,35.167,ok,demo-generator,181
WG-003,2026-03-02T21:15:00Z,222.507,45.698,34.629,ok,demo-generator,182
WG-003,2026-03-02T21:30:00Z,222.117,48.053,35.133,ok,demo-generator,183
WG-003,2026-03-02T21:45:00Z,222.212,48.999,34.238,ok,demo-generator,184
WG-003,2026-03-02T22:00:00Z,222.194,49.497,34.274,ok,demo-generator,185
WG-003,2026-03-02T22:15:00Z,222.154,49.602,35.659,ok,demo-generator,186
WG-003,2026-03-02T22:30:00Z,222.161,50.180,35.086,ok,demo-generator,187
WG-003,2026-03-02T22:45:00Z,222.748,47.585,35.250,ok,demo-generator,188
WG-003,2026-03-02T23:00:00Z,223.170,47.270,34.534,ok,demo-generator,189
WG-003,2026-03-02T23:15:00Z,222.330,50.846,36.249,ok,demo-generator,190
WG-003,2026-03-02T23:30:00Z,223.224,49.309,36.416,ok,demo-generator,191
WG-003,2026-03-02T23:45:00Z,222.790,49.571,37.506,ok,demo-generator,192
WG-004,2026-03-01T00:00:00Z,221.823,61.558,40.326,ok,demo-generator,1
WG-004,2026-03-01T00:15:00Z,222.591,60.172,40.689,ok,demo-generator,2
WG-004,2026-03-01T00:30:00Z,222.687,58.747,41.425,ok,demo-generator,3
WG-004,2026-03-01T00:45:00Z,223.038,55.115,40.751,ok,demo-generator,4
WG-004,2026-03-01T01:00:00Z,223.686,53.898,39.038,ok,demo-generator,5
WG-004,2026-03-01T01:15:00Z,223.917,52.310,40.837,ok,demo-generator,6
WG-004,2026-03-01T01:30:00Z,223.641,54.398,40.333,ok,demo-generator,7
WG-004,2026-03-01T01:45:00Z,224.110,50.111,39.339,ok,demo-generator,8
WG-004,2026-03-01T02:00:00Z,224.074,50.512,39.761,ok,demo-generator,9
WG-004,2026-03-01T02:15:00Z,224.329,50.213,40.743,ok,demo-generator,10
WG-004,2026-03-01T02:30:00Z,224.267,48.261,41.287,ok,demo-generator,11
WG-004,2026-03-01T02:45:00Z,224.941,46.307,40.665,ok,demo-generator,12
WG-004,2026-03-01T03:00:00Z,224.360,47.477,42.500,ok,demo-generator,13
WG-004,2026-03-01T03:15:00Z,224.394,46.547,40.624,ok,demo-generator,14
WG-004,2026-03-01T03:30:00Z,224.449,47.913,41.835,ok,demo-generator,15
WG-004,2026-03-01T03:45:00Z,224.888,45.975,42.820,ok,demo-generator,16
WG-004,2026-03-01T04:00:00Z,224.833,44.895,42.580,ok,demo-generator,17
WG-004,2026-03-01T04:15:00Z,224.235,47.133,43.664,ok,demo-generator,18
WG-004,2026-03-01T04:30:00Z,224.196,46.198,43.056,ok,demo-generator,19
WG-004,2026-03-01T04:45:00Z,224.244,46.758,44.074,ok,demo-generator,20
WG-004,2026-03-01T05:00:00Z,224.048,46.259,45.189,ok,demo-generator,21
WG-004,2026-03-01T05:15:00Z,224.136,45.898,45.715,ok,demo-generator,22
WG-004,2026-03-01T05:30:00Z,223.705,48.217,45.929,ok,demo-generator,23
WG-004,2026-03-01T05:45:00Z,224.121,47.355,46.909,ok,demo-generator,24
WG-004,2026-03-01T06:00:00Z,223.601,47.886,47.549,ok,demo-generator,25
WG-004,2026-03-01T06:15:00Z,223.683,48.930,46.278,ok,demo-generator,26
WG-004,2026-03-01T06:30:00Z,223.314,49.792,46.859,ok,demo-generator,27
WG-004,2026-03-01T06:45:00Z,222.691,51.035,48.377,ok,demo-generator,28
WG-004,2026-03-01T07:00:00Z,223.006,51.000,49.399,ok,demo-generator,29
WG-004,2026-03-01T07:15:00Z,222.564,53.511,49.162,ok,demo-generator,30
WG-004,2026-03-01T07:30:00Z,222.485,52.519,49.311,ok,demo-generator,31
WG-004,2026-03-01T07:45:00Z,221.352,55.558,51.300,ok,demo-generator,32
WG-004,2026-03-01T08:00:00Z,221.125,56.799,50.804,ok,demo-generator,33
WG-004,2026-03-01T08:15:00Z,221.269,57.345,51.899,ok,demo-generator,34
WG-004,2026-03-01T08:30:00Z,220.795,58.215,51.307,ok,demo-generator,35
WG-004,2026-03-01T08:45:00Z,221.050,58.445,52.366,ok,demo-generator,36
WG-004,2026-03-01T09:00:00Z,220.811,58.005,52.584,ok,demo-generator,37
WG-004,2026-03-01T09:15:00Z,219.995,59.729,52.883,ok,demo-generator,38
WG-004,2026-03-01T09:30:00Z,220.400,58.806,52.370,ok,demo-generator,39
WG-004,2026-03-01T09:45:00Z,220.346,58.530,51.968,ok,demo-generator,40
WG-004,2026-03-01T10:00:00Z,219.848,62.175,52.899,ok,demo-generator,41
WG-004,2026-03-01T10:15:00Z,219.840,59.523,53.009,ok,demo-generator,42
WG-004,2026-03-01T10:30:00Z,219.663,61.985,52.731,ok,demo-generator,43
WG-004,2026-03-01T10:45:00Z,219.383,61.139,52.899,ok,demo-generator,44
WG-004,2026-03-01T11:00:00Z,219.498,60.007,51.521,ok,demo-generator,45
WG-004,2026-03-01T11:15:00Z,219.595,60.338,50.975,ok,demo-generator,46
WG-004,2026-03-01T11:30:00Z,219.084,60.710,50.314,ok,demo-generator,47
WG-004,2026-03-01T11:45:00Z,219.496,60.522,51.918,ok,demo-generator,48
WG-004,2026-03-01T12:00:00Z,218.639,63.407,50.819,ok,demo-generator,49
WG-004,2026-03-01T12:15:00Z,219.139,61.674,51.830,ok,demo-generator,50
WG-004,2026-03-01T12:30:00Z,218.809,61.956,50.640,ok,demo-generator,51
WG-004,2026-03-01T12:45:00Z,218.447,63.375,51.320,ok,demo-generator,52
WG-004,2026-03-01T13:00:00Z,218.970,60.742,48.753,ok,demo-generator,53
WG-004,2026-03-01T13:15:00Z,219.081,62.031,49.090,ok,demo-generator,54
WG-004,2026-03-01T13:30:00Z,218.531,62.077,49.887,ok,demo-generator,55
WG-004,2026-03-01T13:45:00Z,218.588,61.270,48.272,ok,demo-generator,56
WG-004,2026-03-01T14:00:00Z,218.557,61.637,48.657,ok,demo-generator,57
WG-004,2026-03-01T14:15:00Z,218.814,62.020,48.562,ok,demo-generator,58
WG-004,2026-03-01T14:30:00Z,218.938,62.438,46.222,ok,demo-generator,59
WG-004,2026-03-01T14:45:00Z,218.227,65.443,47.855,ok,demo-generator,60
WG-004,2026-03-01T15:00:00Z,218.385,63.290,46.858,ok,demo-generator,61
WG-004,2026-03-01T15:15:00Z,218.559,65.393,46.443,ok,demo-generator,62
WG-004,2026-03-01T15:30:00Z,218.383,66.795,46.608,ok,demo-generator,63
WG-004,2026-03-01T15:45:00Z,218.263,66.644,46.064,ok,demo-generator,64
WG-004,2026-03-01T16:00:00Z,218.335,65.699,44.328,ok,demo-generator,65
WG-004,2026-03-01T16:15:00Z,218.045,67.882,45.076,ok,demo-generator,66
WG-004,2026-03-01T16:30:00Z,218.427,67.421,44.508,ok,demo-generator,67
WG-004,2026-03-01T16:45:00Z,218.070,68.961,44.942,ok,demo-generator,68
WG-004,2026-03-01T17:00:00Z,218.429,68.573,44.449,ok,demo-generator,69
WG-004,2026-03-01T17:15:00Z,217.523,72.282,46.352,ok,demo-generator,70
WG-004,2026-03-01T17:30:00Z,217.610,71.052,43.477,ok,demo-generator,71
WG-004,2026-03-01T17:45:00Z,217.866,71.596,44.875,ok,demo-generator,72
WG-004,2026-03-01T18:00:00Z,217.640,73.712,44.379,ok,demo-generator,73
WG-004,2026-03-01T18:15:00Z,217.230,75.465,45.219,ok,demo-generator,74
WG-004,2026-03-01T18:30:00Z,217.899,73.454,43.639,ok,demo-generator,75
WG-004,2026-03-01T18:45:00Z,218.184,73.654,44.155,ok,demo-generator,76
WG-004,2026-03-01T19:00:00Z,218.101,73.976,42.789,ok,demo-generator,77
WG-004,2026-03-01T19:15:00Z,217.510,76.762,44.524,ok,demo-generator,78
WG-004,2026-03-01T19:30:00Z,218.225,76.101,44.116,ok,demo-generator,79
WG-004,2026-03-01T19:45:00Z,217.950,78.079,43.164,ok,demo-generator,80
WG-004,2026-03-01T20:00:00Z,218.190,77.363,43.800,ok,demo-generator,81
WG-004,2026-03-01T20:15:00Z,217.947,77.862,44.601,ok,demo-generator,82
WG-004,2026-03-01T20:30:00Z,218.347,75.287,43.988,ok,demo-generator,83
WG-004,2026-03-01T20:45:00Z,218.601,75.726,44.013,ok,demo-generator,84
WG-004,2026-03-01T21:00:00Z,218.584,74.774,42.880,ok,demo-generator,85
WG-004,2026-03-01T21:15:00Z,218.833,73.577,42.039,ok,demo-generator,86
WG-004,2026-03-01T21:30:00Z,219.688,72.239,42.217,ok,demo-generator,87
WG-004,2026-03-01T21:45:00Z,219.639,73.508,41.676,ok,demo-generator,88
WG-004,2026-03-01T22:00:00Z,219.896,70.790,41.696,ok,demo-generator,89
WG-004,2026-03-01T22:15:00Z,219.642,71.453,41.630,ok,demo-generator,90
WG-004,2026-03-01T22:30:00Z,220.903,67.885,41.992,ok,demo-generator,91
WG-004,2026-03-01T22:45:00Z,220.944,67.128,41.094,ok,demo-generator,92
WG-004,2026-03-01T23:00:00Z,220.960,68.308,41.427,ok,demo-generator,93
WG-004,2026-03-01T23:15:00Z,221.343,66.924,40.478,ok,demo-generator,94
WG-004,2026-03-01T23:30:00Z,221.185,65.461,41.836,ok,demo-generator,95
WG-004,2026-03-01T23:45:00Z,221.627,63.785,41.427,ok,demo-generator,96
WG-004,2026-03-02T00:00:00Z,221.743,62.286,41.470,ok,demo-generator,97
WG-004,2026-03-02T00:15:00Z,222.246,60.428,39.860,ok,demo-generator,98
WG-004,2026-03-02T00:30:00Z,223.246,57.234,39.682,ok,demo-generator,99
WG-004,2026-03-02T00:45:00Z,223.082,58.353,41.698,ok,demo-generator,100
WG-004,2026-03-02T01:00:00Z,223.300,55.137,41.041,ok,demo-generator,101
WG-004,2026-03-02T01:15:00Z,223.833,52.342,40.177,ok,demo-generator,102
WG-004,2026-03-02T01:30:00Z,223.783,52.641,41.219,ok,demo-generator,103
WG-004,2026-03-02T01:45:00Z,224.472,49.793,40.152,ok,demo-generator,104
WG-004,2026-03-02T02:00:00Z,223.973,50.352,39.544,ok,demo-generator,105
WG-004,2026-03-02T02:15:00Z,224.114,49.825,40.368,ok,demo-generator,106
WG-004,2026-03-02T02:30:00Z,224.758,47.739,40.993,ok,demo-generator,107
WG-004,2026-03-02T02:45:00Z,224.143,49.337,40.589,ok,demo-generator,108
WG-004,2026-03-02T03:00:00Z,224.392,48.543,40.680,ok,demo-generator,109
WG-004,2026-03-02T03:15:00Z,224.296,47.178,42.757,ok,demo-generator,110
WG-004,2026-03-02T03:30:00Z,224.724,46.466,43.044,ok,demo-generator,111
WG-004,2026-03-02T03:45:00Z,224.150,47.732,43.457,ok,demo-generator,112
WG-004,2026-03-02T04:00:00Z,224.643,47.724,43.753,ok,demo-generator,113
WG-004,2026-03-02T04:15:00Z,224.927,45.803,43.313,ok,demo-generator,114
WG-004,2026-03-02T04:30:00Z,224.227,46.223,43.901,ok,demo-generator,115
WG-004,2026-03-02T04:45:00Z,224.509,46.819,45.467,ok,demo-generator,116
WG-004,2026-03-02T05:00:00Z,224.281,46.089,43.896,ok,demo-generator,117
WG-004,2026-03-02T05:15:00Z,224.072,46.855,44.510,ok,demo-generator,118
WG-004,2026-03-02T05:30:00Z,224.010,48.536,46.524,ok,demo-generator,119
WG-004,2026-03-02T05:45:00Z,223.607,48.085,46.697,ok,demo-generator,120
WG-004,2026-03-02T06:00:00Z,223.137,50.699,46.670,ok,demo-generator,121
WG-004,2026-03-02T06:15:00Z,222.916,51.084,49.015,ok,demo-generator,122
WG-004,2026-03-02T06:30:00Z,223.392,49.891,48.311,ok,demo-generator,123
WG-004,2026-03-02T06:45:00Z,222.844,51.002,49.218,ok,demo-generator,124
WG-004,2026-03-02T07:00:00Z,222.029,53.569,49.564,ok,demo-generator,125
WG-004,2026-03-02T07:15:00Z,222.180,53.864,49.325,ok,demo-generator,126
WG-004,2026-03-02T07:30:00Z,221.777,55.225,49.763,ok,demo-generator,127
WG-004,2026-03-02T07:45:00Z,222.240,54.127,50.473,ok,demo-generator,128
WG-004,2026-03-02T08:00:00Z,221.726,54.691,50.186,ok,demo-generator,129
WG-004,2026-03-02T08:15:00Z,220.787,57.899,51.187,ok,demo-generator,130
WG-004,2026-03-02T08:30:00Z,220.913,56.820,52.253,ok,demo-generator,131
WG-004,2026-03-02T08:45:00Z,220.960,58.192,51.905,ok,demo-generator,132
WG-004,2026-03-02T09:00:00Z,221.096,57.112,52.137,ok,demo-generator,133
WG-004,2026-03-02T09:15:00Z,220.104,59.320,53.336,ok,demo-generator,134
WG-004,2026-03-02T09:30:00Z,220.471,59.763,51.647,ok,demo-generator,135
WG-004,2026-03-02T09:45:00Z,219.744,59.838,51.816,ok,demo-generator,136
WG-004,2026-03-02T10:00:00Z,220.325,59.676,51.920,ok,demo-generator,137
WG-004,2026-03-02T10:15:00Z,219.237,62.397,51.905,ok,demo-generator,138
WG-004,2026-03-02T10:30:00Z,220.096,60.106,52.756,ok,demo-generator,139
WG-004,2026-03-02T10:45:00Z,219.293,60.603,51.915,ok,demo-generator,140
WG-004,2026-03-02T11:00:00Z,218.972,61.748,51.132,ok,demo-generator,141
WG-004,2026-03-02T11:15:00Z,219.257,62.990,52.430,ok,demo-generator,142
WG-004,2026-03-02T11:30:00Z,219.752,59.859,50.868,ok,demo-generator,143
WG-004,2026-03-02T11:45:00Z,219.077,61.142,50.716,ok,demo-generator,144
WG-004,2026-03-02T12:00:00Z,218.626,62.851,52.373,ok,demo-generator,145
WG-004,2026-03-02T12:15:00Z,219.147,60.111,51.225,ok,demo-generator,146
WG-004,2026-03-02T12:30:00Z,219.252,60.237,50.023,ok,demo-generator,147
WG-004,2026-03-02T12:45:00Z,218.715,62.566,49.260,ok,demo-generator,148
WG-004,2026-03-02T13:00:00Z,219.163,61.395,50.620,ok,demo-generator,149
WG-004,2026-03-02T13:15:00Z,218.697,61.226,48.682,ok,demo-generator,150
WG-004,2026-03-02T13:30:00Z,218.584,62.686,49.914,ok,demo-generator,151
WG-004,2026-03-02T13:45:00Z,218.371,62.121,48.024,ok,demo-generator,152
WG-004,2026-03-02T14:00:00Z,218.617,62.229,47.631,ok,demo-generator,153
WG-004,2026-03-02T14:15:00Z,218.513,63.147,47.431,ok,demo-generator,154
WG-004,2026-03-02T14:30:00Z,218.882,63.185,48.458,ok,demo-generator,155
WG-004,2026-03-02T14:45:00Z,218.581,64.927,47.326,ok,demo-generator,156
WG-004,2026-03-02T15:00:00Z,218.942,62.913,46.017,ok,demo-generator,157
WG-004,2026-03-02T15:15:00Z,218.290,66.503,46.217,ok,demo-generator,158
WG-004,2026-03-02T15:30:00Z,218.284,64.641,45.260,ok,demo-generator,159
WG-004,2026-03-02T15:45:00Z,218.589,65.474,46.575,ok,demo-generator,160
WG-004,2026-03-02T16:00:00Z,218.056,68.849,46.719,ok,demo-generator,161
WG-004,2026-03-02T16:15:00Z,217.734,68.156,46.241,ok,demo-generator,162
WG-004,2026-03-02T16:30:00Z,217.860,69.160,46.346,ok,demo-generator,163
WG-004,2026-03-02T16:45:00Z,217.643,69.938,46.028,ok,demo-generator,164
WG-004,2026-03-02T17:00:00Z,218.034,71.238,44.829,ok,demo-generator,165
WG-004,2026-03-02T17:15:00Z,217.675,70.282,44.240,ok,demo-generator,166
WG-004,2026-03-02T17:30:00Z,218.051,71.368,45.709,ok,demo-generator,167
WG-004,2026-03-02T17:45:00Z,217.506,72.018,45.062,ok,demo-generator,168
WG-004,2026-03-02T18:00:00Z,218.129,72.413,44.864,ok,demo-generator,169
WG-004,2026-03-02T18:15:00Z,217.889,72.536,42.871,ok,demo-generator,170
WG-004,2026-03-02T18:30:00Z,217.606,75.072,43.882,ok,demo-generator,171
WG-004,2026-03-02T18:45:00Z,217.656,74.953,44.631,ok,demo-generator,172
WG-004,2026-03-02T19:00:00Z,217.737,77.276,45.587,ok,demo-generator,173
WG-004,2026-03-02T19:15:00Z,218.061,75.472,44.009,ok,demo-generator,174
WG-004,2026-03-02T19:30:00Z,217.727,76.725,43.929,ok,demo-generator,175
WG-004,2026-03-02T19:45:00Z,217.934,75.529,44.280,ok,demo-generator,176
WG-004,2026-03-02T20:00:00Z,218.508,75.006,42.940,ok,demo-generator,177
WG-004,2026-03-02T20:15:00Z,218.303,75.467,42.860,ok,demo-generator,178
WG-004,2026-03-02T20:30:00Z,218.118,77.657,44.707,ok,demo-generator,179
WG-004,2026-03-02T20:45:00Z,219.094,74.521,43.046,ok,demo-generator,180
WG-004,2026-03-02T21:00:00Z,218.634,74.672,43.140,ok,demo-generator,181
WG-004,2026-03-02T21:15:00Z,218.715,76.161,43.099,ok,demo-generator,182
WG-004,2026-03-02T21:30:00Z,219.171,75.443,43.642,ok,demo-generator,183
WG-004,2026-03-02T21:45:00Z,219.423,74.466,42.447,ok,demo-generator,184
WG-004,2026-03-02T22:00:00Z,219.606,72.215,42.485,ok,demo-generator,185
WG-004,2026-03-02T22:15:00Z,220.080,70.231,41.806,ok,demo-generator,186
WG-004,2026-03-02T22:30:00Z,220.658,69.225,42.442,ok,demo-generator,187
WG-004,2026-03-02T22:45:00Z,220.813,68.621,41.620,ok,demo-generator,188
WG-004,2026-03-02T23:00:00Z,220.756,67.632,41.115,ok,demo-generator,189
WG-004,2026-03-02T23:15:00Z,221.760,64.246,40.724,ok,demo-generator,190
WG-004,2026-03-02T23:30:00Z,221.589,64.961,41.055,ok,demo-generator,191
WG-004,2026-03-02T23:45:00Z,221.777,62.889,41.865,ok,demo-generator,192
WG-005,2026-03-01T00:00:00Z,220.858,65.040,42.430,ok,demo-generator,1
WG-005,2026-03-01T00:15:00Z,220.908,64.900,42.463,ok,demo-generator,2
WG-005,2026-03-01T00:30:00Z,221.071,64.362,42.790,ok,demo-generator,3
WG-005,2026-03-01T00:45:00Z,220.720,64.758,41.692,ok,demo-generator,4
WG-005,2026-03-01T01:00:00Z,221.005,63.351,43.509,ok,demo-generator,5
WG-005,2026-03-01T01:15:00Z,220.910,65.562,44.118,ok,demo-generator,6
WG-005,2026-03-01T01:30:00Z,221.374,65.470,43.182,ok,demo-generator,7
WG-005,2026-03-01T01:45:00Z,221.052,65.309,45.401,ok,demo-generator,8
WG-005,2026-03-01T02:00:00Z,221.518,65.533,45.361,ok,demo-generator,9
WG-005,2026-03-01T02:15:00Z,221.552,63.766,46.125,ok,demo-generator,10
WG-005,2026-03-01T02:30:00Z,221.529,63.617,46.207,ok,demo-generator,11
WG-005,2026-03-01T02:45:00Z,221.559,63.045,46.433,ok,demo-generator,12
WG-005,2026-03-01T03:00:00Z,221.973,64.264,47.523,ok,demo-generator,13
WG-005,2026-03-01T03:15:00Z,221.889,65.120,47.940,ok,demo-generator,14
WG-005,2026-03-01T03:30:00Z,221.894,63.752,47.782,ok,demo-generator,15
WG-005,2026-03-01T03:45:00Z,221.675,66.102,49.408,ok,demo-generator,16
WG-005,2026-03-01T04:00:00Z,221.711,64.153,48.858,ok,demo-generator,17
WG-005,2026-03-01T04:15:00Z,222.159,63.746,47.981,ok,demo-generator,18
WG-005,2026-03-01T04:30:00Z,221.584,66.793,49.379,ok,demo-generator,19
WG-005,2026-03-01T04:45:00Z,221.469,65.858,51.105,ok,demo-generator,20
WG-005,2026-03-01T05:00:00Z,220.795,68.770,52.355,ok,demo-generator,21
WG-005,2026-03-01T05:15:00Z,221.587,66.724,52.487,ok,demo-generator,22
WG-005,2026-03-01T05:30:00Z,221.251,69.929,51.879,ok,demo-generator,23
WG-005,2026-03-01T05:45:00Z,221.055,69.744,52.640,ok,demo-generator,24
WG-005,2026-03-01T06:00:00Z,220.213,72.558,53.602,ok,demo-generator,25
WG-005,2026-03-01T06:15:00Z,220.365,71.669,54.311,ok,demo-generator,26
WG-005,2026-03-01T06:30:00Z,220.095,74.509,56.587,ok,demo-generator,27
WG-005,2026-03-01T06:45:00Z,220.185,74.685,56.052,ok,demo-generator,28
WG-005,2026-03-01T07:00:00Z,219.855,75.906,56.527,ok,demo-generator,29
WG-005,2026-03-01T07:15:00Z,219.175,76.594,56.459,ok,demo-generator,30
WG-005,2026-03-01T07:30:00Z,219.355,78.590,58.337,ok,demo-generator,31
WG-005,2026-03-01T07:45:00Z,219.407,77.341,57.904,ok,demo-generator,32
WG-005,2026-03-01T08:00:00Z,218.549,80.463,58.945,ok,demo-generator,33
WG-005,2026-03-01T08:15:00Z,218.308,80.743,58.365,ok,demo-generator,34
WG-005,2026-03-01T08:30:00Z,218.233,82.052,59.684,ok,demo-generator,35
WG-005,2026-03-01T08:45:00Z,218.212,82.077,60.090,ok,demo-generator,36
WG-005,2026-03-01T09:00:00Z,218.067,82.771,59.893,ok,demo-generator,37
WG-005,2026-03-01T09:15:00Z,217.445,85.856,60.722,ok,demo-generator,38
WG-005,2026-03-01T09:30:00Z,217.088,85.977,61.258,ok,demo-generator,39
WG-005,2026-03-01T09:45:00Z,216.957,85.506,60.701,ok,demo-generator,40
WG-005,2026-03-01T10:00:00Z,216.870,86.965,60.450,ok,demo-generator,41
WG-005,2026-03-01T10:15:00Z,216.951,85.525,60.499,ok,demo-generator,42
WG-005,2026-03-01T10:30:00Z,216.575,86.311,61.141,ok,demo-generator,43
WG-005,2026-03-01T10:45:00Z,216.343,86.416,59.743,ok,demo-generator,44
WG-005,2026-03-01T11:00:00Z,216.846,84.943,59.651,ok,demo-generator,45
WG-005,2026-03-01T11:15:00Z,215.985,85.808,60.021,ok,demo-generator,46
WG-005,2026-03-01T11:30:00Z,216.191,86.629,60.315,ok,demo-generator,47
WG-005,2026-03-01T11:45:00Z,216.701,83.360,59.081,ok,demo-generator,48
WG-005,2026-03-01T12:00:00Z,216.777,82.585,58.429,ok,demo-generator,49
WG-005,2026-03-01T12:15:00Z,216.217,83.203,57.749,ok,demo-generator,50
WG-005,2026-03-01T12:30:00Z,215.886,83.049,57.255,ok,demo-generator,51
WG-005,2026-03-01T12:45:00Z,216.170,83.209,56.010,ok,demo-generator,52
WG-005,2026-03-01T13:00:00Z,216.273,79.902,56.296,ok,demo-generator,53
WG-005,2026-03-01T13:15:00Z,216.896,77.304,53.076,ok,demo-generator,54
WG-005,2026-03-01T13:30:00Z,216.300,79.444,54.911,ok,demo-generator,55
WG-005,2026-03-01T13:45:00Z,216.903,77.218,53.060,ok,demo-generator,56
WG-005,2026-03-01T14:00:00Z,217.214,75.308,51.062,ok,demo-generator,57
WG-005,2026-03-01T14:15:00Z,217.739,72.102,50.768,ok,demo-generator,58
WG-005,2026-03-01T14:30:00Z,217.582,70.658,49.537,ok,demo-generator,59
WG-005,2026-03-01T14:45:00Z,217.709,69.960,48.355,ok,demo-generator,60
WG-005,2026-03-01T15:00:00Z,217.114,70.891,49.217,ok,demo-generator,61
WG-005,2026-03-01T15:15:00Z,217.620,67.932,47.501,ok,demo-generator,62
WG-005,2026-03-01T15:30:00Z,218.244,65.098,46.841,ok,demo-generator,63
WG-005,2026-03-01T15:45:00Z,217.795,66.216,45.031,ok,demo-generator,64
WG-005,2026-03-01T16:00:00Z,218.748,63.139,45.587,ok,demo-generator,65
WG-005,2026-03-01T16:15:00Z,218.338,62.609,44.418,ok,demo-generator,66
WG-005,2026-03-01T16:30:00Z,218.678,63.351,44.389,ok,demo-generator,67
WG-005,2026-03-01T16:45:00Z,218.959,60.551,41.984,ok,demo-generator,68
WG-005,2026-03-01T17:00:00Z,219.318,59.520,40.810,ok,demo-generator,69
WG-005,2026-03-01T17:15:00Z,219.665,57.894,40.237,ok,demo-generator,70
WG-005,2026-03-01T17:30:00Z,219.385,58.443,41.536,ok,demo-generator,71
WG-005,2026-03-01T17:45:00Z,219.461,57.945,39.692,ok,demo-generator,72
WG-005,2026-03-01T18:00:00Z,219.062,59.244,39.524,ok,demo-generator,73
WG-005,2026-03-01T18:15:00Z,219.525,57.426,39.611,ok,demo-generator,74
WG-005,2026-03-01T18:30:00Z,219.717,55.977,39.117,ok,demo-generator,75
WG-005,2026-03-01T18:45:00Z,219.741,57.488,39.387,ok,demo-generator,76
WG-005,2026-03-01T19:00:00Z,220.041,56.392,38.943,ok,demo-generator,77
WG-005,2026-03-01T19:15:00Z,219.828,56.622,37.736,ok,demo-generator,78
WG-005,2026-03-01T19:30:00Z,220.306,56.701,38.433,ok,demo-generator,79
WG-005,2026-03-01T19:45:00Z,220.144,56.641,38.303,ok,demo-generator,80
WG-005,2026-03-01T20:00:00Z,220.411,56.771,37.787,ok,demo-generator,81
WG-005,2026-03-01T20:15:00Z,220.346,58.517,37.602,ok,demo-generator,82
WG-005,2026-03-01T20:30:00Z,219.715,59.417,38.199,ok,demo-generator,83
WG-005,2026-03-01T20:45:00Z,219.605,60.793,38.988,ok,demo-generator,84
WG-005,2026-03-01T21:00:00Z,220.298,59.017,37.893,ok,demo-generator,85
WG-005,2026-03-01T21:15:00Z,219.797,61.053,39.112,ok,demo-generator,86
WG-005,2026-03-01T21:30:00Z,219.937,60.682,37.979,ok,demo-generator,87
WG-005,2026-03-01T21:45:00Z,220.275,61.415,38.518,ok,demo-generator,88
WG-005,2026-03-01T22:00:00Z,220.362,60.560,38.310,ok,demo-generator,89
WG-005,2026-03-01T22:15:00Z,220.402,63.151,38.472,ok,demo-generator,90
WG-005,2026-03-01T22:30:00Z,220.401,63.262,39.545,ok,demo-generator,91
WG-005,2026-03-01T22:45:00Z,220.807,61.399,40.334,ok,demo-generator,92
WG-005,2026-03-01T23:00:00Z,220.764,61.923,40.533,ok,demo-generator,93
WG-005,2026-03-01T23:15:00Z,220.278,63.782,40.348,ok,demo-generator,94
WG-005,2026-03-01T23:30:00Z,221.009,62.900,40.355,ok,demo-generator,95
WG-005,2026-03-01T23:45:00Z,220.724,63.948,40.664,ok,demo-generator,96
WG-005,2026-03-02T00:00:00Z,221.092,63.768,40.973,ok,demo-generator,97
WG-005,2026-03-02T00:15:00Z,220.885,63.358,42.281,ok,demo-generator,98
WG-005,2026-03-02T00:30:00Z,220.683,63.589,41.962,ok,demo-generator,99
WG-005,2026-03-02T00:45:00Z,220.568,64.994,41.763,ok,demo-generator,100
WG-005,2026-03-02T01:00:00Z,221.238,62.577,42.713,ok,demo-generator,101
WG-005,2026-03-02T01:15:00Z,221.196,63.590,42.916,ok,demo-generator,102
WG-005,2026-03-02T01:30:00Z,220.942,65.181,44.651,ok,demo-generator,103
WG-005,2026-03-02T01:45:00Z,221.426,62.605,44.868,ok,demo-generator,104
WG-005,2026-03-02T02:00:00Z,221.174,65.600,45.897,ok,demo-generator,105
WG-005,2026-03-02T02:15:00Z,221.650,62.552,45.357,ok,demo-generator,106
WG-005,2026-03-02T02:30:00Z,221.886,64.283,44.616,ok,demo-generator,107
WG-005,2026-03-02T02:45:00Z,221.503,65.202,45.740,ok,demo-generator,108
WG-005,2026-03-02T03:00:00Z,221.773,64.732,47.343,ok,demo-generator,109
WG-005,2026-03-02T03:15:00Z,221.737,65.442,47.064,ok,demo-generator,110
WG-005,2026-03-02T03:30:00Z,221.639,63.384,47.712,ok,demo-generator,111
WG-005,2026-03-02T03:45:00Z,222.205,63.446,48.509,ok,demo-generator,112
WG-005,2026-03-02T04:00:00Z,221.809,65.018,47.784,ok,demo-generator,113
WG-005,2026-03-02T04:15:00Z,221.554,65.191,49.840,ok,demo-generator,114
WG-005,2026-03-02T04:30:00Z,221.024,67.531,50.480,ok,demo-generator,115
WG-005,2026-03-02T04:45:00Z,221.135,66.742,49.924,ok,demo-generator,116
WG-005,2026-03-02T05:00:00Z,220.972,68.410,52.579,ok,demo-generator,117
WG-005,2026-03-02T05:15:00Z,221.256,66.558,51.514,ok,demo-generator,118
WG-005,2026-03-02T05:30:00Z,220.899,69.916,53.560,ok,demo-generator,119
WG-005,2026-03-02T05:45:00Z,221.145,69.756,54.090,ok,demo-generator,120
WG-005,2026-03-02T06:00:00Z,220.472,71.482,53.757,ok,demo-generator,121
WG-005,2026-03-02T06:15:00Z,220.870,70.842,53.256,ok,demo-generator,122
WG-005,2026-03-02T06:30:00Z,220.600,71.954,53.846,ok,demo-generator,123
WG-005,2026-03-02T06:45:00Z,219.881,74.407,56.471,ok,demo-generator,124
WG-005,2026-03-02T07:00:00Z,219.369,76.089,57.122,ok,demo-generator,125
WG-005,2026-03-02T07:15:00Z,219.431,75.827,56.205,ok,demo-generator,126
WG-005,2026-03-02T07:30:00Z,219.346,78.635,58.134,ok,demo-generator,127
WG-005,2026-03-02T07:45:00Z,219.198,78.426,57.028,ok,demo-generator,128
WG-005,2026-03-02T08:00:00Z,218.405,81.172,58.859,ok,demo-generator,129
WG-005,2026-03-02T08:15:00Z,218.839,79.803,58.225,ok,demo-generator,130
WG-005,2026-03-02T08:30:00Z,218.051,82.028,58.555,ok,demo-generator,131
WG-005,2026-03-02T08:45:00Z,218.307,82.463,59.338,ok,demo-generator,132
WG-005,2026-03-02T09:00:00Z,217.628,83.392,60.719,ok,demo-generator,133
WG-005,2026-03-02T09:15:00Z,217.252,85.186,60.773,ok,demo-generator,134
WG-005,2026-03-02T09:30:00Z,217.268,85.509,60.269,ok,demo-generator,135
WG-005,2026-03-02T09:45:00Z,216.640,87.070,60.840,ok,demo-generator,136
WG-005,2026-03-02T10:00:00Z,217.078,84.311,59.958,ok,demo-generator,137
WG-005,2026-03-02T10:15:00Z,216.884,85.788,60.446,ok,demo-generator,138
WG-005,2026-03-02T10:30:00Z,216.509,87.407,61.105,ok,demo-generator,139
WG-005,2026-03-02T10:45:00Z,216.212,87.439,61.032,ok,demo-generator,140
WG-005,2026-03-02T11:00:00Z,216.322,87.499,61.077,ok,demo-generator,141
WG-005,2026-03-02T11:15:00Z,215.992,85.862,60.319,ok,demo-generator,142
WG-005,2026-03-02T11:30:00Z,216.496,83.925,59.002,ok,demo-generator,143
WG-005,2026-03-02T11:45:00Z,216.098,84.088,59.331,ok,demo-generator,144
WG-005,2026-03-02T12:00:00Z,215.913,85.431,58.197,ok,demo-generator,145
WG-005,2026-03-02T12:15:00Z,216.261,82.282,57.436,ok,demo-generator,146
WG-005,2026-03-02T12:30:00Z,216.418,83.416,57.521,ok,demo-generator,147
WG-005,2026-03-02T12:45:00Z,215.856,82.818,57.378,ok,demo-generator,148
WG-005,2026-03-02T13:00:00Z,216.133,81.286,55.469,ok,demo-generator,149
WG-005,2026-03-02T13:15:00Z,216.320,78.987,54.571,ok,demo-generator,150
WG-005,2026-03-02T13:30:00Z,216.808,76.961,53.066,ok,demo-generator,151
WG-005,2026-03-02T13:45:00Z,216.718,75.475,51.886,ok,demo-generator,152
WG-005,2026-03-02T14:00:00Z,217.177,74.483,51.334,ok,demo-generator,153
WG-005,2026-03-02T14:15:00Z,217.029,75.103,52.348,ok,demo-generator,154
WG-005,2026-03-02T14:30:00Z,217.862,70.574,49.636,ok,demo-generator,155
WG-005,2026-03-02T14:45:00Z,217.895,69.814,49.452,ok,demo-generator,156
WG-005,2026-03-02T15:00:00Z,218.155,68.130,47.555,ok,demo-generator,157
WG-005,2026-03-02T15:15:00Z,217.938,67.820,47.264,ok,demo-generator,158
WG-005,2026-03-02T15:30:00Z,217.991,65.048,47.197,ok,demo-generator,159
WG-005,2026-03-02T15:45:00Z,217.923,66.530,46.966,ok,demo-generator,160
WG-005,2026-03-02T16:00:00Z,218.752,63.555,44.813,ok,demo-generator,161
WG-005,2026-03-02T16:15:00Z,218.283,62.702,44.776,ok,demo-generator,162
WG-005,2026-03-02T16:30:00Z,219.090,61.193,42.046,ok,demo-generator,163
WG-005,2026-03-02T16:45:00Z,219.028,61.494,42.652,ok,demo-generator,164
WG-005,2026-03-02T17:00:00Z,219.149,58.497,40.940,ok,demo-generator,165
WG-005,2026-03-02T17:15:00Z,219.264,58.452,42.075,ok,demo-generator,166
WG-005,2026-03-02T17:30:00Z,219.440,58.788,40.903,ok,demo-generator,167
WG-005,2026-03-02T17:45:00Z,219.392,56.926,39.074,ok,demo-generator,168
WG-005,2026-03-02T18:00:00Z,219.992,56.635,39.151,ok,demo-generator,169
WG-005,2026-03-02T18:15:00Z,219.226,58.989,38.659,ok,demo-generator,170
WG-005,2026-03-02T18:30:00Z,219.895,55.981,39.372,ok,demo-generator,171
WG-005,2026-03-02T18:45:00Z,219.917,57.539,39.517,ok,demo-generator,172
WG-005,2026-03-02T19:00:00Z,219.466,58.843,39.794,ok,demo-generator,173
WG-005,2026-03-02T19:15:00Z,220.017,57.620,38.311,ok,demo-generator,174
WG-005,2026-03-02T19:30:00Z,219.988,56.341,38.630,ok,demo-generator,175
WG-005,2026-03-02T19:45:00Z,219.946,59.028,38.038,ok,demo-generator,176
WG-005,2026-03-02T20:00:00Z,219.880,56.755,37.161,ok,demo-generator,177
WG-005,2026-03-02T20:15:00Z,220.296,57.498,36.976,ok,demo-generator,178
WG-005,2026-03-02T20:30:00Z,219.647,59.239,37.562,ok,demo-generator,179
WG-005,2026-03-02T20:45:00Z,219.599,60.474,37.750,ok,demo-generator,180
WG-005,2026-03-02T21:00:00Z,220.211,60.819,37.471,ok,demo-generator,181
WG-005,2026-03-02T21:15:00Z,219.878,60.333,39.174,ok,demo-generator,182
WG-005,2026-03-02T21:30:00Z,219.840,61.215,39.546,ok,demo-generator,183
WG-005,2026-03-02T21:45:00Z,219.580,63.174,39.468,ok,demo-generator,184
WG-005,2026-03-02T22:00:00Z,219.924,62.958,39.398,ok,demo-generator,185
WG-005,2026-03-02T22:15:00Z,220.063,61.736,38.945,ok,demo-generator,186
WG-005,2026-03-02T22:30:00Z,220.201,62.923,40.548,ok,demo-generator,187
WG-005,2026-03-02T22:45:00Z,220.301,62.258,38.869,ok,demo-generator,188
WG-005,2026-03-02T23:00:00Z,220.354,62.788,40.196,ok,demo-generator,189
WG-005,2026-03-02T23:15:00Z,220.138,65.056,40.190,ok,demo-generator,190
WG-005,2026-03-02T23:30:00Z,220.510,63.020,40.683,ok,demo-generator,191
WG-005,2026-03-02T23:45:00Z,220.746,65.284,42.416,ok,demo-generator,192
WG-006,2026-03-01T00:00:00Z,220.507,66.006,41.081,ok,demo-generator,1
WG-006,2026-03-01T00:15:00Z,220.531,65.880,41.718,ok,demo-generator,2
WG-006,2026-03-01T00:30:00Z,220.749,65.245,42.650,ok,demo-generator,3
WG-006,2026-03-01T00:45:00Z,221.403,64.488,41.827,ok,demo-generator,4
WG-006,2026-03-01T01:00:00Z,221.093,64.229,43.715,ok,demo-generator,5
WG-006,2026-03-01T01:15:00Z,220.661,66.533,43.143,ok,demo-generator,6
WG-006,2026-03-01T01:30:00Z,220.775,66.627,45.240,ok,demo-generator,7
WG-006,2026-03-01T01:45:00Z,221.274,64.712,44.704,ok,demo-generator,8
WG-006,2026-03-01T02:00:00Z,221.967,62.990,45.443,ok,demo-generator,9
WG-006,2026-03-01T02:15:00Z,221.114,65.908,46.620,ok,demo-generator,10
WG-006,2026-03-01T02:30:00Z,221.523,63.784,46.009,ok,demo-generator,11
WG-006,2026-03-01T02:45:00Z,222.002,64.740,45.720,ok,demo-generator,12
WG-006,2026-03-01T03:00:00Z,221.980,64.573,47.806,ok,demo-generator,13
WG-006,2026-03-01T03:15:00Z,222.157,63.000,45.715,ok,demo-generator,14
WG-006,2026-03-01T03:30:00Z,221.745,64.327,47.209,ok,demo-generator,15
WG-006,2026-03-01T03:45:00Z,221.849,66.371,49.002,ok,demo-generator,16
WG-006,2026-03-01T04:00:00Z,221.340,66.852,49.700,ok,demo-generator,17
WG-006,2026-03-01T04:15:00Z,221.309,65.638,49.100,ok,demo-generator,18
WG-006,2026-03-01T04:30:00Z,221.036,68.393,49.788,ok,demo-generator,19
WG-006,2026-03-01T04:45:00Z,221.412,67.292,50.372,ok,demo-generator,20
WG-006,2026-03-01T05:00:00Z,221.008,69.812,51.030,ok,demo-generator,21
WG-006,2026-03-01T05:15:00Z,220.927,67.952,51.513,ok,demo-generator,22
WG-006,2026-03-01T05:30:00Z,220.738,69.374,53.338,ok,demo-generator,23
WG-006,2026-03-01T05:45:00Z,220.100,72.513,52.973,ok,demo-generator,24
WG-006,2026-03-01T06:00:00Z,220.482,73.551,54.203,ok,demo-generator,25
WG-006,2026-03-01T06:15:00Z,220.491,71.902,54.432,ok,demo-generator,26
WG-006,2026-03-01T06:30:00Z,219.713,75.280,55.874,ok,demo-generator,27
WG-006,2026-03-01T06:45:00Z,218.946,77.941,56.419,ok,demo-generator,28
WG-006,2026-03-01T07:00:00Z,218.930,77.614,57.198,ok,demo-generator,29
WG-006,2026-03-01T07:15:00Z,219.158,79.322,58.415,ok,demo-generator,30
WG-006,2026-03-01T07:30:00Z,218.651,81.621,57.733,ok,demo-generator,31
WG-006,2026-03-01T07:45:00Z,218.594,79.956,58.659,ok,demo-generator,32
WG-006,2026-03-01T08:00:00Z,217.642,83.636,60.425,ok,demo-generator,33
WG-006,2026-03-01T08:15:00Z,217.506,84.654,59.905,ok,demo-generator,34
WG-006,2026-03-01T08:30:00Z,217.562,83.674,60.392,ok,demo-generator,35
WG-006,2026-03-01T08:45:00Z,216.796,87.461,62.061,ok,demo-generator,36
WG-006,2026-03-01T09:00:00Z,216.678,89.223,62.606,ok,demo-generator,37
WG-006,2026-03-01T09:15:00Z,216.056,89.902,61.900,ok,demo-generator,38
WG-006,2026-03-01T09:30:00Z,216.314,89.759,61.402,ok,demo-generator,39
WG-006,2026-03-01T09:45:00Z,216.145,90.586,62.081,ok,demo-generator,40
WG-006,2026-03-01T10:00:00Z,215.950,91.234,61.654,ok,demo-generator,41
WG-006,2026-03-01T10:15:00Z,216.307,89.487,62.392,ok,demo-generator,42
WG-006,2026-03-01T10:30:00Z,215.352,91.153,60.751,ok,demo-generator,43
WG-006,2026-03-01T10:45:00Z,215.222,92.212,62.422,ok,demo-generator,44
WG-006,2026-03-01T11:00:00Z,215.297,90.592,61.415,ok,demo-generator,45
WG-006,2026-03-01T11:15:00Z,215.190,91.288,60.834,ok,demo-generator,46
WG-006,2026-03-01T11:30:00Z,215.138,90.302,61.211,ok,demo-generator,47
WG-006,2026-03-01T11:45:00Z,215.316,89.275,59.101,ok,demo-generator,48
WG-006,2026-03-01T12:00:00Z,215.192,90.242,59.661,ok,demo-generator,49
WG-006,2026-03-01T12:15:00Z,215.520,87.358,57.752,ok,demo-generator,50
WG-006,2026-03-01T12:30:00Z,215.252,89.623,59.690,ok,demo-generator,51
WG-006,2026-03-01T12:45:00Z,215.402,88.535,57.813,ok,demo-generator,52
WG-006,2026-03-01T13:00:00Z,215.579,86.445,57.601,ok,demo-generator,53
WG-006,2026-03-01T13:15:00Z,215.332,86.784,57.131,ok,demo-generator,54
WG-006,2026-03-01T13:30:00Z,215.652,85.513,55.704,ok,demo-generator,55
WG-006,2026-03-01T13:45:00Z,215.290,83.542,55.178,ok,demo-generator,56
WG-006,2026-03-01T14:00:00Z,215.682,80.379,53.584,ok,demo-generator,57
WG-006,2026-03-01T14:15:00Z,215.835,79.960,53.736,ok,demo-generator,58
WG-006,2026-03-01T14:30:00Z,216.089,80.051,52.344,ok,demo-generator,59
WG-006,2026-03-01T14:45:00Z,216.217,78.180,51.132,ok,demo-generator,60
WG-006,2026-03-01T15:00:00Z,216.542,76.768,50.588,ok,demo-generator,61
WG-006,2026-03-01T15:15:00Z,216.571,75.990,50.177,ok,demo-generator,62
WG-006,2026-03-01T15:30:00Z,216.972,72.371,49.103,ok,demo-generator,63
WG-006,2026-03-01T15:45:00Z,217.418,71.718,47.495,ok,demo-generator,64
WG-006,2026-03-01T16:00:00Z,216.959,70.768,45.905,ok,demo-generator,65
WG-006,2026-03-01T16:15:00Z,217.301,71.662,47.122,ok,demo-generator,66
WG-006,2026-03-01T16:30:00Z,217.943,68.154,45.828,ok,demo-generator,67
WG-006,2026-03-01T16:45:00Z,217.559,68.546,44.576,ok,demo-generator,68
WG-006,2026-03-01T17:00:00Z,218.128,66.990,43.308,ok,demo-generator,69
WG-006,2026-03-01T17:15:00Z,218.172,66.901,43.815,ok,demo-generator,70
WG-006,2026-03-01T17:30:00Z,217.794,67.479,42.931,ok,demo-generator,71
WG-006,2026-03-01T17:45:00Z,217.772,66.602,42.149,ok,demo-generator,72
WG-006,2026-03-01T18:00:00Z,217.900,66.551,43.056,ok,demo-generator,73
WG-006,2026-03-01T18:15:00Z,218.460,65.172,41.527,ok,demo-generator,74
WG-006,2026-03-01T18:30:00Z,218.838,64.170,41.508,ok,demo-generator,75
WG-006,2026-03-01T18:45:00Z,218.313,66.643,40.586,ok,demo-generator,76
WG-006,2026-03-01T19:00:00Z,218.133,66.918,40.422,ok,demo-generator,77
WG-006,2026-03-01T19:15:00Z,218.328,66.143,39.842,ok,demo-generator,78
WG-006,2026-03-01T19:30:00Z,218.368,67.021,40.019,ok,demo-generator,79
WG-006,2026-03-01T19:45:00Z,219.200,65.051,39.996,ok,demo-generator,80
WG-006,2026-03-01T20:00:00Z,218.995,65.345,39.424,ok,demo-generator,81
WG-006,2026-03-01T20:15:00Z,218.916,66.442,40.734,ok,demo-generator,82
WG-006,2026-03-01T20:30:00Z,219.089,67.656,40.367,ok,demo-generator,83
WG-006,2026-03-01T20:45:00Z,219.154,65.258,38.991,ok,demo-generator,84
WG-006,2026-03-01T21:00:00Z,218.797,67.681,40.183,ok,demo-generator,85
WG-006,2026-03-01T21:15:00Z,218.719,68.062,41.238,ok,demo-generator,86
WG-006,2026-03-01T21:30:00Z,219.693,66.216,39.398,ok,demo-generator,87
WG-006,2026-03-01T21:45:00Z,219.273,68.374,40.810,ok,demo-generator,88
WG-006,2026-03-01T22:00:00Z,219.368,66.344,39.836,ok,demo-generator,89
WG-006,2026-03-01T22:15:00Z,219.491,67.192,41.692,ok,demo-generator,90
WG-006,2026-03-01T22:30:00Z,219.771,68.672,41.500,ok,demo-generator,91
WG-006,2026-03-01T22:45:00Z,219.686,68.721,40.807,ok,demo-generator,92
WG-006,2026-03-01T23:00:00Z,219.842,67.271,40.365,ok,demo-generator,93
WG-006,2026-03-01T23:15:00Z,219.900,67.494,42.731,ok,demo-generator,94
WG-006,2026-03-01T23:30:00Z,219.906,67.231,41.648,ok,demo-generator,95
WG-006,2026-03-01T23:45:00Z,220.623,65.199,42.404,ok,demo-generator,96
WG-006,2026-03-02T00:00:00Z,220.423,67.199,42.838,ok,demo-generator,97
WG-006,2026-03-02T00:15:00Z,220.510,66.912,43.480,ok,demo-generator,98
WG-006,2026-03-02T00:30:00Z,220.613,66.433,43.132,ok,demo-generator,99
WG-006,2026-03-02T00:45:00Z,221.140,64.587,42.545,ok,demo-generator,100
WG-006,2026-03-02T01:00:00Z,221.053,63.756,43.541,ok,demo-generator,101
WG-006,2026-03-02T01:15:00Z,221.116,66.122,44.795,ok,demo-generator,102
WG-006,2026-03-02T01:30:00Z,221.497,63.374,43.956,ok,demo-generator,103
WG-006,2026-03-02T01:45:00Z,221.887,63.039,42.915,ok,demo-generator,104
WG-006,2026-03-02T02:00:00Z,222.026,62.962,45.218,ok,demo-generator,105
WG-006,2026-03-02T02:15:00Z,221.922,64.338,45.064,ok,demo-generator,106
WG-006,2026-03-02T02:30:00Z,221.438,63.743,45.998,ok,demo-generator,107
WG-006,2026-03-02T02:45:00Z,221.778,63.879,46.555,ok,demo-generator,108
WG-006,2026-03-02T03:00:00Z,221.628,66.039,48.167,ok,demo-generator,109
WG-006,2026-03-02T03:15:00Z,221.801,63.662,47.744,ok,demo-generator,110
WG-006,2026-03-02T03:30:00Z,222.080,64.048,48.011,ok,demo-generator,111
WG-006,2026-03-02T03:45:00Z,221.974,65.339,47.567,ok,demo-generator,112
WG-006,2026-03-02T04:00:00Z,221.623,64.685,48.367,ok,demo-generator,113
WG-006,2026-03-02T04:15:00Z,221.698,64.844,49.022,ok,demo-generator,114
WG-006,2026-03-02T04:30:00Z,221.484,66.085,49.022,ok,demo-generator,115
WG-006,2026-03-02T04:45:00Z,221.502,65.861,49.477,ok,demo-generator,116
WG-006,2026-03-02T05:00:00Z,221.253,67.090,50.649,ok,demo-generator,117
WG-006,2026-03-02T05:15:00Z,221.520,67.745,52.707,ok,demo-generator,118
WG-006,2026-03-02T05:30:00Z,220.618,69.796,52.645,ok,demo-generator,119
WG-006,2026-03-02T05:45:00Z,220.212,72.945,54.503,ok,demo-generator,120
WG-006,2026-03-02T06:00:00Z,220.571,73.287,54.509,ok,demo-generator,121
WG-006,2026-03-02T06:15:00Z,220.343,71.962,54.316,ok,demo-generator,122
WG-006,2026-03-02T06:30:00Z,220.095,73.885,55.752,ok,demo-generator,123
WG-006,2026-03-02T06:45:00Z,219.381,76.993,56.243,ok,demo-generator,124
WG-006,2026-03-02T07:00:00Z,219.435,76.823,56.466,ok,demo-generator,125
WG-006,2026-03-02T07:15:00Z,219.137,77.906,57.443,ok,demo-generator,126
WG-006,2026-03-02T07:30:00Z,218.719,80.954,58.601,ok,demo-generator,127
WG-006,2026-03-02T07:45:00Z,218.664,80.841,59.546,ok,demo-generator,128
WG-006,2026-03-02T08:00:00Z,218.009,82.849,60.036,ok,demo-generator,129
WG-006,2026-03-02T08:15:00Z,217.828,84.862,60.876,ok,demo-generator,130
WG-006,2026-03-02T08:30:00Z,217.169,85.814,61.324,ok,demo-generator,131
WG-006,2026-03-02T08:45:00Z,217.184,86.362,61.229,ok,demo-generator,132
WG-006,2026-03-02T09:00:00Z,217.068,86.602,61.011,ok,demo-generator,133
WG-006,2026-03-02T09:15:00Z,216.423,88.285,60.338,ok,demo-generator,134
WG-006,2026-03-02T09:30:00Z,216.906,87.755,62.131,ok,demo-generator,135
WG-006,2026-03-02T09:45:00Z,216.335,89.490,61.989,ok,demo-generator,136
WG-006,2026-03-02T10:00:00Z,215.899,89.855,61.598,ok,demo-generator,137
WG-006,2026-03-02T10:15:00Z,215.178,92.431,62.708,ok,demo-generator,138
WG-006,2026-03-02T10:30:00Z,215.889,89.968,60.432,ok,demo-generator,139
WG-006,2026-03-02T10:45:00Z,215.469,91.000,61.955,ok,demo-generator,140
WG-006,2026-03-02T11:00:00Z,215.102,91.542,61.009,ok,demo-generator,141
WG-006,2026-03-02T11:15:00Z,214.864,91.985,60.275,ok,demo-generator,142
WG-006,2026-03-02T11:30:00Z,215.544,89.699,60.919,ok,demo-generator,143
WG-006,2026-03-02T11:45:00Z,215.008,91.404,61.166,ok,demo-generator,144
WG-006,2026-03-02T12:00:00Z,215.388,88.653,58.695,ok,demo-generator,145
WG-006,2026-03-02T12:15:00Z,215.341,88.462,58.277,ok,demo-generator,146
WG-006,2026-03-02T12:30:00Z,215.391,87.575,57.926,ok,demo-generator,147
WG-006,2026-03-02T12:45:00Z,215.593,85.960,58.351,ok,demo-generator,148
WG-006,2026-03-02T13:00:00Z,215.593,85.058,57.693,ok,demo-generator,149
WG-006,2026-03-02T13:15:00Z,215.335,86.185,56.112,ok,demo-generator,150
WG-006,2026-03-02T13:30:00Z,215.565,83.780,54.959,ok,demo-generator,151
WG-006,2026-03-02T13:45:00Z,215.857,82.979,55.444,ok,demo-generator,152
WG-006,2026-03-02T14:00:00Z,215.995,82.274,54.402,ok,demo-generator,153
WG-006,2026-03-02T14:15:00Z,216.347,79.886,54.132,ok,demo-generator,154
WG-006,2026-03-02T14:30:00Z,215.922,79.218,53.159,ok,demo-generator,155
WG-006,2026-03-02T14:45:00Z,216.685,76.834,50.911,ok,demo-generator,156
WG-006,2026-03-02T15:00:00Z,216.379,76.984,50.894,ok,demo-generator,157
WG-006,2026-03-02T15:15:00Z,216.518,76.687,50.231,ok,demo-generator,158
WG-006,2026-03-02T15:30:00Z,216.489,75.743,49.509,ok,demo-generator,159
WG-006,2026-03-02T15:45:00Z,216.866,74.509,49.287,ok,demo-generator,160
WG-006,2026-03-02T16:00:00Z,217.447,70.167,46.385,ok,demo-generator,161
WG-006,2026-03-02T16:15:00Z,217.219,70.923,45.598,ok,demo-generator,162
WG-006,2026-03-02T16:30:00Z,217.303,71.597,46.645,ok,demo-generator,163
WG-006,2026-03-02T16:45:00Z,217.485,68.681,44.919,ok,demo-generator,164
WG-006,2026-03-02T17:00:00Z,217.876,67.090,43.268,ok,demo-generator,165
WG-006,2026-03-02T17:15:00Z,217.726,68.556,43.357,ok,demo-generator,166
WG-006,2026-03-02T17:30:00Z,217.748,66.613,42.288,ok,demo-generator,167
WG-006,2026-03-02T17:45:00Z,218.466,66.203,43.264,ok,demo-generator,168
WG-006,2026-03-02T18:00:00Z,217.977,66.093,42.795,ok,demo-generator,169
WG-006,2026-03-02T18:15:00Z,218.426,64.715,41.052,ok,demo-generator,170
WG-006,2026-03-02T18:30:00Z,218.743,64.344,41.099,ok,demo-generator,171
WG-006,2026-03-02T18:45:00Z,218.240,67.451,41.284,ok,demo-generator,172
WG-006,2026-03-02T19:00:00Z,218.459,66.166,41.023,ok,demo-generator,173
WG-006,2026-03-02T19:15:00Z,218.985,64.271,41.132,ok,demo-generator,174
WG-006,2026-03-02T19:30:00Z,218.241,67.167,41.263,ok,demo-generator,175
WG-006,2026-03-02T19:45:00Z,219.149,64.593,39.286,ok,demo-generator,176
WG-006,2026-03-02T20:00:00Z,218.786,65.941,39.529,ok,demo-generator,177
WG-006,2026-03-02T20:15:00Z,219.342,64.785,39.800,ok,demo-generator,178
WG-006,2026-03-02T20:30:00Z,218.569,67.982,41.714,ok,demo-generator,179
WG-006,2026-03-02T20:45:00Z,218.611,67.015,39.528,ok,demo-generator,180
WG-006,2026-03-02T21:00:00Z,218.852,67.951,40.308,ok,demo-generator,181
WG-006,2026-03-02T21:15:00Z,219.480,65.287,40.645,ok,demo-generator,182
WG-006,2026-03-02T21:30:00Z,218.902,68.092,40.286,ok,demo-generator,183
WG-006,2026-03-02T21:45:00Z,219.097,67.156,41.436,ok,demo-generator,184
WG-006,2026-03-02T22:00:00Z,219.696,66.268,40.204,ok,demo-generator,185
WG-006,2026-03-02T22:15:00Z,219.257,67.485,40.667,ok,demo-generator,186
WG-006,2026-03-02T22:30:00Z,219.518,68.294,40.866,ok,demo-generator,187
WG-006,2026-03-02T22:45:00Z,219.271,68.661,42.008,ok,demo-generator,188
WG-006,2026-03-02T23:00:00Z,220.156,67.798,40.599,ok,demo-generator,189
WG-006,2026-03-02T23:15:00Z,219.783,67.169,41.504,ok,demo-generator,190
WG-006,2026-03-02T23:30:00Z,220.167,68.295,42.642,ok,demo-generator,191
WG-006,2026-03-02T23:45:00Z,220.174,67.313,41.652,ok,demo-generator,192
